{
   "book": "1 Corinthians",
   "chapter-count": "16",
   "chapters": [
      {
         "chapter": 1,
         "verses": [
            {
               "verse": 1,
               "text": "Paul called to be an Apostle of Iesus Christ, through the will of God, and Sosthenes our brother,"
            },
            {
               "verse": 2,
               "text": "Unto the Church of God which is at Corinth, to them that are sanctified in Christ Iesus, called to be Saints, with all that in euery place call vpon the Name of Iesus Christ our Lord, both theirs and ours."
            },
            {
               "verse": 3,
               "text": "Grace be vnto you, and peace from God our Father, and from the Lord Iesus Christ."
            },
            {
               "verse": 4,
               "text": "I thanke my God alwayes on your behalfe, for the grace of God which is giuen you by Iesus Christ,"
            },
            {
               "verse": 5,
               "text": "That in euery thing yee are enriched by him, in all vtterance, and in all knowledge:"
            },
            {
               "verse": 6,
               "text": "Euen as the Testimony of Christ was confirmed in you."
            },
            {
               "verse": 7,
               "text": "So that yee come behinde in no gift; wayting for the comming of our Lord Iesus Christ,"
            },
            {
               "verse": 8,
               "text": "Who shall also confirme you vnto the end, that yee may be blamelesse in the day of our Lord Iesus Christ."
            },
            {
               "verse": 9,
               "text": "God is faithful by whom ye were called vnto the felowship of his Sonne Iesus Christ our Lord."
            },
            {
               "verse": 10,
               "text": "Now I beseech you brethren by the Name of our Lord Iesus Christ, that yee all speake the same thing, and that there be no diuisions among you: but that ye be perfectly ioyned together in the same minde, and in the same iudgement."
            },
            {
               "verse": 11,
               "text": "For it hath bene declared vnto me of you, my brethren, by them which are of the house of Cloe, that there are contentions among you."
            },
            {
               "verse": 12,
               "text": "Now this I say, that euery one of you saith, I am of Paul, and I of Apollo, and I of Cephas, and I of Christ."
            },
            {
               "verse": 13,
               "text": "Is Christ diuided? was Paul crucified for you? or were yee baptized in the name of Paul?"
            },
            {
               "verse": 14,
               "text": "I thanke God that I baptized none of you, but Crispus and Gaius:"
            },
            {
               "verse": 15,
               "text": "Lest any should say, that I had baptized in mine owne name."
            },
            {
               "verse": 16,
               "text": "And I baptized also the household of Stephanas: besides, I know not whether I baptized any other."
            },
            {
               "verse": 17,
               "text": "For Christ sent me not to baptize, but to preach the Gospel: not with wisedome of words, lest the Crosse of Christ should be made of none effect."
            },
            {
               "verse": 18,
               "text": "For the preaching of the Crosse is to them that perish, foolishnesse: but vnto vs which are saued, it is the power of God."
            },
            {
               "verse": 19,
               "text": "For it is written, I will destroy the wisedome of the wise, and wil bring to nothing the vnderstanding of the prudent."
            },
            {
               "verse": 20,
               "text": "Where is the wise? where is the Scribe? where is the disputer of this world? Hath not God made foolish the wisedome of this world?"
            },
            {
               "verse": 21,
               "text": "For after that, in the wisedom of God, the world by wisedome knew not God, it pleased God by the foolishnesse of preaching, to saue them that beleeue."
            },
            {
               "verse": 22,
               "text": "For the Iewes require a signe, and the Greekes seeke after wisedome."
            },
            {
               "verse": 23,
               "text": "But wee preach Christ crucified, vnto the Iewes a stumbling block, and vnto the Greekes, foolishnesse:"
            },
            {
               "verse": 24,
               "text": "But vnto them which are called, both Iewes and Greekes, Christ, the power of God, & the wisedome of God."
            },
            {
               "verse": 25,
               "text": "Because the foolishnesse of God is wiser then men: and the weakenesse of God is stronger then men."
            },
            {
               "verse": 26,
               "text": "For ye see your calling, brethren, how that not many wise men after the flesh, not many mighty, not many noble are called."
            },
            {
               "verse": 27,
               "text": "But God hath chosen the foolish things of the world, to confound the wise: and God hath chosen the weake things of the world, to confound the things which are mighty:"
            },
            {
               "verse": 28,
               "text": "And base things of the world, and things which are despised, hath God chosen, yea and things which are not, to bring to nought things that are,"
            },
            {
               "verse": 29,
               "text": "That no flesh should glory in his presence."
            },
            {
               "verse": 30,
               "text": "But of him are ye in Christ Iesus, who of God is made vnto vs wisedome, and righteousnesse, and sanctification, and redemption:"
            },
            {
               "verse": 31,
               "text": "That according as it is written, He that glorieth, let him glory in the Lord."
            }
         ]
      },
      {
         "chapter": 2,
         "verses": [
            {
               "verse": 1,
               "text": "And I, brethren, when I came to you, came not with excellencie of speech, or of wisedome, declaring vnto you the testimony of God."
            },
            {
               "verse": 2,
               "text": "For I determined not to know any thing am&#333;g you, saue Iesus Christ, and him crucified."
            },
            {
               "verse": 3,
               "text": "And I was with you in weakenesse, and in feare, and in much trembling."
            },
            {
               "verse": 4,
               "text": "And my speech, and my preaching was not with entising words of mans wisedome, but in demonstration of the Spirit, and of power:"
            },
            {
               "verse": 5,
               "text": "That your faith should not stand in the wisdome of men, but in the power of God."
            },
            {
               "verse": 6,
               "text": "Howbeit wee speake wisedome among them that are perfect: yet not the wisedome of this worlde, nor of the Princes of this worlde, that come to nought:"
            },
            {
               "verse": 7,
               "text": "But wee speake the wisedome of God in a mysterie, euen the hidden wisedome which God ordeined before the world, vnto our glory."
            },
            {
               "verse": 8,
               "text": "Which none of the princes of this world knewe: for had they knowen it, they would not haue crucified the Lord of glory."
            },
            {
               "verse": 9,
               "text": "But as it is written, Eye hath not seene, nor eare heard, neither haue entred into the heart of man, the things which God hath prepared for them that loue him."
            },
            {
               "verse": 10,
               "text": "But God hath reueiled them vnto vs by his Spirit: for the Spirit searcheth all things, yea, the deepe things of God."
            },
            {
               "verse": 11,
               "text": "For what man knoweth the things of a man, saue the spirit of man which is in him? Euen so the things of God knoweth no man, but the Spirit of God."
            },
            {
               "verse": 12,
               "text": "Now wee haue receiued, not the spirit of the world, but the Spirit which is of God, that wee might know the things that are freely giuen to vs of God."
            },
            {
               "verse": 13,
               "text": "Which things also we speake, not in the words which mans wisedome teacheth, but which the holy Ghost teacheth, comparing spiritual things with spirituall."
            },
            {
               "verse": 14,
               "text": "But the naturall man receiueth not the things of the Spirit of God, for they are foolishnesse vnto him: neither can he know them, because they are spiritually discerned."
            },
            {
               "verse": 15,
               "text": "But he that is spirituall, iudgeth all things, yet he himselfe is iudged of no man."
            },
            {
               "verse": 16,
               "text": "For who hath knowen the mind of the Lord that he may instruct him? But we haue the mind of Christ."
            }
         ]
      },
      {
         "chapter": 3,
         "verses": [
            {
               "verse": 1,
               "text": "And I, brethren, could not speake vnto you as vnto spirituall, but as vnto carnall, euen as vnto babes in Christ."
            },
            {
               "verse": 2,
               "text": "I haue fed you with milke, and not with meate: for hitherto yee were not able to beare it, neither yet now are ye able."
            },
            {
               "verse": 3,
               "text": "For ye are yet carnall: for whereas there is among you enuying, and strife, and diuisions, are ye not carnall, and walke as men?"
            },
            {
               "verse": 4,
               "text": "For while one saieth, I am of Paul, and another, I am of Apollo, are ye not carnall?"
            },
            {
               "verse": 5,
               "text": "Who then is Paul? and who is Apollo? but ministers by whom ye beleeued, euen as the Lord gaue to euery man."
            },
            {
               "verse": 6,
               "text": "I haue planted, Apollo watered: but God gaue the encrease."
            },
            {
               "verse": 7,
               "text": "So then, neither is he that planteth any thing, neither hee that watereth: but God that giueth the increase."
            },
            {
               "verse": 8,
               "text": "Now hee that planteth, and hee that watereth, are one: and euery man shal receiue his own reward according to his owne labour."
            },
            {
               "verse": 9,
               "text": "For wee are labourers together with God, ye are Gods husbandry, yee are Gods building."
            },
            {
               "verse": 10,
               "text": "According to the grace of God which is giuen vnto mee, as a wise master builder I haue laid the foundation, and another buildeth thereon. But let euery man take heede how hee buildeth thereupon."
            },
            {
               "verse": 11,
               "text": "For other foundation can no man lay, then that is laide, which is Iesus Christ."
            },
            {
               "verse": 12,
               "text": "Now if any man build vpon this foundation, gold, siluer, preciousstones, wood, hay, stubble:"
            },
            {
               "verse": 13,
               "text": "Euery mans worke shall be made manifest. For the day shall declare it, because it shall bee reuealed by fire, and the fire shall trie euery mans worke of what sort it is."
            },
            {
               "verse": 14,
               "text": "If any mans worke abide which he hath built thereupon, he shal receiue a reward."
            },
            {
               "verse": 15,
               "text": "If any mans worke shall bee burnt, he shall suffer losse: but he himselfe shall be saued: yet so, as by fire."
            },
            {
               "verse": 16,
               "text": "Knowe yee not that yee are the Temple of God, and that the Spirit of God dwelleth in you?"
            },
            {
               "verse": 17,
               "text": "If any man defile the Temple of God, him shall God destroy: for the Temple of God is holy, which Temple ye are."
            },
            {
               "verse": 18,
               "text": "Let no man deceiue himselfe: If any man among you seemeth to bee wise in this world, let him become a foole, that he may be wise."
            },
            {
               "verse": 19,
               "text": "For the wisedome of this world is foolishnesse with God: for it is written, Hee taketh the wise in their owne craftinesse."
            },
            {
               "verse": 20,
               "text": "And againe, The Lord knoweth the thoughts of the wise, that they are vaine."
            },
            {
               "verse": 21,
               "text": "Therefore let no man glory in men, for all things are yours."
            },
            {
               "verse": 22,
               "text": "Whether Paul, or Apollo, or Cephas, or the world, or life, or death, or things present, or things to come, all are yours."
            },
            {
               "verse": 23,
               "text": "And yee are Christs, and Christ is Gods."
            }
         ]
      },
      {
         "chapter": 4,
         "verses": [
            {
               "verse": 1,
               "text": "Let a man so account of vs, as of the ministers of Christ, and stewards of the mysteries of God."
            },
            {
               "verse": 2,
               "text": "Moreouer, it is required in stewards, that a man be found faithfull."
            },
            {
               "verse": 3,
               "text": "But with mee it is a very small thing that I should bee iudged of you, or of mans iudgement: yea, I iudge not mine owne selfe."
            },
            {
               "verse": 4,
               "text": "For I know nothing by my selfe, yet am I not hereby iustified: but hee that iudgeth me is the Lord."
            },
            {
               "verse": 5,
               "text": "Therefore iudge nothing before the time, vntill the Lord come, who both will bring to light the hidden things of darkenesse, and will make manifest the counsels of the hearts: and then shall euery man haue prayse of God."
            },
            {
               "verse": 6,
               "text": "And these things, brethren, I haue in a figure transferred to my selfe, and to Apollo, for your sakes: that ye might learne in vs not to thinke of men, aboue that which is written, that no one of you bee puffed vp for one against another."
            },
            {
               "verse": 7,
               "text": "For who maketh thee to differ from another? And what hast thou that thou didst not receiue? Now if thou didst receiue it, why doest thou glory as if thou hadst not receiued it?"
            },
            {
               "verse": 8,
               "text": "Now ye are full, now ye are rich, ye haue reigned as kings without vs, and I would to God ye did reigne, that we also might reigne with you."
            },
            {
               "verse": 9,
               "text": "For I thinke that God hath set forth vs the Apostles last, as it were approued to death. For wee are made a spectacle vnto the world, and to Angels, and to men."
            },
            {
               "verse": 10,
               "text": "We are fooles for Christs sake, but ye are wise in Christ. We are weake, but ye are strong: yee are honourable, but we are despised."
            },
            {
               "verse": 11,
               "text": "Euen vnto this present houre we both hunger and thirst, and are naked, and are buffeted, and haue no certaine dwelling place,"
            },
            {
               "verse": 12,
               "text": "And labour, working with our owne hands: being reuiled, wee blesse: being persecuted, we suffer it:"
            },
            {
               "verse": 13,
               "text": "Being defamed, we intreate: we are made as the filth of the world, and are the off-scouring of all things vnto this day."
            },
            {
               "verse": 14,
               "text": "I write not these things to shame you, but as my beloued sonnes I warne you."
            },
            {
               "verse": 15,
               "text": "For though you haue ten thousand instructors in Christ, yet haue yee not many fathers: For in Christ Iesus I haue begotten you through the Gospel."
            },
            {
               "verse": 16,
               "text": "Wherefore I beseech you, be yee followers of me."
            },
            {
               "verse": 17,
               "text": "For this cause haue I sent vnto you Timotheus, who is my beloued sonne, and faithfull in the Lord, who shal bring you into remembrance of my wayes which be in Christ, as I teach euery where in euery Church."
            },
            {
               "verse": 18,
               "text": "Nowe some are puffed vp as though I would not come to you."
            },
            {
               "verse": 19,
               "text": "But I wil come to you shortly, if the Lord will, and will knowe, not the speach of them which are puffed vp, but the power."
            },
            {
               "verse": 20,
               "text": "For the kingdome of God is not in word, but in power."
            },
            {
               "verse": 21,
               "text": "What will ye? Shall I come vnto you with a rod, or in loue, and in the spirit of meekenesse?"
            }
         ]
      },
      {
         "chapter": 5,
         "verses": [
            {
               "verse": 1,
               "text": "It is reported commonly, that there is fornication among you, and such fornication, as is not so much as named amongst the Gentiles, that one should haue his fathers wife."
            },
            {
               "verse": 2,
               "text": "And yee are puffed vp, and haue not rather mourned, that he that hath done this deed, might bee taken away from among you."
            },
            {
               "verse": 3,
               "text": "For I verily as absent in body, but present in spirit, haue iudged alreadie, as though I were present, concerning him that hath so done this deed,"
            },
            {
               "verse": 4,
               "text": "In the Name of our Lord Iesus Christ, when yee are gathered together, and my spirit, with the power of our Lord Iesus Christ,"
            },
            {
               "verse": 5,
               "text": "To deliuer such a one vnto Satan for the destruction of the flesh, that the spirit may be saued in the day of the Lord Iesus."
            },
            {
               "verse": 6,
               "text": "Your glorying is not good: know ye not that a little leauen leaueneth the whole lumpe?"
            },
            {
               "verse": 7,
               "text": "Purge out therefore the olde leauen, that ye may be a new lumpe, as ye are vnleauened. For euen Christ our Passeouer is sacrificed for vs."
            },
            {
               "verse": 8,
               "text": "Therefore let vs keepe the Feast, not with old leauen, neither with the leauen of malice and wickednesse: but with the vnleauened bread of sinceritie and trueth."
            },
            {
               "verse": 9,
               "text": "I wrote vnto you in an Epistle, not to company with fornicators."
            },
            {
               "verse": 10,
               "text": "Yet not altogether with the fornicatours of this world, or with the couetous, or extortioners, or with idolaters; for then must yee needs goe out of the world."
            },
            {
               "verse": 11,
               "text": "But now I haue written vnto you, not to keepe company, if any man that is called a brother bee a fornicator, or couetous, or an idolater, or a railer, or a drunkard, or an extortioner: with such a one, no, not to eate."
            },
            {
               "verse": 12,
               "text": "For what haue I to doe to iudge them also that are without? doe not ye iudge them that are within?"
            },
            {
               "verse": 13,
               "text": "But them that are without, God iudgeth. Therefore put away from among your selues that wicked person."
            }
         ]
      },
      {
         "chapter": 6,
         "verses": [
            {
               "verse": 1,
               "text": "Dare any of you, hauing a matter against another, goe to law before the vniust, and not before the Saints?"
            },
            {
               "verse": 2,
               "text": "Do ye not know that the Saints shall iudge the world? And if the world shalbe iudged by you, are ye vnworthy to iudge the smallest matters?"
            },
            {
               "verse": 3,
               "text": "Know ye not that we shall iudge Angels? How much more things that perteine to this life?"
            },
            {
               "verse": 4,
               "text": "If then yee haue iudgements of things perteining to this life, set them to iudge who are least esteemed in the Church."
            },
            {
               "verse": 5,
               "text": "I speake to your shame. Is it so, that there is not a wise man amongst you? no not one that shall bee able to iudge betweene his brethren?"
            },
            {
               "verse": 6,
               "text": "But brother goeth to law with brother, & that before the vnbeleeuers?"
            },
            {
               "verse": 7,
               "text": "Now therefore, there is vtterly a fault among you, because yee goe to law one with another: Why doe ye not rather take wrong? Why doe yee not rather suffer your selues to be defrauded?"
            },
            {
               "verse": 8,
               "text": "Nay, you do wrong and defraud, and that your brethren."
            },
            {
               "verse": 9,
               "text": "Know yee not that the vnrighteous shall not inherite the kingdome of God? Be not deceiued: neither fornicatours, nor idolaters, nor adulterers, nor effeminate, nor abusers of themselues with mankinde,"
            },
            {
               "verse": 10,
               "text": "Nor theeues, nor couetous, nor drunkards, nor reuilers, nor extortioners, shall inherit the kingdom of God."
            },
            {
               "verse": 11,
               "text": "And such were some of you: but ye are washed, but ye are sanctified, but ye are iustified in the Name of the Lord Iesus, and by the Spirit of our God."
            },
            {
               "verse": 12,
               "text": "All things are lawfull vnto mee, but all things are not expedient: all things are lawfull for mee, but I will not bee brought vnder the power of any."
            },
            {
               "verse": 13,
               "text": "Meats for the belly, and the belly for meates: but God shall destroy both it and them. Now the body is not for fornication, but for the Lord: and the Lord for the body."
            },
            {
               "verse": 14,
               "text": "And God hath both raised vp the Lord, and will also raise vp vs by his owne power."
            },
            {
               "verse": 15,
               "text": "Know yee not that your bodies are the members of Christ? Shall I then take the members of Christ, and make them the members of an harlot? God forbid."
            },
            {
               "verse": 16,
               "text": "What, know ye not that he which is ioyned to an harlot, is one body? for two (saith he) shalbe one flesh."
            },
            {
               "verse": 17,
               "text": "But hee that is ioyned vnto the Lord, is one spirit."
            },
            {
               "verse": 18,
               "text": "Flee fornication: Euery sinne that a man doeth, is without the body: but he that committeth fornication, sinneth against his owne body."
            },
            {
               "verse": 19,
               "text": "What, know ye not that your body is the Temple of the holy Ghost which is in you, which yee haue of God, and ye are not your owne?"
            },
            {
               "verse": 20,
               "text": "For yee are bought with a price: therefore glorifie God in your body, and in your spirit, which are Gods."
            }
         ]
      },
      {
         "chapter": 7,
         "verses": [
            {
               "verse": 1,
               "text": "Now c&#333;cerning the things wherof ye wrote vnto me, It is good for a man not to touch a woman."
            },
            {
               "verse": 2,
               "text": "Neuerthelesse, to auoid fornication, let euery man haue his owne wife, and let euery woman haue her owne husband."
            },
            {
               "verse": 3,
               "text": "Let the husband render vnto the wife due beneuolence: and likewise also the wife vnto the husband."
            },
            {
               "verse": 4,
               "text": "The wife hath not power of her owne body, but the husband: and likewise also the husband hath not power of his owne body, but the wife."
            },
            {
               "verse": 5,
               "text": "Defraud you not one the other, except it bee with consent for a time, that yee may giue your selues to fasting and prayer, and come together againe, that Satan tempt you not for your incontinencie."
            },
            {
               "verse": 6,
               "text": "But I speake this by permission, and not of commandement."
            },
            {
               "verse": 7,
               "text": "For I would that all men were euen as I my selfe: but euery man hath his proper gift of God, one after this maner, and another after that."
            },
            {
               "verse": 8,
               "text": "I say therefore to the vnmaried and widowes, It is good for them if they abide euen as I."
            },
            {
               "verse": 9,
               "text": "But if they cannot conteine, let them marry: for it is better to marrie then to burne."
            },
            {
               "verse": 10,
               "text": "And vnto the married, I command, yet not I, but the Lord, Let not the wife depart from her husband:"
            },
            {
               "verse": 11,
               "text": "But and if shee depart, let her remaine vnmaried, or be reconciled to her husband: and let not the husband put away his wife."
            },
            {
               "verse": 12,
               "text": "But to the rest speake I, not the Lord, If any brother hath a wife that beleeueth not, and shee bee pleased to dwell with him, let him not put her away."
            },
            {
               "verse": 13,
               "text": "And the woman which hath an husband that beleeueth not, and if hee be pleased to dwell with her, let her not leaue him."
            },
            {
               "verse": 14,
               "text": "For the vnbeleeuing husband is sanctified by the wife, and the vnbeleeuing wife is sanctified by the husband; else were your children vncleane, but now are they holy."
            },
            {
               "verse": 15,
               "text": "But if the vnbeleeuing depart, let him depart. A brother or a sister is not vnder bondage in such cases: but God hath called vs to peace."
            },
            {
               "verse": 16,
               "text": "For what knowest thou, O wife, whether thou shalt saue thy husband? or how knowest thou, O man, whether thou shalt saue thy wife?"
            },
            {
               "verse": 17,
               "text": "But as God hath distributed to euery man, as the Lord hath called euery one, so let him walke, and so ordeine I in all Churches."
            },
            {
               "verse": 18,
               "text": "Is any man called being circumcised? let him not become vncircumcised: Is any called in vncircumcision? let him not be circumcised."
            },
            {
               "verse": 19,
               "text": "Circumcision is nothing, and vncircumcision is nothing, but the keeping of the Commandements of God."
            },
            {
               "verse": 20,
               "text": "Let euery man abide in the same calling wherein he was called."
            },
            {
               "verse": 21,
               "text": "Art thou called being a seruant? care not for it: but if thou maist be made free, vse it rather."
            },
            {
               "verse": 22,
               "text": "For he that is called in the Lord, being a seruant, is the Lords free man: likewise also hee that is called being free, is Christs seruant."
            },
            {
               "verse": 23,
               "text": "Ye are bought with a price, be not ye the seruants of men."
            },
            {
               "verse": 24,
               "text": "Brethren, let euery man wherin he is called, therein abide with God."
            },
            {
               "verse": 25,
               "text": "Nowe concerning virgins, I haue no commaundement of the Lord: yet I giue my iudgement as one that hath obtained mercy of the Lord to be faithfull."
            },
            {
               "verse": 26,
               "text": "I suppose therefore that this is good for the present distresse, I say, that it is good for a man so to be."
            },
            {
               "verse": 27,
               "text": "Art thou bound vnto a wife? seeke not to bee loosed. Art thou loosed from a wife? seeke not a wife."
            },
            {
               "verse": 28,
               "text": "But and if thou marry, thou hast not sinned, and if a virgin marry, shee hath not sinned: neuerthelesse, such shall haue trouble in the flesh: but I spare you."
            },
            {
               "verse": 29,
               "text": "But this I say, brethren, the time is short. It remaineth, that both they that haue wiues, be as though they had none:"
            },
            {
               "verse": 30,
               "text": "And they that weepe, as though they wept not: and they that reioyce, as though they reioyced not: and they that buy, as though they possessed not:"
            },
            {
               "verse": 31,
               "text": "And they that vse this world, as not abusing it: for the fashion of this world passeth away."
            },
            {
               "verse": 32,
               "text": "But I would haue you without carefulnesse. He that is vnmarried, careth for the things that bel&#333;geth to the Lord, how he may please the Lord:"
            },
            {
               "verse": 33,
               "text": "But hee that is maried, careth for the things that are of the world, how he may please his wife."
            },
            {
               "verse": 34,
               "text": "There is difference also between a wife and a virgin: the vnmaried woman careth for the things of the Lord, that shee may be holy, both in body and in spirit: but she that is married, careth for the things of the worlde, how shee may please her husband."
            },
            {
               "verse": 35,
               "text": "And this I speake for your owne profite, not that I may cast a snare vpon you, but for that which is comely, and that you may attend vpon the Lord without distraction."
            },
            {
               "verse": 36,
               "text": "But if any man thinke that he behaueth himselfe vncomely toward his virgin, if she passe the floure of her age, and neede so require, let him doe what hee will, hee sinneth not: let them marry."
            },
            {
               "verse": 37,
               "text": "Neuerthelesse, hee that standeth stedfast in his heart, hauing no necessitie, but hath power ouer his owne will, and hath so decreed in his heart that he will keepe his virgin, doeth well."
            },
            {
               "verse": 38,
               "text": "So then he that giueth her in mariage, doeth wel: but he that giueth her not in mariage, doeth better."
            },
            {
               "verse": 39,
               "text": "The wife is bound by the Lawe as long as her husband liueth: but if her husband bee dead, shee is at liberty to bee maried to whom shee will, onely in the Lord."
            },
            {
               "verse": 40,
               "text": "But shee is happier if shee sobide, after my iudgment: and I thinke also that I haue the Spirit of God."
            }
         ]
      },
      {
         "chapter": 8,
         "verses": [
            {
               "verse": 1,
               "text": "Now as touching things offered vnto idoles, wee know that wee all haue knowledge. Knowledge puffeth vp: but Charitie edifieth."
            },
            {
               "verse": 2,
               "text": "And if any man thinke that hee knoweth any thing, hee knoweth nothing yet as he ought to know."
            },
            {
               "verse": 3,
               "text": "But if any man loue God, the same is knowen of him."
            },
            {
               "verse": 4,
               "text": "As concerning therefore the eating of those things that are offered in sacrifice vnto idoles, wee know that an idole is nothing in the world, and that there is none other God but one."
            },
            {
               "verse": 5,
               "text": "For though there bee that are called gods, whether in heauen or in earth (as there be gods many, and lords many:)"
            },
            {
               "verse": 6,
               "text": "But to vs there is but one God, the Father, of whom are all things, and we in him, and one Lord Iesus Christ, by whom are all things, and we by him."
            },
            {
               "verse": 7,
               "text": "Howbeit there is not in euerie man that knowledge: for some with conscience of the idole vnto this houre, eate it as a thing offred vnto an idole, and their conscience being weake, is defiled."
            },
            {
               "verse": 8,
               "text": "But meate commendeth vs not to God: for neither if we eate, are we the better: neither if wee eate not, are we the worse."
            },
            {
               "verse": 9,
               "text": "But take heed lest by any meanes, this libertie of yours become a stumbling blocke to them that are weake."
            },
            {
               "verse": 10,
               "text": "For if any man see thee which hast knowledge, sit at meat in the idols temple: shall not the conscience of him which is weake, be emboldened to eat those things which are offered to idols?"
            },
            {
               "verse": 11,
               "text": "And through thy knowledge shal the weake brother perish, for whome Christ died?"
            },
            {
               "verse": 12,
               "text": "But when ye sinne so against the brethren, and wound their weake conscience, ye sinne against Christ."
            },
            {
               "verse": 13,
               "text": "Wherefore if meate make my brother to offend, I will eat no flesh while the world standeth, lest I make my brother to offend."
            }
         ]
      },
      {
         "chapter": 9,
         "verses": [
            {
               "verse": 1,
               "text": "Am I not an Apostle? am I not free? haue I not seene Iesus Christ our Lord? Are not you my worke in the Lord?"
            },
            {
               "verse": 2,
               "text": "If I bee not an Apostle vnto others, yet doubtlesse I am to you: for the seale of mine Apostleship are yee in the Lord."
            },
            {
               "verse": 3,
               "text": "Mine answere to them that doe examine me, is this:"
            },
            {
               "verse": 4,
               "text": "Haue wee not power to eate and to drinke?"
            },
            {
               "verse": 5,
               "text": "Haue we not power to lead about a sister a wife aswel as other Apostles, and as the brethren of the Lord, and Cephas?"
            },
            {
               "verse": 6,
               "text": "Or I onely and Barnabas, haue not we power to forbeare working?"
            },
            {
               "verse": 7,
               "text": "Who goeth a warfare any time at his owne charges? who planteth a vineyard, and eateth not of the fruite thereof? or who feedeth a flocke, and eateth not of the milke of the flocke?"
            },
            {
               "verse": 8,
               "text": "Say I these things as a man? or saith not the Law the same also?"
            },
            {
               "verse": 9,
               "text": "For it is written in the Law of Moyses, Thou shalt not muzzell the mouth of the oxe that treadeth out the corne: doth God take care for oxen?"
            },
            {
               "verse": 10,
               "text": "Or saith hee it altogether for our sakes? for our sakes, no doubt, this is written: that hee that ploweth, should plow in hope: and that hee that thresheth in hope, should bee partaker of his hope."
            },
            {
               "verse": 11,
               "text": "If we haue sowen vnto you spirituall things, is it a great thing if wee shall reape your carnall things?"
            },
            {
               "verse": 12,
               "text": "If others bee partakers of this power ouer you, are not we rather? Neuerthelesse, we haue not vsed this power: but suffer all things, lest wee should hinder the Gospel of Christ."
            },
            {
               "verse": 13,
               "text": "Do ye not know that they which minister about holy things, liue of the things of the Temple? and they which wait at the altar, are partakers with the altar?"
            },
            {
               "verse": 14,
               "text": "Euen so hath the Lord ordeined, that they which preach the Gospel, should liue of the Gospel."
            },
            {
               "verse": 15,
               "text": "But I haue vsed none of these things. Neither haue I written these things, that it should bee so done vnto me: for it were better for me to die, then that any man should make my glorying voyd."
            },
            {
               "verse": 16,
               "text": "For though I preach the Gospel, I haue nothing to glorie of: for necessitie is laid vpon mee, yea, woe is vnto me, if I preach not the Gospel."
            },
            {
               "verse": 17,
               "text": "For if I doe this thing willingly, I haue a reward: but if against my will, a dispensation of the Gospel is committed vnto me."
            },
            {
               "verse": 18,
               "text": "What is my reward then? verily that when I preach the Gospel, I may make the Gospel of Christ without charge, that I abuse not my power in the Gospel."
            },
            {
               "verse": 19,
               "text": "For though I bee free from all men, yet haue I made my selfe seruant vnto all, that I might gaine the more."
            },
            {
               "verse": 20,
               "text": "And vnto the Iewes, I became as a Iew, that I might gaine the Iewes: to them that are vnder the Law, as vnder the Law, that I might gaine them that are vnder the Law:"
            },
            {
               "verse": 21,
               "text": "To them that are without Law, as without Law (being not without Law to God, but vnder the Law to Christ,) that I might gaine them that are without Law."
            },
            {
               "verse": 22,
               "text": "To the weake became I as weake, that I might gaine the weake: I am made all things to all men, that I might by all meanes saue some."
            },
            {
               "verse": 23,
               "text": "And this I doe for the Gospels sake, that I might be partaker thereof with you."
            },
            {
               "verse": 24,
               "text": "Know yee not that they which runne in a race, runne all, but one receiueth the price? So runne, that yee may obtaine."
            },
            {
               "verse": 25,
               "text": "And euery man that striueth for the masterie, is temperate in all things: Now they doe it to obtaine a corruptible crowne, but we an incorruptible."
            },
            {
               "verse": 26,
               "text": "I therefore so runne, not as vncertainely: so fight I, not as one that beateth the ayre:"
            },
            {
               "verse": 27,
               "text": "But I keepe vnder my body, and bring it into subiection: lest that by any meanes when I haue preached to others, I my selfe should be a castaway."
            }
         ]
      },
      {
         "chapter": 10,
         "verses": [
            {
               "verse": 1,
               "text": "Moreouer brethren, I would not that yee should be ignorant, how that all our fathers were vnder the cloud, and all passed thorow the Sea:"
            },
            {
               "verse": 2,
               "text": "And were all baptized vnto Moyses in the cloud, and in the sea:"
            },
            {
               "verse": 3,
               "text": "And did all eat the same spirituall meat:"
            },
            {
               "verse": 4,
               "text": "And did all drinke the same spirituall drinke: (for they dranke of that spirituall Rocke that followed them: and that Rocke was Christ)"
            },
            {
               "verse": 5,
               "text": "But with many of them God was not well pleased: for they were ouerthrowen in the wildernesse."
            },
            {
               "verse": 6,
               "text": "Now these things were our examples, to the intent wee should not lust after euil things, as they also lusted."
            },
            {
               "verse": 7,
               "text": "Neither be ye idolaters, as were some of them, as it is written, The people sate downe to eate and drinke, and rose vp to play."
            },
            {
               "verse": 8,
               "text": "Neither let vs commit fornication, as some of them committed, and fell in one day three and twentie thousand."
            },
            {
               "verse": 9,
               "text": "Neither let vs tempt Christ, as some of them also tempted, and were destroyed of serpents."
            },
            {
               "verse": 10,
               "text": "Neither murmure ye, as some of them also murmured, and were destroyed of the destroyer."
            },
            {
               "verse": 11,
               "text": "Now all these things happened vnto them for ensamples: and they are written for our admonition, vpon whom the ends of the world are come."
            },
            {
               "verse": 12,
               "text": "Wherefore, let him that thinketh he standeth, take heed lest he fall."
            },
            {
               "verse": 13,
               "text": "There hath no temptation taken you, but such as is common to man: but God is faithfull, who wil not suffer you to bee tempted aboue that you are able: but will with the temptation also make a way to escape, that ye may bee able to beare it."
            },
            {
               "verse": 14,
               "text": "Wherefore my dearely beloued, flee from idolatrie."
            },
            {
               "verse": 15,
               "text": "I speake as to wise men: iudge ye what I say."
            },
            {
               "verse": 16,
               "text": "The cup of blessing which wee blesse, is it not the communion of the blood of Christ? The bread which we breake, is it not the communion of the body of Christ?"
            },
            {
               "verse": 17,
               "text": "For we being many are one bread, and one body: for we are all partakers of that one bread."
            },
            {
               "verse": 18,
               "text": "Behold Israel after the flesh: are not they which eat of the sacrifices, partakers of the Altar?"
            },
            {
               "verse": 19,
               "text": "What say I then? that the idole is any thing? or that which is offered in sacrifice to idols is any thing?"
            },
            {
               "verse": 20,
               "text": "But I say that the things which the Gentiles sacrifice, they sacrifice to deuils, and not to God: and I would not that yee should haue fellowship with deuils."
            },
            {
               "verse": 21,
               "text": "Yee cannot drinke the cup of the Lord, and the cup of deuils: ye cannot be partakers of the Lords Table, and of the table of deuils."
            },
            {
               "verse": 22,
               "text": "Doe we prouoke the Lord to iealousie? are we stronger then he?"
            },
            {
               "verse": 23,
               "text": "All things are lawfull for me, but all things are not expedient: All things are lawfull for mee, but all things edifie not."
            },
            {
               "verse": 24,
               "text": "Let no man seeke his owne: but euery man anothers wealth."
            },
            {
               "verse": 25,
               "text": "Whatsoeuer is solde in the shambles, that eate, asking no question for conscience sake."
            },
            {
               "verse": 26,
               "text": "For the earth is the Lords, and the fulnesse thereof."
            },
            {
               "verse": 27,
               "text": "If any of them that beleeue not, bid you to a feast, and yee be disposed to goe, whatsoeuer is set before you, eate, asking no question for conscience sake."
            },
            {
               "verse": 28,
               "text": "But if any man say vnto you, This is offered in sacrifice vnto idoles, eate not for his sake that shewed it, and for conscience sake. The earth is the Lords, and the fulnesse thereof."
            },
            {
               "verse": 29,
               "text": "Conscience I say, not thine owne, but of the others: for why is my libertie iudged of another mans conscience?"
            },
            {
               "verse": 30,
               "text": "For, if I by grace be a partaker, why am I euill spoken of, for that for which I giue thankes?"
            },
            {
               "verse": 31,
               "text": "Whether therfore ye eat or drinke, or whatsoeuer ye doe, doe all to the glory of God."
            },
            {
               "verse": 32,
               "text": "Giue none offence, neither to the Iewes, nor to the Gentiles, nor to the Church of God:"
            },
            {
               "verse": 33,
               "text": "Euen as I please all men in all things, not seeking mine owne profit, but the profit of many, that they may be saued."
            }
         ]
      },
      {
         "chapter": 11,
         "verses": [
            {
               "verse": 1,
               "text": "Be yee followers of mee, euen as I also am of Christ."
            },
            {
               "verse": 2,
               "text": "Now I prayse you, brethren, that you remember me in all things, and keepe the ordinances, as I deliuered them to you."
            },
            {
               "verse": 3,
               "text": "But I would haue you knowe, that the head of euery man is Christ: and the head of the woman is the man, and the head of Christ is God."
            },
            {
               "verse": 4,
               "text": "Euery man praying or prophecying, hauing his head couered, dishonoureth his head."
            },
            {
               "verse": 5,
               "text": "But euery woman that prayeth or prophesieth with her head vncouered, dishonoureth her head: for that is euen all one as if she were shauen."
            },
            {
               "verse": 6,
               "text": "For if the woman be not couered, let her also bee shorne: but if it bee a shame for a woman to be shorne or shauen, let her be couered."
            },
            {
               "verse": 7,
               "text": "For a man in deede ought not to couer his head, forasmuch as hee is the image and glory of God: but the woman is the glory of the man."
            },
            {
               "verse": 8,
               "text": "For the man is not of the woman: but the woman of the man."
            },
            {
               "verse": 9,
               "text": "Neither was the man created for the woman: but the woman for the man."
            },
            {
               "verse": 10,
               "text": "For this cause ought the woman to haue power on her head, because of the Angels."
            },
            {
               "verse": 11,
               "text": "Neuerthelesse, neither is the man without the woman, neither the woman without the man in the Lord."
            },
            {
               "verse": 12,
               "text": "For as the woman is of the man: euen so is the man also by the woman; but all things of God."
            },
            {
               "verse": 13,
               "text": "Iudge in your selues, is it comely that a woman pray vnto God vncouered?"
            },
            {
               "verse": 14,
               "text": "Doeth not euen nature it selfe teach you, that if a man haue long haire, it is a shame vnto him?"
            },
            {
               "verse": 15,
               "text": "But if a woman haue long haire, it is a glory to her: for her haire is giuen her for a couering."
            },
            {
               "verse": 16,
               "text": "But if any man seeme to be contentious, we haue no such custome, neither the Churches of God."
            },
            {
               "verse": 17,
               "text": "Now in this that I declare vnto you, I praise you not, that you come together not for the better, but for the worse."
            },
            {
               "verse": 18,
               "text": "For first of all when yee come together in the Church, I heare that there be diuisions among you, and I partly beleeue it."
            },
            {
               "verse": 19,
               "text": "For there must bee also heresies among you, that they which are approued may be made manifest among you."
            },
            {
               "verse": 20,
               "text": "When yee come together therefore into one place, this is not to eate the Lords Supper."
            },
            {
               "verse": 21,
               "text": "For in eating, euery one taketh before other, his owne supper: and one is hungry, and an other is drunken."
            },
            {
               "verse": 22,
               "text": "What, haue ye not houses to eate and to drinke in? Or despise yee the Church of God, and shame them that haue not? What shall I say to you? shall I praise you in this? I prayse you not."
            },
            {
               "verse": 23,
               "text": "For I haue receiued of the Lord that which also I deliuered vnto you, that the Lord Iesus, the same night in which he was betrayed, tooke bread:"
            },
            {
               "verse": 24,
               "text": "And when he had giuen thanks, he brake it, and sayd, Take, eate, this is my body, which is broken for you: this doe in remembrance of mee."
            },
            {
               "verse": 25,
               "text": "After the same manner also hee tooke the cup when he had supped, saying, This cup is the new Testament in my blood: this do ye, as oft as ye drinke it, in remembrance of me."
            },
            {
               "verse": 26,
               "text": "For as often as ye eate this bread, and drinke this cup, yee doe shew the Lords death till he come."
            },
            {
               "verse": 27,
               "text": "Wherefore, whosoeuer shall eate this bread, and drinke this cup of the Lord vnworthily, shall be guilty of the body and blood of the Lord."
            },
            {
               "verse": 28,
               "text": "But let a man examine himselfe, and so let him eate of that bread, and drinke of that cup."
            },
            {
               "verse": 29,
               "text": "For hee that eateth and drinketh vnworthily, eateth and drinketh damnation to himselfe, not discerning the Lords body."
            },
            {
               "verse": 30,
               "text": "For this cause many are weake and sickly among you, and many sleepe."
            },
            {
               "verse": 31,
               "text": "For if we would iudge our selues, we should not be iudged."
            },
            {
               "verse": 32,
               "text": "But when we are iudged, we are chastened of the Lord, that wee should not be condemned with the world."
            },
            {
               "verse": 33,
               "text": "Wherefore my brethren, when ye come together to eate, tary one for another."
            },
            {
               "verse": 34,
               "text": "And if any man hunger, let him eate at home, that ye come not together vnto condemnation. And the rest wil I set in order, when I come."
            }
         ]
      },
      {
         "chapter": 12,
         "verses": [
            {
               "verse": 1,
               "text": "Now concerning spirituall giftes, brethren, I would not haue you ignorant."
            },
            {
               "verse": 2,
               "text": "Yee know that yee were Gentiles, caryed away vnto these dumbe idoles, euen as ye were led."
            },
            {
               "verse": 3,
               "text": "Wherefore I giue you to vnderstand, that no man speaking by the spirit of God, calleth Iesus accursed: and that no man can say that Iesus is the Lord, but by the holy Ghost."
            },
            {
               "verse": 4,
               "text": "Nowe there are diuersities of gifts, but the same spirit."
            },
            {
               "verse": 5,
               "text": "And there are differences of administrations, but the same Lord."
            },
            {
               "verse": 6,
               "text": "And there are diuersities of operations, but it is the same God, which worketh all in all."
            },
            {
               "verse": 7,
               "text": "But the manifestation of the spirit, is giuen to euery man to profit withall."
            },
            {
               "verse": 8,
               "text": "For to one is giuen by the spirit, the word of wisedome, to another the word of knowledge, by the same spirit."
            },
            {
               "verse": 9,
               "text": "To another faith, by the same spirit: to another the gifts of healing, by the same spirit:"
            },
            {
               "verse": 10,
               "text": "To another the working of miracles, to another prophecie, to another discerning of spirits, to another diuers kindes of tongues, to another the interpretation of tongues."
            },
            {
               "verse": 11,
               "text": "But all these worketh that one and the selfe same spirit, diuiding to euery man seuerally as he will."
            },
            {
               "verse": 12,
               "text": "For as the body is one, and hath many members, and all the membrs of that one body, being many, are one bodie: so also is Christ."
            },
            {
               "verse": 13,
               "text": "For by one spirit are we all baptized into one bodie, whether wee bee Iewes or Gentiles, whether wee bee bond or free: and haue beene all made to drinke into one spirit."
            },
            {
               "verse": 14,
               "text": "For the body is not one member, but many."
            },
            {
               "verse": 15,
               "text": "If the foot shall say, Because I am not the hand, I am not of the body: is it therefore not of the body?"
            },
            {
               "verse": 16,
               "text": "And if the eare shall say, Because I am not the eye, I am not of the body: is it therefore not of the body?"
            },
            {
               "verse": 17,
               "text": "If the whole body were an eye, where were the hearing? If the whole were hearing, where were the smelling?"
            },
            {
               "verse": 18,
               "text": "But now hath God set the members, euery one of them in the body, as it hath pleased him."
            },
            {
               "verse": 19,
               "text": "And if they were all one member, where were the body?"
            },
            {
               "verse": 20,
               "text": "But now are they many members, yet but one body."
            },
            {
               "verse": 21,
               "text": "And the eye cannot say vnto the hand, I haue no need of thee: nor againe, the head to the feete, I haue no neede of you."
            },
            {
               "verse": 22,
               "text": "Nay, much more those members of the bodie, which seeme to bee more feeble, are necessary."
            },
            {
               "verse": 23,
               "text": "And those members of the bodie, which wee thinke to bee lesse honourable, vpon these we bestow more abundant honour, and our vncomely parts haue more abundant comelinesse."
            },
            {
               "verse": 24,
               "text": "For our comely parts haue no need: but God hath tempered the bodie together, hauing giuen more abundant honour to that part which lacked:"
            },
            {
               "verse": 25,
               "text": "That there should be no schisme in the body: but that the members should haue the same care one for another."
            },
            {
               "verse": 26,
               "text": "And whether one member suffer, all the members suffer with it: or one member be honoured, all the members reioyce with it."
            },
            {
               "verse": 27,
               "text": "Now yee are the body of Christ, and members in particular."
            },
            {
               "verse": 28,
               "text": "And God hath set some in the Church, first Apostles, secondarily Prophets, thirdly Teachers, after that miracles, then gifts of healings, helpes in gouernm&#275;ts, diuersities of tongues."
            },
            {
               "verse": 29,
               "text": "Are all Apostles? are all Prophets? are all Teachers? are all workers of miracles?"
            },
            {
               "verse": 30,
               "text": "Haue all the gifts of healing? doe all speake with tongues? doe all interpret?"
            },
            {
               "verse": 31,
               "text": "But couet earnestly the best gifts: And yet shew I vnto you a more excellent way."
            }
         ]
      },
      {
         "chapter": 13,
         "verses": [
            {
               "verse": 1,
               "text": "Though I speake with the tongues of men & of Angels, and haue not charity, I am become as sounding brasse or a tinkling cymbal."
            },
            {
               "verse": 2,
               "text": "And though I haue the gift of prophesie, and vnderstand all mysteries and all knowledge: and though I haue all faith, so that I could remooue mountaines, and haue no charitie, I am nothing."
            },
            {
               "verse": 3,
               "text": "And though I bestowe all my goods to feede the poore, and though I giue my body to bee burned, and haue not charitie, it profiteth me nothing."
            },
            {
               "verse": 4,
               "text": "Charitie suffereth long, and is kinde: charitie enuieth not: charitie vaunteth not it selfe, is not puffed vp,"
            },
            {
               "verse": 5,
               "text": "Doeth not behaue it selfe vnseemly, seeketh not her owne, is not easily prouoked, thinketh no euill,"
            },
            {
               "verse": 6,
               "text": "Reioyceth not in iniquitie, but reioyceth in the trueth:"
            },
            {
               "verse": 7,
               "text": "Beareth all things, beleeueth all things, hopeth all things, endureth all things."
            },
            {
               "verse": 8,
               "text": "Charitie neuer faileth: but whether there be prophesies, they shall faile; whether there bee tongues, they shall cease; whether there bee knowledge, it shall vanish away."
            },
            {
               "verse": 9,
               "text": "For we know in part, and we prophesie in part."
            },
            {
               "verse": 10,
               "text": "But when that which is perfect is come, then that which is in part, shalbe done away."
            },
            {
               "verse": 11,
               "text": "When I was a childe, I spake as a childe, I vnderstood as a childe, I thought as a childe: but when I became a man, I put away childish things."
            },
            {
               "verse": 12,
               "text": "For now we see through a glasse, darkely: but then face to face: now I know in part, but then shall I know euen as also I am knowen."
            },
            {
               "verse": 13,
               "text": "And now abideth faith, hope, charitie, these three, but the greatest of these is charitie."
            }
         ]
      },
      {
         "chapter": 14,
         "verses": [
            {
               "verse": 1,
               "text": "Follow after charitie, and desire spirituall giftes, but rather that yee may prophesie."
            },
            {
               "verse": 2,
               "text": "For he that speaketh in an vnknowen tongue, speaketh not vnto men, but vnto God: for no man vnderstandeth him: howbeit in the spirit he speaketh mysteries."
            },
            {
               "verse": 3,
               "text": "But he that prophesieth, speaketh vnto men to edification, and exhortation, and comfort."
            },
            {
               "verse": 4,
               "text": "He that speaketh in an vnknowen tongue, edifieth himselfe: but hee that prophesieth, edifieth the Church."
            },
            {
               "verse": 5,
               "text": "I would that yee all spake with tongues, but rather that ye prophesied: for greater is hee that prophesieth, then hee that speaketh with tongues, except hee interprete, that the Church may receiue edifying."
            },
            {
               "verse": 6,
               "text": "Now brethren, if I come vnto you speaking with tongues, what shall I profit you, except I shall speake to you either by reuelation, or by knowledge, or by prophesying, or by doctrine?"
            },
            {
               "verse": 7,
               "text": "And euen things without life giuing sound, whether pipe or harpe, except they giue a distinction in the sounds, how shall it be knowen what is piped or harped?"
            },
            {
               "verse": 8,
               "text": "For if the trumpet giue an vncertaine sound, who shall prepare himselfe to the battell?"
            },
            {
               "verse": 9,
               "text": "So likewise you, except ye vtter by the tongue words easie to be vnderstood, how shall it be knowen what is spoken? for ye shall speake into the aire."
            },
            {
               "verse": 10,
               "text": "There are, it may bee, so many kindes of voices in the world, and none of them are without signification."
            },
            {
               "verse": 11,
               "text": "Therefore if I know not the meaning of the voyce, I shall bee vnto him that speaketh, a Barbarian, and he that speaketh shall be a Barbarian vnto mee."
            },
            {
               "verse": 12,
               "text": "Euen so ye, forasmuch as yee are zealous of spirituall gifts, seeke that yee may excell to the edifying of the Church."
            },
            {
               "verse": 13,
               "text": "Wherefore let him that speaketh in an vnknowen tongue, pray that he may interprete."
            },
            {
               "verse": 14,
               "text": "For if I pray in an vnknowen tongue, my spirit prayeth, but my vnderstanding is vnfruitfull."
            },
            {
               "verse": 15,
               "text": "What is it then? I will pray with the spirit, and wil pray with vnderstanding also: I will sing with the spirit, and I will sing with the vnderstanding also."
            },
            {
               "verse": 16,
               "text": "Else, when thou shalt blesse with the spirit, how shall hee that occupieth the roome of the vnlearned, say Amen at thy giuing of thankes, seeing he vnderstandeth not what thou sayest?"
            },
            {
               "verse": 17,
               "text": "For thou verily giuest thankes well: but the other is not edified."
            },
            {
               "verse": 18,
               "text": "I thanke my God, I speake with tongues more then you all."
            },
            {
               "verse": 19,
               "text": "Yet in the Church I had rather speake fiue words with my vnderstanding, that by my voyce I might teach others also, then ten thousand words in an vnknowen tongue."
            },
            {
               "verse": 20,
               "text": "Brethren, bee not children in vnderstanding: how be it, in malice be yee children, but in vnderstanding be men."
            },
            {
               "verse": 21,
               "text": "In the Law it is written, With men of other tongues, and other lippes will I speake vnto this people: and yet for all that will they not heare me, saith the Lord."
            },
            {
               "verse": 22,
               "text": "Wherfore tongues are for a signe, not to them that beleeue, but to them that beleeue not: But prophesying serueth not for them that beleeue not, but for them which beleeue."
            },
            {
               "verse": 23,
               "text": "If therefore the whole Church be come together into some place, and all speake with tongues, & there come in those that are vnlearned, or vnbeleeuers, will they not say that ye are mad?"
            },
            {
               "verse": 24,
               "text": "But if all prophesie, and there come in one that beleeueth not, or one vnlearned: he is conuinced of all, he is iudged of all."
            },
            {
               "verse": 25,
               "text": "And thus are the secrets of his heart made manifest, and so falling downe on his face, hee will worship God, and report that God is in you of a trueth."
            },
            {
               "verse": 26,
               "text": "How is it then brethren? when ye come together, euery one of you hath a Psalme, hath a doctrine, hath a tongue, hath a reuelati&#333;, hath an interpretati&#333;: Let all things be done vnto edifying."
            },
            {
               "verse": 27,
               "text": "If any man speake in an vnknowen tongue, let it be by two, or at the most by three, and that by course, and let one interprete."
            },
            {
               "verse": 28,
               "text": "But if there be no interpreter, let him keepe silence in the Church, and let him speake to himselfe, and to God."
            },
            {
               "verse": 29,
               "text": "Let the Prophets speake two or three, and let the other iudge."
            },
            {
               "verse": 30,
               "text": "If any thing be reueiled to another that sitteth by, let the first hold his peace."
            },
            {
               "verse": 31,
               "text": "For yee may all prophesie one by one, that all may learne, and all may be comforted."
            },
            {
               "verse": 32,
               "text": "And the spirits of the Prophets are subiect to the Prophets."
            },
            {
               "verse": 33,
               "text": "For God is not the authour of confusion, but of peace, as in all Churches of the Saints."
            },
            {
               "verse": 34,
               "text": "Let your women keepe silence in the Churches, for it is not permitted vnto them to speake; but they are commanded to bee vnder obedience: as also saith the Law."
            },
            {
               "verse": 35,
               "text": "And if they will learne any thing, let them aske their husbands at home: for it is a shame for women to speake in the Church."
            },
            {
               "verse": 36,
               "text": "What? came the word of God out from you? or came it vnto you onely?"
            },
            {
               "verse": 37,
               "text": "If any man thinke himselfe to be a Prophet, or spiritual, let him acknowledge, that the things that I write vnto you, are the commandements of the Lord."
            },
            {
               "verse": 38,
               "text": "But if any man bee ignorant, let him be ignorant."
            },
            {
               "verse": 39,
               "text": "Wherefore brethren, couet to prophesie, and forbid not to speake with tongues."
            },
            {
               "verse": 40,
               "text": "Let all things be done decently, and in order."
            }
         ]
      },
      {
         "chapter": 15,
         "verses": [
            {
               "verse": 1,
               "text": "Moreouer brethren, I declare vnto you the Gospel which I preached vnto you, which also you haue receiued, and wherein yee stand."
            },
            {
               "verse": 2,
               "text": "By which also yee are saued, if yee keepe in memorie what I preached vnto you, vnlesse yee haue beleeued in vaine."
            },
            {
               "verse": 3,
               "text": "For I deliuered vnto you first of all, that which I also receiued, how that Christ died for our sinnes according to the Scriptures:"
            },
            {
               "verse": 4,
               "text": "And that he was buried, and that he rose againe the third day according to the Scriptures."
            },
            {
               "verse": 5,
               "text": "And that he was seene of Cephas, then of the twelue."
            },
            {
               "verse": 6,
               "text": "And that hee was seene of aboue fiue hundred brethren at once: of whom the greater part remaine vnto this present, but some are fallen asleepe."
            },
            {
               "verse": 7,
               "text": "After that, he was seen of Iames, then of all the Apostles."
            },
            {
               "verse": 8,
               "text": "And last of all he was seene of me also, as of one borne out of due time."
            },
            {
               "verse": 9,
               "text": "For I am the least of the Apostles, that am not meet to be called an Apostle because I persecuted &thorn; Church of God."
            },
            {
               "verse": 10,
               "text": "But by the grace of God I am what I am: and his grace which was bestowed vp&#333; me, was not in vaine: But I laboured more abundantly then they all, yet not I, but the grace of God which was with me:"
            },
            {
               "verse": 11,
               "text": "Therefore, whether it were I or they, so we preach, aud so ye beleeued."
            },
            {
               "verse": 12,
               "text": "Now if Christ be preached that he rose from the dead, how say some among you, that there is no resurrection of the dead?"
            },
            {
               "verse": 13,
               "text": "But if there be no resurrection of the dead, then is Christ not risen."
            },
            {
               "verse": 14,
               "text": "And if Christ be not risen, then is our preaching vaine, and your faith is also vaine:"
            },
            {
               "verse": 15,
               "text": "Yea, and we are found false witnesses of God, because we haue testified of God, that he raised vp Christ: whom hee raised not vp, if so bee that the dead rise not."
            },
            {
               "verse": 16,
               "text": "For if the dead rise not, then is not Christ raised."
            },
            {
               "verse": 17,
               "text": "And if Christ be not raised, your faith is vaine, ye are yet in your sinnes."
            },
            {
               "verse": 18,
               "text": "Then they also which are fallen asleepe in Christ, are perished."
            },
            {
               "verse": 19,
               "text": "If in this life only we haue hope in Christ, wee are of all men most miserable."
            },
            {
               "verse": 20,
               "text": "But now is Christ risen from the dead, and become the first fruits of them that slept."
            },
            {
               "verse": 21,
               "text": "For since by man came death, by man came also the resurrection of the dead."
            },
            {
               "verse": 22,
               "text": "For as in Adam all die, euen so in Christ shall all be made aliue."
            },
            {
               "verse": 23,
               "text": "But euery man in his owne order. Christ the first fruits, afterward they that are Christs, at his comming."
            },
            {
               "verse": 24,
               "text": "Then commeth the end, when he shall haue deliuered vp the kingdome to God euen the Father, when he shall haue put downe all rule, and all authority and power."
            },
            {
               "verse": 25,
               "text": "For he must reigne, till hee hath put all enemies vnder his feete."
            },
            {
               "verse": 26,
               "text": "The last enemie that shall be destroyed, is death."
            },
            {
               "verse": 27,
               "text": "For he hath put all things vnder his feete; but when hee saith all things are put vnder him, it is manifest that he is excepted which did put all things vnder him."
            },
            {
               "verse": 28,
               "text": "And when all things shall bee subdued vnto him, then shal the Sonne also himselfe bee subiect vnto him that put all things vnder him, that God may be all in all."
            },
            {
               "verse": 29,
               "text": "Else what shal they do, which are baptized for the dead, if the dead rise not at all, why are they then baptized for the dead?"
            },
            {
               "verse": 30,
               "text": "And why stand we in ieopardy euery houre?"
            },
            {
               "verse": 31,
               "text": "I protest by your reioycing which I haue in Christ Iesus our Lord, I die dayly."
            },
            {
               "verse": 32,
               "text": "If after the maner of men I haue fought with beasts at Ephesus, what aduantageth it me, if the dead rise not? let vs eate and drinke, for to morrowe wee die."
            },
            {
               "verse": 33,
               "text": "Bee not deceiued: euill communications corrupt good manners."
            },
            {
               "verse": 34,
               "text": "Awake to righteousnesse, and sinne not: for some haue not the knowledge of God, I speake this to your shame."
            },
            {
               "verse": 35,
               "text": "But some man will say, How are the dead raysed vp? and with what body doe they come?"
            },
            {
               "verse": 36,
               "text": "Thou foole, that which thou sowest, is not quickened except it die."
            },
            {
               "verse": 37,
               "text": "And that which thou sowest, thou sowest not that body that shall be, but bare graine, it may chance of wheate, or of some other graine."
            },
            {
               "verse": 38,
               "text": "But God giueth it a body as it hath pleased him, and to euery seed his owne body."
            },
            {
               "verse": 39,
               "text": "All flesh is not the same flesh, but there is one kind of flesh of men, another flesh of beasts, another of fishes, and another of birds."
            },
            {
               "verse": 40,
               "text": "There are also celestiall bodies, and bodies terrestriall: But the glorie of the celestiall is one, and the glorie of the terrestriall is another."
            },
            {
               "verse": 41,
               "text": "There is one glory of the sunne, another of the moone, and another glorie of the starres: for one starre differeth from another starre in glorie."
            },
            {
               "verse": 42,
               "text": "So also is the resurrection of the dead, it is sowen in corruption, it is raised in incorruption."
            },
            {
               "verse": 43,
               "text": "It is sowen in dishonour, it is raysed in glorie: it is sowen in weakenesse, it is raysed in power:"
            },
            {
               "verse": 44,
               "text": "It is sowen a naturall body, it is raised a spirituall bodie. There is a naturall bodie, and there is a spirituall bodie."
            },
            {
               "verse": 45,
               "text": "And so it is written: The first man Adam was made a liuing soule, the last Adam was made a quickening spirit."
            },
            {
               "verse": 46,
               "text": "Howbeit that was not first which is spirituall: but that which is naturall, and afterward that which is spirituall."
            },
            {
               "verse": 47,
               "text": "The first man is of the earth, earthy: The second man is the Lord from heauen."
            },
            {
               "verse": 48,
               "text": "As is the earthy, such are they that are earthy, and as is the heauenly, such are they also that are heauenly."
            },
            {
               "verse": 49,
               "text": "And as we haue borne the image of the earthy, wee shall also beare the image of the heauenly."
            },
            {
               "verse": 50,
               "text": "Now this I say, brethren, that flesh & blood cannot inherite the kingdome of God: neither doth corruption inherite incorruption."
            },
            {
               "verse": 51,
               "text": "Behold, I shew you a mysterie: we shall not all sleepe, but wee shall all be changed,"
            },
            {
               "verse": 52,
               "text": "In a moment, in the twinckling of an eye, at the last trumpe, (for the trumpet shall sound, and the dead shall be raised incorruptible, and we shall be changed.)"
            },
            {
               "verse": 53,
               "text": "For this corruptible must put on incorruption, and this mortall must put on immortalitie."
            },
            {
               "verse": 54,
               "text": "So when this corruptible shall haue put on incorruption, & this mortall shall haue put on immortality, then shall be brought to passe the saying that is written, Death is swallowed vp in victorie."
            },
            {
               "verse": 55,
               "text": "O death, where is thy sting? O graue, where is thy victorie?"
            },
            {
               "verse": 56,
               "text": "The sting of death is sinne, and the strength of sinne is the law."
            },
            {
               "verse": 57,
               "text": "But thankes bee to God, which giueth vs the victorie, through our Lord Iesus Christ."
            },
            {
               "verse": 58,
               "text": "Therefore my beloued brethren, be yee stedfast, vnmoueable, alwayes abounding in the worke of the Lord, forasmuch as you know that your labour is not in vaine in the Lord."
            }
         ]
      },
      {
         "chapter": 16,
         "verses": [
            {
               "verse": 1,
               "text": "Now concerning the collection for the Saints, as I haue giuen order to the Churches of Galatia, euen so doe ye."
            },
            {
               "verse": 2,
               "text": "Upon the first day of the weeke, let euery one of you lay by him in store, as God hath prospered him, that there be no gatherings when I come."
            },
            {
               "verse": 3,
               "text": "And when I come, whomsoeuer you shall approue by your letters, them wil I send to bring your liberality vnto Ierusalem."
            },
            {
               "verse": 4,
               "text": "And if it be meet that I goe also, they shall goe with me."
            },
            {
               "verse": 5,
               "text": "Now I wil come vnto you, when I shall passe through Macedonia: for I doe passe through Macedonia."
            },
            {
               "verse": 6,
               "text": "And it may bee that I will abide, yea, and winter with you, that yee may bring me on my iourny, whithersoeuer I goe."
            },
            {
               "verse": 7,
               "text": "For I will not see you now by the way, but I trust to tarry a while with you, if the Lord permit."
            },
            {
               "verse": 8,
               "text": "But I will tarry at Ephesus vntill Pentecost."
            },
            {
               "verse": 9,
               "text": "For a great doore and effectuall is opened vnto mee, and there are many aduersaries."
            },
            {
               "verse": 10,
               "text": "Now if Timotheus come, see that he may be with you without feare: for hee worketh the worke of the Lord, as I also doe."
            },
            {
               "verse": 11,
               "text": "Let no man therefore despise him: but conduct him forth in peace, that hee may come vnto me: for I looke for him with the brethren."
            },
            {
               "verse": 12,
               "text": "As touching our brother Apollos, I greatly desired him to come vnto you with &thorn; brethren, but his wil was not at all to come at this time: but he wil come when hee shall haue conuenient time."
            },
            {
               "verse": 13,
               "text": "Watch yee, stand fast in the faith, quit you like men: be strong."
            },
            {
               "verse": 14,
               "text": "Let all your things be done with charitie."
            },
            {
               "verse": 15,
               "text": "I beseech you, brethren, (ye know the house of Stephanas, that it is the first fruits of Achaia, and that they haue addicted themselues to the ministery of the Saints,)"
            },
            {
               "verse": 16,
               "text": "That ye submit your selues vnto such, and to euery one that helpeth with vs and laboureth."
            },
            {
               "verse": 17,
               "text": "I am glad of the comming of Stephanas, and Fortunatus, and Achaicus: for that which was lacking on your part, they haue supplied."
            },
            {
               "verse": 18,
               "text": "For they haue refreshed my spirit and yours: therefore acknowledge yee them that are such."
            },
            {
               "verse": 19,
               "text": "The Churches of Asia salute you: Aquila and Priscilla salute you much in the Lord, with the Church that is in their house."
            },
            {
               "verse": 20,
               "text": "All the brethren greet you: greet ye one another with an holy kisse."
            },
            {
               "verse": 21,
               "text": "The salutation of me Paul, with mine owne hand."
            },
            {
               "verse": 22,
               "text": "If any man loue not the Lord Iesus Christ, let him bee Anathema Maranatha."
            },
            {
               "verse": 23,
               "text": "The grace of our Lord Iesus Christ be with you."
            },
            {
               "verse": 24,
               "text": "My loue be with you all in Christ Iesus, Amen. The first Epistle to the Corinthians was written from Philippi by Stephanas, and Fortunatus, and Achaicus, and Timotheus."
            }
         ]
      }
   ]
}