{
   "book": "1 John",
   "chapter-count": "5",
   "chapters": [
      {
         "chapter": 1,
         "verses": [
            {
               "verse": 1,
               "text": "That which was from &thorn; beginning, which wee haue heard, which wee haue seene with our eyes, which wee haue looked vpon, and our hands haue handled of the word of life."
            },
            {
               "verse": 2,
               "text": "(For the life was manifested, and we haue seene it, and beare witnes, and shew vnto you that eternall life which was with the Father, and was manifested vnto vs.)"
            },
            {
               "verse": 3,
               "text": "That which wee haue seene and heard, declare we vnto you, that ye also may haue felowship with vs; and truely our fellowship is with the Father, and with his Sonne Iesus Christ."
            },
            {
               "verse": 4,
               "text": "And these things write we vnto you, that your ioy may be full."
            },
            {
               "verse": 5,
               "text": "This then is the message which we haue heard of him, and declare vnto you, that God is light, and in him is no darkenesse at all."
            },
            {
               "verse": 6,
               "text": "If we say that we haue felowship with him, and walke in darkenesse, we lie, and doe not the trueth."
            },
            {
               "verse": 7,
               "text": "But if wee walke in the light, as he is in the light, wee haue fellowship one with another, and the blood of Iesus Christ his Sonne clenseth vs from all sinne."
            },
            {
               "verse": 8,
               "text": "If we say that we haue no sinne, we deceiue our selues, and the trueth is not in vs."
            },
            {
               "verse": 9,
               "text": "If we confesse our sinnes, hee is faithfull, & iust to forgiue vs our sinnes, and to cleanse vs from all vnrighteousnesse."
            },
            {
               "verse": 10,
               "text": "If we say that we haue not sinned, wee make him a liar, and his word is not in vs."
            }
         ]
      },
      {
         "chapter": 2,
         "verses": [
            {
               "verse": 1,
               "text": "My little children, these things write I vnto you, that ye sinne not. And if any man sinne, we haue an Aduocate with the Father, Iesus Christ the righteous:"
            },
            {
               "verse": 2,
               "text": "And he is the propitiation for our sinnes: and not for ours onely, but also for the sinnes of the whole world."
            },
            {
               "verse": 3,
               "text": "And hereby wee doe knowe that we know him, if we keepe his commandements."
            },
            {
               "verse": 4,
               "text": "He that saith, I knowe him, and keepeth not his commandements, is a lyer, and the trueth is not in him."
            },
            {
               "verse": 5,
               "text": "But who so keepeth his word, in him verely is the loue of God perfected: hereby know we that we are in him."
            },
            {
               "verse": 6,
               "text": "He that sayeth he abideth in him, ought himselfe also so to walke, euen as he walked."
            },
            {
               "verse": 7,
               "text": "Brethren, I write no new commandement vnto you, but an olde commandement which ye had from the beginning: the old commandement is the word which ye haue heard from the beginning."
            },
            {
               "verse": 8,
               "text": "Againe, a new commandement I write vnto you, which thing is true in him and in you: because the darkenesse is past, and the true light now shineth."
            },
            {
               "verse": 9,
               "text": "He that saith he is in the light, and hateth his brother, is in darkenesse euen vntill now."
            },
            {
               "verse": 10,
               "text": "Hee that loueth his brother, abideth in the light, and there is none occasion of stumbling in him."
            },
            {
               "verse": 11,
               "text": "But he that hateth his brother, is in darknesse, and walketh in darknesse, and knoweth not whither hee goeth, because that darknesse hath blinded his eyes."
            },
            {
               "verse": 12,
               "text": "I write vnto you, little children, because your sinnes are forgiuen you for his Names sake."
            },
            {
               "verse": 13,
               "text": "I write vnto you, fathers, because yee haue knowen him that is from the beginning. I write vnto you, young men, because you haue ouercome the wicked one. I write vnto you, little children, because yee haue knowen the Father."
            },
            {
               "verse": 14,
               "text": "I haue written vnto you, fathers, because ye haue knowen him that is from the beginning. I haue written vnto you, young men, because yee are strong, and the word of God abideth in you, and yee haue ouercome the wicked one."
            },
            {
               "verse": 15,
               "text": "Loue not the world, neither the things that are in the world. If any man loue the world, the loue of the Father is not in him."
            },
            {
               "verse": 16,
               "text": "For all that is in the world, the lust of the flesh, the lust of the eyes, and the pride of life, is not of the Father, but is of the world."
            },
            {
               "verse": 17,
               "text": "And the world passeth away, and the lust thereof, but hee that doeth the will of God, abideth for euer."
            },
            {
               "verse": 18,
               "text": "Little children, it is the last time: and as yee haue heard that Antichrist shall come, euen now are there many Antichrists, whereby wee know that it is the last time."
            },
            {
               "verse": 19,
               "text": "They went out from vs, but they were not of vs: for if they had beene of vs, they would no doubt haue continued with vs: but they went out that they might be made manifest, that they were not all of vs."
            },
            {
               "verse": 20,
               "text": "But ye haue an vnction from the holy One, and ye know all things."
            },
            {
               "verse": 21,
               "text": "I haue not written vnto you, because yee know not the trueth: but because ye know it, and that no lie is of the trueth."
            },
            {
               "verse": 22,
               "text": "Who is a lier, but hee that denieth that Iesus is the Christ? hee is Antichrist, that denyeth the Father, and the Sonne."
            },
            {
               "verse": 23,
               "text": "Whosoeuer denieth the Sonne, the same hath not the Father: but he that acknowledgeth the Sonne, hath the Father also."
            },
            {
               "verse": 24,
               "text": "Let that therefore abide in you which yee haue heard from the beginning: if that which ye haue heard from the beginning shall remaine in you, yee also shall continue in the Sonne, and in the Father."
            },
            {
               "verse": 25,
               "text": "And this is the promise that hee hath promised vs, euen eternall life."
            },
            {
               "verse": 26,
               "text": "These things haue I written vnto you, concerning them that seduce you."
            },
            {
               "verse": 27,
               "text": "But the anointing which ye haue receiued of him, abideth in you: and yee need not that any man teach you: But, as the same anointing teacheth you of all things, and is trueth, and is no lye: and euen as it hath taught you, ye shall abide in him."
            },
            {
               "verse": 28,
               "text": "And now, little children, abide in him, that when hee shall appeare, wee may haue confidence, and not bee ashamed before him at his comming."
            },
            {
               "verse": 29,
               "text": "If ye know that he is righteous, ye know that euery one which doeth righteousnesse, is borne of him."
            }
         ]
      },
      {
         "chapter": 3,
         "verses": [
            {
               "verse": 1,
               "text": "Beholde, what manner of loue the Father hath bestowed vpon vs, that wee should be called the sonnes of God: therfore the world knoweth vs not, because it knewe him not."
            },
            {
               "verse": 2,
               "text": "Beloued, now are we the sonnes of God, and it doeth not yet appeare, what wee shall be: but wee know, that when he shall appeare, we shall bee like him: for we shall see him as he is."
            },
            {
               "verse": 3,
               "text": "And euery man that hath this hope in him, purifieth himselfe, euen as he is pure."
            },
            {
               "verse": 4,
               "text": "Whosoeuer committeth sinne, transgresseth also the lawe: for sinne is the transgression of the law."
            },
            {
               "verse": 5,
               "text": "And ye know that hee was manifested to take away our sinnes, and in him is no sinne."
            },
            {
               "verse": 6,
               "text": "Whosoeuer abideth in him, sinneth not: whosoeuer sinneth, hath not seene him, neither knowen him."
            },
            {
               "verse": 7,
               "text": "Little children, let no man deceiue you: he that doth righteousnes, is righteous, euen as he is righteous."
            },
            {
               "verse": 8,
               "text": "He that committeth sinne, is of the deuill, for the deuill sinneth from the beginning: for this purpose the Sonne of God was manifested, that he might destroy the works of the deuill."
            },
            {
               "verse": 9,
               "text": "Whosoeuer is borne of God, doth not commit sinne: for his seede remaineth in him, and he cannot sinne, because he is borne of God."
            },
            {
               "verse": 10,
               "text": "In this the children of God are manifest, and the children of the deuill: whosoeuer doeth not righteousnesse, is not of God, neither hee that loueth not his brother."
            },
            {
               "verse": 11,
               "text": "For this is the message that yee heard from the beginning, that wee should loue one another."
            },
            {
               "verse": 12,
               "text": "Not as Cain, who was of that wicked one, and slewe his brother: and wherefore slewe hee him? because his owne workes were euill, and his brothers righteous."
            },
            {
               "verse": 13,
               "text": "Marueile not, my brethren, if the world hate you."
            },
            {
               "verse": 14,
               "text": "Wee know that wee haue passed from death vnto life, because wee loue the brethren: he that loueth not his brother, abideth in death."
            },
            {
               "verse": 15,
               "text": "Whosoeuer hateth his brother, is a murtherer, and yee knowe that no murtherer hath eternall life abiding in him."
            },
            {
               "verse": 16,
               "text": "Hereby perceiue wee the loue of God, because he layd downe his life for vs, and wee ought to lay downe our liues for the brethren."
            },
            {
               "verse": 17,
               "text": "But who so hath this worlds good, and seeth his brother hath need, and shutteth vp his bowels of compassion from him; how dwelleth the loue of God in him?"
            },
            {
               "verse": 18,
               "text": "My little children, let vs not loue in word, neither in tongue, but indeede and in trueth."
            },
            {
               "verse": 19,
               "text": "And hereby wee know that wee are of the trueth, and shall assure our hearts before him."
            },
            {
               "verse": 20,
               "text": "For if our heart condemne vs, God is greater then our heart, and knoweth all things."
            },
            {
               "verse": 21,
               "text": "Beloued, if our heart condemne vs not, then haue wee confidence towards God."
            },
            {
               "verse": 22,
               "text": "And whatsoeuer we aske, wee receiue of him, because we keepe his commandement, and doe those things that are pleasing in his sight."
            },
            {
               "verse": 23,
               "text": "And this is his commandement, that we should beleeue on the Name of his Sonne Iesus Christ, and loue one another, as hee gaue vs commandement."
            },
            {
               "verse": 24,
               "text": "And hee that keepeth his commandements dwelleth in him, and hee in him: and hereby wee know that hee abideth in vs, by the spirit which hee hath giuen vs."
            }
         ]
      },
      {
         "chapter": 4,
         "verses": [
            {
               "verse": 1,
               "text": "Beloued, beleeue not euery spirit, but trie the spirits, whether they are of God: because many false prophets are gone out into the world."
            },
            {
               "verse": 2,
               "text": "Hereby know ye the spirit of God: euery spirit that confesseth that Iesus Christ is come in the flesh, is of God."
            },
            {
               "verse": 3,
               "text": "And euery Spirit that confesseth not that Iesus Christ is come in the flesh, is not of God: and this is that spirit of Antichrist, whereof you haue heard, that it should come, and euen now already is it in the world."
            },
            {
               "verse": 4,
               "text": "Ye are of God, little children, and haue ouercome them: because greater is he that is in you, then he that is in the world."
            },
            {
               "verse": 5,
               "text": "They are of the world: therefore speake they of the world, and the world heareth them."
            },
            {
               "verse": 6,
               "text": "We are of God: hee that knoweth God, heareth vs: he that is not of God heareth not vs, hereby know wee the spirit of trueth, and the spirit of errour."
            },
            {
               "verse": 7,
               "text": "Beloued, let vs loue one another; for loue is of God: and euery one that loueth, is borne of God and knoweth God."
            },
            {
               "verse": 8,
               "text": "Hee that loueth not, knoweth not God: for God is loue."
            },
            {
               "verse": 9,
               "text": "In this was manifested the loue of God towards vs, because that God sent his only begotten Sonne into the world, that we might liue through him."
            },
            {
               "verse": 10,
               "text": "Herein is loue, not that wee loued God, but that he loued vs, and sent his Sonne to be &thorn; propitiation for our sins."
            },
            {
               "verse": 11,
               "text": "Beloued, if God so loued vs, wee ought also to loue one another."
            },
            {
               "verse": 12,
               "text": "No man hath seene God at any time. If wee loue one another, God dwelleth in vs, and his loue is perfected in vs."
            },
            {
               "verse": 13,
               "text": "Hereby know wee that we dwell in him and he in vs, because hee hath giuen vs of his Spirit."
            },
            {
               "verse": 14,
               "text": "And we haue seene, and doe testifie, that the Father sent the Sonne to be the Sauiour of the world."
            },
            {
               "verse": 15,
               "text": "Whosoeuer shall confesse that Iesus is the Sonne of God, God dwelleth in him, and he in God."
            },
            {
               "verse": 16,
               "text": "And we haue knowen and beleeued the loue that God hath to vs. God is loue, and hee that dwelleth in loue, dwelleth in God, and God in him."
            },
            {
               "verse": 17,
               "text": "Herein is our loue made perfect, that wee may haue boldnesse in the day of Iudgement, because as hee is, so are we in this world."
            },
            {
               "verse": 18,
               "text": "There is no feare in loue, but perfect loue casteth out feare: because feare hath torment: hee that feareth, is not made perfect in loue."
            },
            {
               "verse": 19,
               "text": "We loue him: because hee first loued vs."
            },
            {
               "verse": 20,
               "text": "If a man say, I loue God, and hateth his brother, he is a lyar. For hee that loueth not his brother whom hee hath seene, how can he loue God whom he hath not seene?"
            },
            {
               "verse": 21,
               "text": "And this commandement haue we from him, that he who loueth God, loue his brother also."
            }
         ]
      },
      {
         "chapter": 5,
         "verses": [
            {
               "verse": 1,
               "text": "Whosoeuer beleeueth that Iesus is the Christ, is borne of God: and euery one that loueth him that begate, loueth him also that is begotten of him."
            },
            {
               "verse": 2,
               "text": "By this wee know that wee loue the children of God, when we loue God and keepe his commandements."
            },
            {
               "verse": 3,
               "text": "For this is the loue of God, that we keepe his commandements, and his commandements are not grieuous."
            },
            {
               "verse": 4,
               "text": "For whatsoeuer is borne of God, ouercommeth the world, and this is the victorie that ouercommeth the world, euen our faith."
            },
            {
               "verse": 5,
               "text": "Who is he that ouercommeth the world, but he that beleeueth that Iesus is the Sonne of God?"
            },
            {
               "verse": 6,
               "text": "This is hee that came by water and blood, euen Iesus Christ, not by water onely, but by water and blood: and it is the Spirit that beareth witnesse, because the Spirit is trueth."
            },
            {
               "verse": 7,
               "text": "For there are three that beare record in heauen, the Father, the Word, and the holy Ghost: and these three are one."
            },
            {
               "verse": 8,
               "text": "And there are three that beare witnesse in earth, the Spirit, and the Water, and the Blood, and these three agree in one."
            },
            {
               "verse": 9,
               "text": "If we receiue the witnesse of men, the witnesse of God is greater: for this is the witnesse of God, which hee hath testified of his Sonne."
            },
            {
               "verse": 10,
               "text": "Hee that beleeueth on the Sonne of God, hath the witnesse in himselfe: he that beleeueth not God, hath made him a liar, because he beleeueth not the record that God gaue of his Sonne."
            },
            {
               "verse": 11,
               "text": "And this is the record, that God hath giuen to vs eternall life, and this life is in his Sonne."
            },
            {
               "verse": 12,
               "text": "Hee that hath the Sonne, hath life; and hee that hath not the Sonne, hath not life."
            },
            {
               "verse": 13,
               "text": "These things haue I written vnto you that beleeue on the Name of the Sonne of God, that ye may know, that ye haue eternall life, and that yee may beleeue on the Name of the Sonne of God."
            },
            {
               "verse": 14,
               "text": "And this is the confidence that we haue in him, that if wee aske any thing according to his will, hee heareth vs."
            },
            {
               "verse": 15,
               "text": "And if we know that he heare vs, whatsoeuer wee aske, wee know that we haue the petitions that wee desired of him."
            },
            {
               "verse": 16,
               "text": "If any man see his brother sinne a sinne which is not vnto death, hee shall aske, and he shall giue him life for them that sinne not vnto death. There is a sinne vnto death: I doe not say that he shall pray for it."
            },
            {
               "verse": 17,
               "text": "All vnrighteousnes is sinne, and there is a sinne not vnto death."
            },
            {
               "verse": 18,
               "text": "We know that whosoeuer is borne of God, sinneth not: but hee that is begotten of God, keepeth himselfe, and that wicked one toucheth him not."
            },
            {
               "verse": 19,
               "text": "And we know that we are of God, and the whole world lieth in wickednesse."
            },
            {
               "verse": 20,
               "text": "And we know that the Sonne of God is come, and hath giuen vs an vnderstanding that wee may know him that is true: and wee are in him that is true, euen in his Sonne Iesus Christ. This is the true God, and eternall life."
            },
            {
               "verse": 21,
               "text": "Little children, keepe your selues from Idoles. Amen."
            }
         ]
      }
   ]
}