{
   "book": "1 Peter",
   "chapter-count": "5",
   "chapters": [
      {
         "chapter": 1,
         "verses": [
            {
               "verse": 1,
               "text": "Peter an Apostle of Iesus Christ, to the strangers scattred thorowout Pontus, Galatia, Cappadocia, Asia, and Bithynia,"
            },
            {
               "verse": 2,
               "text": "Elect, according to the foreknowledge of God the Father, through sanctification of the Spirit vnto obedience, and sprinkling of the blood of Iesus Christ: Grace vnto you and peace be multiplied."
            },
            {
               "verse": 3,
               "text": "Blessed be the God and Father of our Lord Iesus Christ, which according to his abundant mercy, hath begotten vs againe vnto a liuely hope, by the resurrection of Iesus Christ from the dead,"
            },
            {
               "verse": 4,
               "text": "To an inheritance incorruptible, and vndefiled, and that fadeth not away, reserued in heauen for you,"
            },
            {
               "verse": 5,
               "text": "Who are kept by the power of God through faith vnto saluation, ready to be reuealed in the last time."
            },
            {
               "verse": 6,
               "text": "Wherin ye greatly reioyce, though now for a season (if neede bee) yee are in heauinesse through manifolde temptations:"
            },
            {
               "verse": 7,
               "text": "That the triall of your faith, being much more precious then of golde that perisheth, though it bee tryed with fire, might be found vnto praise, and honor, and glory, at the appearing of Iesus Christ:"
            },
            {
               "verse": 8,
               "text": "Whom hauing not seene, yee loue, in whom though now ye see him not, yet beleeuing, ye reioyce with ioy vnspeakeable, and full of glory,"
            },
            {
               "verse": 9,
               "text": "Receiuing the ende of your faith, euen the saluation of your soules:"
            },
            {
               "verse": 10,
               "text": "Of which saluation the Prophets haue inquired, and searched diligently, who prophesied of the grace that should come vnto you,"
            },
            {
               "verse": 11,
               "text": "Searching what, or what maner of time the Spirit of Christ which was in them did signifie, when it testified beforehand the suffrings of Christ, and the glory that should follow."
            },
            {
               "verse": 12,
               "text": "Unto whome it was reuealed, that not vnto themselues, but vnto vs, they did minister the things which are now reported vnto you, by them that haue preached the Gospel vnto you, with the holy Ghost sent downe from heauen, which things the Angels desire to looke into."
            },
            {
               "verse": 13,
               "text": "Wherefore gird vp the loynes of your minde, bee sober, and hope to the end, for the grace that is to bee brought vnto you at the reuelation of Iesus Christ:"
            },
            {
               "verse": 14,
               "text": "As obedient children, not fashioning your selues according to the former lusts, in your ignorance:"
            },
            {
               "verse": 15,
               "text": "But as hee which hath called you is holy, so be ye holy in all maner of conuersation;"
            },
            {
               "verse": 16,
               "text": "Because it is written, Be ye holy, for I am holy."
            },
            {
               "verse": 17,
               "text": "And if ye call on the Father, who without respect of persons iudgeth according to euery mans worke, passe the time of your soiourning here in feare:"
            },
            {
               "verse": 18,
               "text": "For as much as ye know that yee were not redeemed with corruptible things, as siluer and golde, from your vaine conuersation receiued by tradition from your fathers;"
            },
            {
               "verse": 19,
               "text": "But with the precious blood of Christ, as of a Lambe without blemish and without spot,"
            },
            {
               "verse": 20,
               "text": "Who verily was foreordeined before the foundation of the world, but was manifest in these last times for you."
            },
            {
               "verse": 21,
               "text": "Who by him do beleeue in God that raised him vp from the dead, and gaue him glorie, that your faith and hope might be in God."
            },
            {
               "verse": 22,
               "text": "Seeing yee haue purified your soules in obeying the truth through the Spirit, vnto vnfained loue of the brethren: see that ye loue one another with a pure heart feruently,"
            },
            {
               "verse": 23,
               "text": "Being borne againe, not of corruptible seed, but of incorruptible, by the word of God which liueth and abideth for euer."
            },
            {
               "verse": 24,
               "text": "For all flesh is as grasse, and all the glory of man as the flowre of grasse: the grasse withereth, and the flowre thereof falleth away."
            },
            {
               "verse": 25,
               "text": "But the word of the Lord endureth for euer: & this is the word which by the Gospel is preached vnto you."
            }
         ]
      },
      {
         "chapter": 2,
         "verses": [
            {
               "verse": 1,
               "text": "Wherefore laying aside all malice, and all guile, and hypocrisies, and enuies, and euill speakings,"
            },
            {
               "verse": 2,
               "text": "As new borne babes desire the sincere milke of the word, that ye may grow thereby,"
            },
            {
               "verse": 3,
               "text": "If so bee yee haue tasted that the Lord is gracious."
            },
            {
               "verse": 4,
               "text": "To whom comming as vnto a liuing Stone, disallowed in deed of men, but chosen of God, and precious,"
            },
            {
               "verse": 5,
               "text": "Ye also as liuely stones, are built vp a spirituall house, an holy Priesthood to offer vp spirituall sacrifice, acceptable to God by Iesus Christ."
            },
            {
               "verse": 6,
               "text": "Wherefore it is conteined in the Scripture, Beholde, I lay in Sion a chiefe corner stone, elect, precious, and he that beleeueth on him, shall not be confounded."
            },
            {
               "verse": 7,
               "text": "Unto you therfore which beleeue hee is precious; but vnto them which be disobedient, the stone which the builders disallowed, the same is made the head of the corner,"
            },
            {
               "verse": 8,
               "text": "And a Stone of stumbling, and a Rocke of offence, euen to them which stumble at the word, being disobedient, whereunto also they were appointed."
            },
            {
               "verse": 9,
               "text": "But yee are a chosen generation, a royall Priesthood, an holy nation, a peculiar people, that yee should shewe forth the praises of him, who hath called you out of darknes into his marueilous light:"
            },
            {
               "verse": 10,
               "text": "Which in time past were not a people, but are now the people of God: which had not obteined mercie, but now haue obteined mercy."
            },
            {
               "verse": 11,
               "text": "Dearely beloued, I beseech you as strangers and pilgrimes, abstaine from fleshly lusts, which warre against the soule,"
            },
            {
               "verse": 12,
               "text": "Hauing your conuersation honest among the Gentiles, that whereas they speake against you as euill doers, they may by your good works which they shall behold, glorifie God in the day of visitation."
            },
            {
               "verse": 13,
               "text": "Submit your selues to euery ordinance of man for the Lordes sake, whether it be to the King, as supreme,"
            },
            {
               "verse": 14,
               "text": "Or vnto gouernours, as vnto them that are sent by him, for the punishment of euil doers, and for the praise of them that doe well."
            },
            {
               "verse": 15,
               "text": "For so is the will of God, that with well doing yee may put to silence the ignorance of foolish men."
            },
            {
               "verse": 16,
               "text": "As free, and not vsing your libertie for a cloake of maliciousnesse, but as the seruants of God."
            },
            {
               "verse": 17,
               "text": "Honour all men. Loue the brotherhood. Feare God. Honour the King."
            },
            {
               "verse": 18,
               "text": "Seruants, be subiect to your masters with al feare, not only to the good and gentle, but also to the froward."
            },
            {
               "verse": 19,
               "text": "For this is thanke-worthie, if a man for conscience toward God endure griefe, suffering wrongfully."
            },
            {
               "verse": 20,
               "text": "For what glory is it, if when yee be buffeted for your faults, ye shall take it patiently: but if when yee doe well, and suffer for it, ye take it patiently, this is acceptable with God."
            },
            {
               "verse": 21,
               "text": "For euen hereunto were ye called: because Christ also suffered for vs, leauing vs an example, that yee should follow his steps."
            },
            {
               "verse": 22,
               "text": "Who did no sinne, neither was guile found in his mouth."
            },
            {
               "verse": 23,
               "text": "Who when hee was reuiled, reuiled not againe; when hee suffered, hee threatned not, but committed himselfe to him that iudgeth righteously."
            },
            {
               "verse": 24,
               "text": "Who his owne selfe bare our sinnes in his owne body on the tree, that wee being dead to sinnes, should liue vnto righteousnesse, by whose stripes ye were healed."
            },
            {
               "verse": 25,
               "text": "For yee were as sheepe going astray, but are now returned vnto the shepheard and Bishop of your soules."
            }
         ]
      },
      {
         "chapter": 3,
         "verses": [
            {
               "verse": 1,
               "text": "Likewise, ye wiues, be in subiection to your owne husbands, that if any obey not the word, they also may without the word be wonne by the conuersation of the wiues:"
            },
            {
               "verse": 2,
               "text": "While they beholde your chaste conuersation coupled with feare:"
            },
            {
               "verse": 3,
               "text": "Whose adorning, let it not bee that outward adorning, of plaiting the haire, and of wearing of gold, or of putting on of apparell."
            },
            {
               "verse": 4,
               "text": "But let it bee the hidden man of the heart, in that which is not corruptible, euen the ornament of a meeke and quiet spirit, which is in the sight of God of great price."
            },
            {
               "verse": 5,
               "text": "For after this manner in the olde time, the holy women also who trusted in God adorned themselues, beeing in subiection vnto their owne husbands."
            },
            {
               "verse": 6,
               "text": "Euen as Sara obeyed Abraham, calling him Lord, whose daughters ye are as long as ye doe well, and are not afraid with any amazement."
            },
            {
               "verse": 7,
               "text": "Likewise ye husbands, dwel with them according to knowledge, giuing honour vnto the wife as vnto the weaker vessel, and as being heires together of the grace of life, that your prayers be not hindered."
            },
            {
               "verse": 8,
               "text": "Finally be ye all of one minde, hauing compassion one of another, loue as brethren, be pitifull, be courteous,"
            },
            {
               "verse": 9,
               "text": "Not rendring euill for euill, or railing for railing: but contrarywise blessing, knowing that yee are thereunto called, that ye should inherite a blessing."
            },
            {
               "verse": 10,
               "text": "For hee that will loue life, and see good dayes, let him refraine his tongue from euil, and his lips that they speake no guile:"
            },
            {
               "verse": 11,
               "text": "Let him eschew euil and do good, let him seeke peace and ensue it."
            },
            {
               "verse": 12,
               "text": "For the eyes of the Lord are ouer the righteous, and his eares are open vnto their prayers: but the face of the Lord is against them that doe euill."
            },
            {
               "verse": 13,
               "text": "And who is hee that will harme you, if ye bee followers of that which is good?"
            },
            {
               "verse": 14,
               "text": "But and if ye suffer for righteousnes sake, happy are ye, and be not afraid of their terrour, neither be troubled:"
            },
            {
               "verse": 15,
               "text": "But sanctifie the Lord God in your hearts, & be ready alwayes to giue an answere to euery man that asketh you a reason of the hope that is in you, with meekenesse and feare:"
            },
            {
               "verse": 16,
               "text": "Hauing a good conscience, that whereas they speake euill of you, as of euill doers, they may bee ashamed that falsly accuse your good conuersation in Christ."
            },
            {
               "verse": 17,
               "text": "For it is better, if the will of God be so, that yee suffer for well doing, then for euill doing."
            },
            {
               "verse": 18,
               "text": "For Christ also hath once suffered for sinnes, the iust for the vniust, that he might bring vs to God, being put to death in the flesh, but quickened by the Spirit."
            },
            {
               "verse": 19,
               "text": "By which also he went and preached vnto the spirits in prison,"
            },
            {
               "verse": 20,
               "text": "Which sometime were disobedient, when once the long-suffering of God waited in the dayes of Noah, while the Arke was a preparing: wherein few, that is, eight soules were saued by water."
            },
            {
               "verse": 21,
               "text": "The like figure whereunto, euen Baptisme, doth also now saue vs, (not the putting away of the filth of the flesh, but the answere of a good conscience toward God,) by the resurrection of Iesus Christ."
            },
            {
               "verse": 22,
               "text": "Who is gone into heauen, and is on the right hand of God, Angels, and authorities, and powers being made subiect vnto him."
            }
         ]
      },
      {
         "chapter": 4,
         "verses": [
            {
               "verse": 1,
               "text": "For asmuch then as Christ hath suffered for vs in the flesh, arme your selues likewise with the same minde: for hee that hath suffered in the flesh, hath ceassed from sinne:"
            },
            {
               "verse": 2,
               "text": "That he no longer should liue the rest of his time in the flesh, to the lusts of men, but to the will of God."
            },
            {
               "verse": 3,
               "text": "For the time past of our life may suffice vs to haue wrought the will of the Gentiles, when we walked in lasciuiousnes, lusts, excesse of wine, reuellings, banquetings, and abhominable idolatries."
            },
            {
               "verse": 4,
               "text": "Wherein they thinke it strange, that you runne not with them to the same excesse of riot, speaking euil of you:"
            },
            {
               "verse": 5,
               "text": "Who shal giue accompt to him that is ready to iudge the quicke & the dead."
            },
            {
               "verse": 6,
               "text": "For, for this cause was the Gospel preached also to them that are dead, that they might bee iudged according to men in the flesh, but liue according to God in the spirit."
            },
            {
               "verse": 7,
               "text": "But the ende of all things is at hand: be ye therefore sober and watch vnto prayer."
            },
            {
               "verse": 8,
               "text": "And aboue all things haue feruent charitie among your selues: for charity shall couer the multitude of sinnes."
            },
            {
               "verse": 9,
               "text": "Use hospitalitie one to another without grudging."
            },
            {
               "verse": 10,
               "text": "As euery man hath receiued the gift, euen so minister the same one to another, as good stewards of the manifold grace of God."
            },
            {
               "verse": 11,
               "text": "If any man speake, let him speake as the oracles of God: if any man minister, let him doe it as of the ability which God giueth, that God in all things may bee glorified through Iesus Christ, to whom be praise and dominion for euer and euer. Amen."
            },
            {
               "verse": 12,
               "text": "Beloued, thinke it not strange concerning the fiery triall, which is to try you, as though some strange thing happened vnto you."
            },
            {
               "verse": 13,
               "text": "But reioyce in as much as yee are partakers of Christes sufferings; that when his glory shalbe reueiled, ye may be glad also with exceeding ioy."
            },
            {
               "verse": 14,
               "text": "If ye be reproched for the Name of Christ, happie are ye, for the spirit of glory, and of God resteth vpon you: on their part hee is euill spoken of, but on your part he is glorified."
            },
            {
               "verse": 15,
               "text": "But let none of you suffer as a murtherer, or as a theefe, or as an euill doer, or as a busibody in other mens matters."
            },
            {
               "verse": 16,
               "text": "Yet if any man suffer as a Christian, let him not be ashamed, but let him glorifie God on this behalfe."
            },
            {
               "verse": 17,
               "text": "For the time is come that iudgement must begin at the house of God: and if it first begin at vs, what shall the ende bee of them that obey not the Gospel of God?"
            },
            {
               "verse": 18,
               "text": "And if the righteous scarcely be saued, where shall the vngodly and the sinner appeare?"
            },
            {
               "verse": 19,
               "text": "Wherfore, let them that suffer according to the will of God, commit the keeping of their soules to him in well doing, as vnto a faithfull Creator."
            }
         ]
      },
      {
         "chapter": 5,
         "verses": [
            {
               "verse": 1,
               "text": "The Elders which are among you I exhort, who am also an Elder, and a witnesse of the sufferings of Christ, and also a partaker of the glory that shall be reuealed."
            },
            {
               "verse": 2,
               "text": "Feede the flocke of God which is among you, taking the ouersight thereof, not by constraint, but willingly: not for filthy lucre, but of a ready minde:"
            },
            {
               "verse": 3,
               "text": "Neither as being lords ouer Gods heritage: but being ensamples to the flocke."
            },
            {
               "verse": 4,
               "text": "And when the chiefe shepheard shall appeare, ye shall receiue a crowne of glory that fadeth not away."
            },
            {
               "verse": 5,
               "text": "Likewise ye yonger, submit your selues vnto the elder: yea, all of you bee subiect one to another, and bee clothed with humilitie: for God resisteth the proud, and giueth grace to the humble."
            },
            {
               "verse": 6,
               "text": "Humble yourselues therefore vnder the mighty hand of God, that hee may exalt you in due time,"
            },
            {
               "verse": 7,
               "text": "Casting all your care vpon him, for he careth for you."
            },
            {
               "verse": 8,
               "text": "Be sober, be vigilant: because your aduersary the deuill, as a roaring Lion walketh about, seeking whom he may deuoure."
            },
            {
               "verse": 9,
               "text": "Whom resist stedfast in the faith, knowing that the same afflictions are accomplished in your brethren that are in the world."
            },
            {
               "verse": 10,
               "text": "But the God of all grace who hath called vs into his eternall glory by Christ Iesus, after that ye haue suffered a while, make you perfect, stablish, strengthen, settle you."
            },
            {
               "verse": 11,
               "text": "To him bee glory and dominion for euer and euer. Amen."
            },
            {
               "verse": 12,
               "text": "By Syluanus a faithfull brother vnto you, (as I suppose) I haue written briefly, exhorting, & testifying, that this is the true grace of God wherein ye stand."
            },
            {
               "verse": 13,
               "text": "The Church that is at Babylon elected, together with you, saluteth you, and so doth Marcus my sonne."
            },
            {
               "verse": 14,
               "text": "Greete yee one another with a kisse of charity: Peace bee with you all that are in Christ Iesus. Amen."
            }
         ]
      }
   ]
}