{
   "book": "1 Thessalonians",
   "chapter-count": "5",
   "chapters": [
      {
         "chapter": 1,
         "verses": [
            {
               "verse": 1,
               "text": "Paul and Siluanus, and Timotheus, vnto the Church of the Thessalonians, which is in God the Father, and in the Lord Iesus Christ: grace be vnto you, and peace from God our Father, and the Lord Iesus Christ."
            },
            {
               "verse": 2,
               "text": "We giue thankes to God alwaies for you all, making mention of you in our prayers,"
            },
            {
               "verse": 3,
               "text": "Remembring without ceasing your worke of faith, and labour of loue, and patience of hope in our Lord Iesus Christ, in the sight of God and our Father:"
            },
            {
               "verse": 4,
               "text": "Knowing, brethren beloued, your election of God."
            },
            {
               "verse": 5,
               "text": "For our Gospel came not vnto you in word onely: but also in power, and in the holy Ghost, and in much assurance, as yee know what maner of men we were among you for your sake."
            },
            {
               "verse": 6,
               "text": "And yee became followers of vs, and of the Lord, hauing receiued the word in much affliction, with ioy of the holy Ghost:"
            },
            {
               "verse": 7,
               "text": "So that ye were ensamples to all that beleeue in Macedonia and Achaia."
            },
            {
               "verse": 8,
               "text": "For from you sounded out the Word of the Lord, not onely in Macedonia & Achaia, but also in euery place your faith to Godward is spred abroad, so that we need not to speak any thing."
            },
            {
               "verse": 9,
               "text": "For they themselues shew of vs, what maner of entring in we had vnto you, and how yee turned to God from idols, to serue the liuing, and true God,"
            },
            {
               "verse": 10,
               "text": "And to waite for his sonne from heauen whom he raised from the dead, euen Iesus which deliuered vs from the wrath to come."
            }
         ]
      },
      {
         "chapter": 2,
         "verses": [
            {
               "verse": 1,
               "text": "For your selues, brethren, knowe our entrance in vnto you, that it was not in vaine."
            },
            {
               "verse": 2,
               "text": "But euen after that wee had suffered before, and were shamefully entreated, as ye know, at Philippi, wee were bold in our God, to speake vnto you the Gospel of God with much contention."
            },
            {
               "verse": 3,
               "text": "For our exhortation was not of deceite, nor of vncleannesse, nor in guile:"
            },
            {
               "verse": 4,
               "text": "But as we were allowed of God to bee put in trust with the Gospel, euen so wee speake, not as pleasing men, but God, which trieth our hearts."
            },
            {
               "verse": 5,
               "text": "For neither at any time vsed wee flattering wordes, as yee knowe, nor a cloke of couetousnesse, God is witnesse:"
            },
            {
               "verse": 6,
               "text": "Nor of men sought we glorie, neither of you, nor yet of others, when we might haue beene burdensome, as the Apostles of Christ."
            },
            {
               "verse": 7,
               "text": "But wee were gentle among you, euen as a nurse cherisheth her children:"
            },
            {
               "verse": 8,
               "text": "So being affectionately desirous of you, we were willing to haue imparted vnto you, not the Gospel of God only, but also our owne soules, because ye were deare vnto vs."
            },
            {
               "verse": 9,
               "text": "For yee remember, brethren, our labour and trauaile: for labourng night and day, because wee would not bee chargeable vnto any of you, wee preached vnto you the Gospel of God."
            },
            {
               "verse": 10,
               "text": "Yee are witnesses, and God also, how holily, and iustly, and vnblameably wee behaued our selues among you that beleeue."
            },
            {
               "verse": 11,
               "text": "As you know, how wee exhorted and comforted, and charged euery one of you, (as a father doeth his children,)"
            },
            {
               "verse": 12,
               "text": "That ye would walke worthy of God, who hath called you vnto his kingdome and glory."
            },
            {
               "verse": 13,
               "text": "For this cause also thanke wee God without ceasing, because when yee receiued the word of God, which yee heard of vs, yee receiued it not as the word of men, but (as it is in trueth) the word of God, which effectually worketh also in you that beleeue."
            },
            {
               "verse": 14,
               "text": "For yee, brethren, became followers of the Churches of God, which in Iudea are in Christ Iesus: for ye also haue suffered like things of your owne countreymen, euen as they haue of the Iewes:"
            },
            {
               "verse": 15,
               "text": "Who both killed the Lord Iesus, and their owne Prophets, and haue persecuted vs: and they please not God, and are contrary to all men:"
            },
            {
               "verse": 16,
               "text": "Forbidding vs to speake to the Gentiles, that they might bee saued, to fill vp their sinnes alway: for the wrath is come vpon them to the vttermost."
            },
            {
               "verse": 17,
               "text": "But wee, brethren, beeing taken from you for a short time, in presence, not in heart, endeuored the more abundantly to see your face with great desire."
            },
            {
               "verse": 18,
               "text": "Wherefore we would haue come vnto you (euen I Paul) once & againe: but Satan hindered vs."
            },
            {
               "verse": 19,
               "text": "For what is our hope, or ioy, or crowne of reioycing? Are not euen ye in the presence of our Lord Iesus Christ at his comming?"
            },
            {
               "verse": 20,
               "text": "For, ye are our glory and ioy."
            }
         ]
      },
      {
         "chapter": 3,
         "verses": [
            {
               "verse": 1,
               "text": "Wherefore when wee could no longer forbeare, wee thought it good to bee left at Athens alone:"
            },
            {
               "verse": 2,
               "text": "And sent Timotheus our brother and minister of God, and our fellow labourer in the Gospel of Christ, to establish you, and to comfort you concerning your faith:"
            },
            {
               "verse": 3,
               "text": "That no man should be mooued by these afflictions: for your selues know that we are appointed therunto."
            },
            {
               "verse": 4,
               "text": "For verily when wee were with you, we told you before, that we should suffer tribulation, euen as it came to passe and ye know."
            },
            {
               "verse": 5,
               "text": "For this cause when I could no longer forbeare, I sent to know your faith, lest by some meanes the tempter haue tempted you, and our labor be in vaine."
            },
            {
               "verse": 6,
               "text": "But now when Timotheus came from you vnto vs, and brought vs good tidings of your faith and charitie, and that ye haue good remembrance of vs alwayes, desiring greatly to see vs, as we also to see you:"
            },
            {
               "verse": 7,
               "text": "Therefore brethren, wee were comforted ouer you in all our affliction and distresse, by your faith:"
            },
            {
               "verse": 8,
               "text": "For now we liue, if ye stand fast in the Lord."
            },
            {
               "verse": 9,
               "text": "For what thankes can we render to God againe for you, for all the ioy wherewith wee ioy for your sakes before our God,"
            },
            {
               "verse": 10,
               "text": "Night & day praying exceedingly that we might see your face, and might perfect that which is lacking in your faith?"
            },
            {
               "verse": 11,
               "text": "Now God himselfe and our Father, and our Lord Iesus Christ direct our way vnto you."
            },
            {
               "verse": 12,
               "text": "And the Lorde make you to increase, & abound in loue one towards another, and towards all men, euen as we doe towards you:"
            },
            {
               "verse": 13,
               "text": "To the end hee may stablish your hearts vnblameable in holinesse before God euen our Father, at the comming of our Lord Iesus Christ with all his Saints."
            }
         ]
      },
      {
         "chapter": 4,
         "verses": [
            {
               "verse": 1,
               "text": "Furthermore then we beseech you, brethren, and exhort you by the Lord Iesus, that as yee haue receiued of vs, how ye ought to walke, and to please God, so yee would abound more and more."
            },
            {
               "verse": 2,
               "text": "For yee know what commandements wee gaue you, by the Lord Iesus."
            },
            {
               "verse": 3,
               "text": "For this is the will of God, euen your sanctification, that yee should absteine from fornication:"
            },
            {
               "verse": 4,
               "text": "That euery one of you should know how to possesse his vessell in sanctification and honour:"
            },
            {
               "verse": 5,
               "text": "Not in the lust of concupiscence, euen as the Gentiles which know not God:"
            },
            {
               "verse": 6,
               "text": "That no man goe beyond and defraud his brother in any matter, because that the Lord is the auenger of all such; as we also haue forewarned you, and testified:"
            },
            {
               "verse": 7,
               "text": "For God hath not called vs vnto vncleannesse, but vnto holinesse."
            },
            {
               "verse": 8,
               "text": "He therefore that despiseth, despiseth not man, but God, who hath also giuen vnto vs his holy Spirit."
            },
            {
               "verse": 9,
               "text": "But as touching brotherly loue, ye need not that I write vnto you: for yee your selues are taught of God to loue one an other."
            },
            {
               "verse": 10,
               "text": "And in deed ye doe it towards all the brethren, which are in all Macedonia: but we beseech you, brethren, that ye increase more and more:"
            },
            {
               "verse": 11,
               "text": "And that ye studie to be quiet, and to doe your owne businesse, and to worke with your owne hands, (as wee commanded you:)"
            },
            {
               "verse": 12,
               "text": "That ye may walke honestly toward them that are without, and that ye may haue lacke of nothing."
            },
            {
               "verse": 13,
               "text": "But I would not haue you to be ignorant, brethren, concerning them which are asleepe, that ye sorrow not, euen as others which haue no hope."
            },
            {
               "verse": 14,
               "text": "For if we beleeue that Iesus died, and rose againe: euen so them also which sleepe in Iesus, will God bring with him."
            },
            {
               "verse": 15,
               "text": "For this we say vnto you by the word of the Lord, That we which are aliue and remaine vnto the comming of the Lord, shall not preuent them which are asleepe."
            },
            {
               "verse": 16,
               "text": "For the Lord himselfe shall descend from heauen with a shout, with the voyce of the Archangel, and with the trumpe of God: and the dead in Christ shall rise first."
            },
            {
               "verse": 17,
               "text": "Then we which are aliue, and remaine, shalbe caught vp together with them in the clouds, to meet the Lord in the aire: and so shall wee euer bee with the Lord."
            },
            {
               "verse": 18,
               "text": "Wherefore, comfort one an other with these words."
            }
         ]
      },
      {
         "chapter": 5,
         "verses": [
            {
               "verse": 1,
               "text": "But of the times and the seasons, brethren, yee haue no need that I write vnto you."
            },
            {
               "verse": 2,
               "text": "For your selues knowe perfectly that the day of the Lord so commeth as a thiefe in the night."
            },
            {
               "verse": 3,
               "text": "For when they shal say, Peace and safety: then sudden destructi&#333; commeth vpon them, as trauaile vpon a woman with childe, and they shall not escape."
            },
            {
               "verse": 4,
               "text": "But ye, brethren, are not in darkenesse, that that day should ouertake you as a thiefe."
            },
            {
               "verse": 5,
               "text": "Yee are all the children of light, and the children of the day: we are not of the night, nor of darkenesse."
            },
            {
               "verse": 6,
               "text": "Therefore let vs not sleepe, as doe others: but let vs watch and be sober."
            },
            {
               "verse": 7,
               "text": "For they that sleepe, sleepe in the night, and they that bee drunken, are drunken in the night."
            },
            {
               "verse": 8,
               "text": "But let vs who are of the day, bee sober, putting on the brestplate of faith and loue, and for an helmet, the hope of saluation."
            },
            {
               "verse": 9,
               "text": "For God hath not appointed vs to wrath: but to obtaine saluation by our Lord Iesus Christ,"
            },
            {
               "verse": 10,
               "text": "Who died for vs, that whether we wake or sleepe, we should liue together with him."
            },
            {
               "verse": 11,
               "text": "Wherefore, comfort your selues together, and edifie one another, euen as also ye doe."
            },
            {
               "verse": 12,
               "text": "And we beseech you, brethren, to know them which labour among you, and are ouer you in the Lord, and admonish you:"
            },
            {
               "verse": 13,
               "text": "And to esteeme them very highly in loue for their workes sake, and be at peace among your selues."
            },
            {
               "verse": 14,
               "text": "Now we exhort you, brethren, warne them that are vnruly, comfort the feeble minded, support the weake, be patient toward all men."
            },
            {
               "verse": 15,
               "text": "See that none render euill for euill vnto any man: but euer follow that which is good, both among your selues and to all men."
            },
            {
               "verse": 16,
               "text": "Reioyce euermore:"
            },
            {
               "verse": 17,
               "text": "Pray without ceasing:"
            },
            {
               "verse": 18,
               "text": "In euery thing giue thankes: for this is the will of God in Christ Iesus concerning you."
            },
            {
               "verse": 19,
               "text": "Quench not the spirit:"
            },
            {
               "verse": 20,
               "text": "Despise not prophecyings:"
            },
            {
               "verse": 21,
               "text": "Proue all things: hold fast that which is good."
            },
            {
               "verse": 22,
               "text": "Abstaine from all appearance of euill."
            },
            {
               "verse": 23,
               "text": "And the very God of peace sanctifie you wholly: and I pray God your whole spirit, and soule, and body be preserued blamelesse vnto the comming of our Lord Iesus Christ."
            },
            {
               "verse": 24,
               "text": "Faithfull is hee that calleth you, who also will doe it."
            },
            {
               "verse": 25,
               "text": "Brethren, pray for vs."
            },
            {
               "verse": 26,
               "text": "Greete all the brethren with an holy kisse."
            },
            {
               "verse": 27,
               "text": "I charge you by the Lord, that this Epistle bee read vnto all the holy brethren."
            },
            {
               "verse": 28,
               "text": "The grace of our Lord Iesus Christ be with you, Amen. The first Epistle vnto the Thessalonians, was written from Athens."
            }
         ]
      }
   ]
}