{
   "book": "1 Timothy",
   "chapter-count": "6",
   "chapters": [
      {
         "chapter": 1,
         "verses": [
            {
               "verse": 1,
               "text": "Paul an Apostle of Iesus Christ by the commaundement of God our Sauiour, & Lord Iesus Christ which is our hope,"
            },
            {
               "verse": 2,
               "text": "Unto Timothie my own sonne in the Faith: Grace, mercie, and peace from God our Father, and Iesus Christ our Lord."
            },
            {
               "verse": 3,
               "text": "As I besought thee to abide still at Ephesus when I went into Macedonia, that thou mightest charge some that they teach no other doctrine,"
            },
            {
               "verse": 4,
               "text": "Neither giue heed to fables, and endlesse genealogies, which minister questions, rather then edifying which is in faith: so doe."
            },
            {
               "verse": 5,
               "text": "Now the end of the commandement is charity, out of a pure heart, and of a good conscience, and of faith vnfained."
            },
            {
               "verse": 6,
               "text": "From which some hauing swarued, haue turned aside vnto vaine iangling,"
            },
            {
               "verse": 7,
               "text": "Desiring to bee teachers of the Law, vnderst&#257;ding neither what they say, nor whereof they affirme."
            },
            {
               "verse": 8,
               "text": "But we know that the Law is good, if a man vse it lawfully."
            },
            {
               "verse": 9,
               "text": "Knowing this, that the Law is not made for a righteous man, but for the lawlesse and disobedient, for the vngodly, and for sinners, for vnholy, and profane, for murderers of fathers, and murderers of mothers, for manslayers,"
            },
            {
               "verse": 10,
               "text": "For whoremongers, for them that defile themselues with mankinde, for men-stealers, for liars, for periured persons, and if there be any other thing that is contrary to sound doctrine,"
            },
            {
               "verse": 11,
               "text": "According to the glorious Gospel of the blessed God, which was committed to my trust."
            },
            {
               "verse": 12,
               "text": "And I thanke Christ Iesus our Lord, who hath enabled mee: for that he counted me faithfull, putting me into the Ministerie,"
            },
            {
               "verse": 13,
               "text": "Who was before a blasphemer, and a persecuter, and iniurious. But I obtained mercie, because I did it ignorantly, in vnbeliefe."
            },
            {
               "verse": 14,
               "text": "And the grace of our Lord was exceeding abundant, with faith, & loue, which is in Christ Iesus."
            },
            {
               "verse": 15,
               "text": "This is a faithfull saying, and worthy of all acceptation, that Christ Iesus came into the world to saue sinners, of whom I am chiefe."
            },
            {
               "verse": 16,
               "text": "Howbeit, for this cause I obtained mercy, that in me first, Iesus Christ might shew foorth all long suffering, for a paterne to them which should hereafter beleeue on him to life euerlasting."
            },
            {
               "verse": 17,
               "text": "Now vnto &thorn; king eternal, immortall, inuisible, the onely wise God, be honour and glory for euer & euer. Amen."
            },
            {
               "verse": 18,
               "text": "This charge I commit vnto thee, sonne Timothie, according to the prophesies which went before on thee, that thou by them mightest warre a good warfare,"
            },
            {
               "verse": 19,
               "text": "Holding faith, and a good conscience, which some hauing put away, concerning faith, haue made shipwracke."
            },
            {
               "verse": 20,
               "text": "Of whom is Hymeneus and Alexander, whome I haue deliuered vnto Satan, that they may learne not to blaspheme."
            }
         ]
      },
      {
         "chapter": 2,
         "verses": [
            {
               "verse": 1,
               "text": "I exhort therefore, that first of all, supplications, prayers, intercessions, and giuing of thanks be made for all men:"
            },
            {
               "verse": 2,
               "text": "For Kings, and for all that are in authoritie, that we may leade a quiet and peaceable life in all godlinesse and honestie."
            },
            {
               "verse": 3,
               "text": "For this is good and acceptable in the sight of God our Sauiour,"
            },
            {
               "verse": 4,
               "text": "Who will haue all men to bee saued, and to come vnto the knowledge of the trueth."
            },
            {
               "verse": 5,
               "text": "For there is one God, and one Mediatour betweene God and men, the man Christ Iesus,"
            },
            {
               "verse": 6,
               "text": "Who gaue himselfe a ransome for all, to be testified in due time."
            },
            {
               "verse": 7,
               "text": "Whereunto I am ordained a preacher, and an Apostle (I speake the trueth in Christ, and lie not) a teacher of the Gentiles in faith and veritie."
            },
            {
               "verse": 8,
               "text": "I will therefore that men pray euery where, lifting vp holy handes without wrath, and doubting."
            },
            {
               "verse": 9,
               "text": "In like maner also, that women adorne themselues in modest apparell, with shamefastnesse and sobrietie, not with broided haire, or gold, or pearles, or costly aray,"
            },
            {
               "verse": 10,
               "text": "But (which becommeth women professing godlines) with good works."
            },
            {
               "verse": 11,
               "text": "Let the woman learne in silence with all subiection:"
            },
            {
               "verse": 12,
               "text": "But I suffer not a woman to teach, nor to vsurpe authoritie ouer the man, but to be in silence."
            },
            {
               "verse": 13,
               "text": "For Adam was first formed, then Eue:"
            },
            {
               "verse": 14,
               "text": "And Adam was not deceiued, but the woman being deceiued was in the transgression:"
            },
            {
               "verse": 15,
               "text": "Notwithstanding she shall be saued in child-bearing, if they continue in faith and charitie, and holinesse, with sobrietie."
            }
         ]
      },
      {
         "chapter": 3,
         "verses": [
            {
               "verse": 1,
               "text": "This is a true saying: If a man desire the office of a Bishop, he desireth a good worke."
            },
            {
               "verse": 2,
               "text": "A Bishop then must be blamelesse, the husband of one wife, vigilant, sober, of good behauiour, giuen to hospitalitie, apt to teach;"
            },
            {
               "verse": 3,
               "text": "Not giuen to wine, no striker, not greedy of filthy lucre, but patient, not a brawler, not couetous;"
            },
            {
               "verse": 4,
               "text": "One that ruleth well his owne house, hauing his children in subiection with all grauitie."
            },
            {
               "verse": 5,
               "text": "(For if a man know not how to rule his owne house, how shall he take care of the Church of God?)"
            },
            {
               "verse": 6,
               "text": "Not a nouice, lest being lifted vp with pride, hee fall into the condemnation of the deuill."
            },
            {
               "verse": 7,
               "text": "Moreouer, hee must haue a good report of them which are without, lest he fall into reproch, and the snare of the deuill."
            },
            {
               "verse": 8,
               "text": "Likewise must the Deacons bee graue, not double tongued, not giuen to much wine, not greedy of filthy lucre,"
            },
            {
               "verse": 9,
               "text": "Holding the mysterie of the faith in a pure conscience."
            },
            {
               "verse": 10,
               "text": "And let these also first be proued; then let them vse the office of a Deacon, being found blamelesse."
            },
            {
               "verse": 11,
               "text": "Euen so must their wiues be graue; not slanderers, sober, faithfull in all things."
            },
            {
               "verse": 12,
               "text": "Let the Deacons be the husbands of one wife, ruling their children, and their owne houses well."
            },
            {
               "verse": 13,
               "text": "For they that haue vsed the office of a Deacon well, purchase to themselues a good degree, and great boldnesse in the faith, which is in Christ Iesus."
            },
            {
               "verse": 14,
               "text": "These things write I vnto thee, hoping to come vnto thee shortly."
            },
            {
               "verse": 15,
               "text": "But if I tary long, that thou mayest know how thou oughtest to behaue thy selfe in the House of God, which is the Church of the liuing God, the pillar and ground of the trueth."
            },
            {
               "verse": 16,
               "text": "And without controuersie, great is the mysterie of godlinesse: God was manifest in the flesh, iustified in the Spirit, seene of Angels, preached vnto the Gentiles, beleeued on in the world, receiued vp into glory."
            }
         ]
      },
      {
         "chapter": 4,
         "verses": [
            {
               "verse": 1,
               "text": "Now the Spirit speaketh expresly, that in the latter times some shall depart from the faith, giuing heed to seducing spirits, and doctrines of deuils:"
            },
            {
               "verse": 2,
               "text": "Speaking lies in hypocrisie, hauing their conscience seared with a hote iron,"
            },
            {
               "verse": 3,
               "text": "Forbidding to marry, and commanding to absteine from meates, which God hath created to bee receiued with thankesgiuing of them which beleeue, and know the trueth."
            },
            {
               "verse": 4,
               "text": "For euery creature of God is good, and nothing to be refused, if it be receiued with thankesgiuing:"
            },
            {
               "verse": 5,
               "text": "For it is sanctified by the word of God, and prayer."
            },
            {
               "verse": 6,
               "text": "If thou put the brethren in remembrance of these things, thou shalt be a good minister of Iesus Christ, nourished vp in the wordes of faith, and of good doctrine, whereunto thou hast attained."
            },
            {
               "verse": 7,
               "text": "But refuse prophane and olde wiues fables, and exercise thy selfe rather vnto godlinesse."
            },
            {
               "verse": 8,
               "text": "For bodily exercise profiteth litle, but godlinesse is profitable vnto all things, hauing promise of the life that now is, and of that which is to come."
            },
            {
               "verse": 9,
               "text": "This is a faithful saying, and worthy of all acceptation:"
            },
            {
               "verse": 10,
               "text": "For therfore we both labour, and suffer reproch, because we trust in the liuing God, who is the Sauiour of all men, specially of those that beleeue."
            },
            {
               "verse": 11,
               "text": "These things command & teach."
            },
            {
               "verse": 12,
               "text": "Let no man despise thy youth, but be thou an example of the beleeuers, in word, in conuersation, in charitie, in spirit, in faith, in puritie."
            },
            {
               "verse": 13,
               "text": "Till I come, giue attendance to reading, to exhortation, to doctrine."
            },
            {
               "verse": 14,
               "text": "Neglect not the gift that is in thee, which was giuen thee by prophesie, with the laying on of the hands of the Presbyterie."
            },
            {
               "verse": 15,
               "text": "Meditate vpon these things, giue thy selfe wholly to them, that thy profiting may appeare to all."
            },
            {
               "verse": 16,
               "text": "Take heed vnto thy selfe, and vnto the doctrine: continue in them: for in doing this, thou shalt both saue thy selfe, and them that heare thee."
            }
         ]
      },
      {
         "chapter": 5,
         "verses": [
            {
               "verse": 1,
               "text": "Rebuke not an Elder, but intreate him as a father, and the yonger men as brethren:"
            },
            {
               "verse": 2,
               "text": "The elder women as mothers, the yonger as sisters with all puritie."
            },
            {
               "verse": 3,
               "text": "Honour widowes that are widowes indeed."
            },
            {
               "verse": 4,
               "text": "But if any widow haue children or nephewes, let them learne first to shew pietie at home, and to requite their parents: for that is good and acceptable before God."
            },
            {
               "verse": 5,
               "text": "Now she that is a widow in deed, and desolate, trusteth in God, and continueth in supplications and prayers night and day."
            },
            {
               "verse": 6,
               "text": "But she that liueth in pleasure, is dead while she liueth."
            },
            {
               "verse": 7,
               "text": "And these things giue in charge, that they may be blamelesse."
            },
            {
               "verse": 8,
               "text": "But if any prouide not for his owne, & specially for those of his owne house, hee hath denied the faith, and is worse then an infidel."
            },
            {
               "verse": 9,
               "text": "Let not a widow bee taken into the number, vnder threescore yeeres old, hauing bene the wife of one man,"
            },
            {
               "verse": 10,
               "text": "Well reported of for good works, if shee haue brought vp children, if shee haue lodged strangers, if she haue washed the Saints feet, if shee haue releeued the afflicted, if shee haue diligently followed euery good worke."
            },
            {
               "verse": 11,
               "text": "But the yonger widowes refuse: for when they haue begunne to waxe wanton against Christ, they will marry,"
            },
            {
               "verse": 12,
               "text": "Hauing damnation, because they haue cast off their first faith."
            },
            {
               "verse": 13,
               "text": "And withall they learne to bee idle, wandering about from house to house; and not onely idle, but tatlers also, and busibodies, speaking things which they ought not."
            },
            {
               "verse": 14,
               "text": "I will therefore that the yonger women marry, beare children, guid the house, giue none occasion to the aduersary to speake reprochfully."
            },
            {
               "verse": 15,
               "text": "For some are already turned aside after Satan."
            },
            {
               "verse": 16,
               "text": "If any man or woman that beleeueth haue widowes, let them relieue them, and let not the Church be charged, that it may relieue them that are widowes indeed."
            },
            {
               "verse": 17,
               "text": "Let the Elders that rule well, be counted worthy of double honour, especially they who labour in the word and doctrine."
            },
            {
               "verse": 18,
               "text": "For the Scripture saith, Thou shalt not mousell the oxe that treadeth out the corne: and, The labourer is worthy of his reward."
            },
            {
               "verse": 19,
               "text": "Against an Elder receiue not an accusation, but before two or three witnesses."
            },
            {
               "verse": 20,
               "text": "Them that sinne rebuke before all, that others also may feare."
            },
            {
               "verse": 21,
               "text": "I charge thee before God, and the Lord Iesus Christ, and the elect Angels, that thou obserue these things without preferring one before another, doing nothing by partialitie."
            },
            {
               "verse": 22,
               "text": "Lay hands suddenly on no man, neither bee partaker of other mens sinnes. Keepe thy selfe pure."
            },
            {
               "verse": 23,
               "text": "Drinke no longer water, but vse a little wine for thy stomackes sake, and thine often infirmities."
            },
            {
               "verse": 24,
               "text": "Some mens sinnes are open before hand, going before to iudgement: and some men they follow after."
            },
            {
               "verse": 25,
               "text": "Likewise also the good works of some are manifest before hand, and they that are otherwise, cannot be hid."
            }
         ]
      },
      {
         "chapter": 6,
         "verses": [
            {
               "verse": 1,
               "text": "Let as many seruants as are vnder the yoke, count their owne masters worthy of all honour, that the Name of God, and his doctrine be not blasphemed."
            },
            {
               "verse": 2,
               "text": "And they that haue beleeuing masters, let them not despise them because they are brethren: but rather doe them seruice, because they are faithfull and beloued, partakers of the benefite: These things teach and exhort."
            },
            {
               "verse": 3,
               "text": "If any man teach otherwise, and consent not to wholesome words, euen the wordes of our Lord Iesus Christ, and to the doctrine which is according to godlinesse:"
            },
            {
               "verse": 4,
               "text": "Hee is proud, knowing nothing, but doting about questions, and strifes of wordes, whereof commeth enuie, strife, railings, euill surmisings,"
            },
            {
               "verse": 5,
               "text": "Peruerse disputings of men of corrupt mindes, and destitute of the trueth, supposing that gaine is godlinesse: From such withdraw thy selfe."
            },
            {
               "verse": 6,
               "text": "But godlinesse with contentment is great gaine."
            },
            {
               "verse": 7,
               "text": "For we brought nothing into this world, and it is certaine we can cary nothing out."
            },
            {
               "verse": 8,
               "text": "And hauing food and raiment let vs be therewith content."
            },
            {
               "verse": 9,
               "text": "But they that will be rich, fall into temptation and a snare, and into many foolish & hurtfull lusts, which drowne men in destruction and perdition."
            },
            {
               "verse": 10,
               "text": "For the loue of money is the root of all euill, which while some coueted after, they haue erred from the faith, and pierced themselues through with many sorrowes."
            },
            {
               "verse": 11,
               "text": "But thou, O man of God, flie these things; and follow after righteousnesse, godlinesse, faith, loue, patience, meekenesse."
            },
            {
               "verse": 12,
               "text": "Fight the good fight of faith, lay hold on eternall life, whereunto thou art also called, and hast professed a good profession before many witnesses."
            },
            {
               "verse": 13,
               "text": "I giue thee charge in the sight of God, who quickneth all things, and before Christ Iesus, who before Pontius Pilate witnessed a good Confession,"
            },
            {
               "verse": 14,
               "text": "That thou keepe this commandement without spot, vnrebukeable, vntill the appearing of our Lord Iesus Christ."
            },
            {
               "verse": 15,
               "text": "Which in his times he shall shew, who is the blessed, and onely Potentate, the King of kings, and Lord of lords:"
            },
            {
               "verse": 16,
               "text": "Who onely hath immortalitie, dwelling in the light, which no man can approch vnto, whom no man hath seene, nor can see: to whom be honour and power euerlasting. Amen."
            },
            {
               "verse": 17,
               "text": "Charge them that are rich in this world, that they bee not high minded, nor trust in vncertaine riches, but in the liuing God, who giueth vs richly all things to enioy,"
            },
            {
               "verse": 18,
               "text": "That they doe good, that they be rich in good works, ready to distribute, willing to communicate,"
            },
            {
               "verse": 19,
               "text": "Laying vp in store for themselues a good foundation against the time to come, that they may lay holde on eternall life."
            },
            {
               "verse": 20,
               "text": "O Timothie, keepe that which is committed to thy trust, auoyding prophane and vaine bablings, and oppositions of science, fasly so called:"
            },
            {
               "verse": 21,
               "text": "Which some professing, haue erred concerning the faith. Grace be with thee. Amen. The first to Timothie was written from Laodicea, which is the chiefest citie of Phrygia Pacaciana."
            }
         ]
      }
   ]
}