{
   "book": "2 Thessalonians",
   "chapter-count": "3",
   "chapters": [
      {
         "chapter": 1,
         "verses": [
            {
               "verse": 1,
               "text": "Paul and Siluanus, and Timotheus vnto the Church of the Thessaloni&#257;s, in God our Father, and the Lord Iesus Christ:"
            },
            {
               "verse": 2,
               "text": "Grace vnto you, and peace from God our Father, and the Lorde Iesus Christ."
            },
            {
               "verse": 3,
               "text": "Wee are bound to thanke God alwayes for you, brethren, as it is meete, because that your faith groweth exceedingly, and the charitie of euery one of you al towards each other aboundeth:"
            },
            {
               "verse": 4,
               "text": "So that wee our selues glorie in you in the Churches of God, for your patience and faith in all your persecutions and tribulations that yee endure."
            },
            {
               "verse": 5,
               "text": "Which is a manifest token of the righteous iudgement of God, that yee may bee counted worthy of the kingdome of God, for which yee also suffer;"
            },
            {
               "verse": 6,
               "text": "Seeing it is a righteous thing with God to recompence tribulation to them that trouble you:"
            },
            {
               "verse": 7,
               "text": "And to you who are troubled, rest with vs, when the Lord Iesus shalbe reuealed from heauen, with his mightie Angels,"
            },
            {
               "verse": 8,
               "text": "In flaming fire, taking vengeance on them that know not God, and that obey not the Gospel of our Lorde Iesus Christ,"
            },
            {
               "verse": 9,
               "text": "Who shalbe punished with euerlasting destruction from the presence of the Lord, and from the glory of his power:"
            },
            {
               "verse": 10,
               "text": "When hee shall come to bee glorified in his Saints, and to bee admired in all them that beleeue (because our testimony among you was beleeued) in that day."
            },
            {
               "verse": 11,
               "text": "Wherefore also we pray alwayes for you, that our God would count you worthy of this calling, and fulfill all the good pleasure of his goodnesse, and the worke of faith with power:"
            },
            {
               "verse": 12,
               "text": "That the Name of our Lord Iesus Christ may bee glorified in you, and ye in him, according to the grace of our God, and the Lord Iesus Christ."
            }
         ]
      },
      {
         "chapter": 2,
         "verses": [
            {
               "verse": 1,
               "text": "Now wee beseech you, brethren, by the comming of our Lord Iesus Christ, and by our gathering together vnto him,"
            },
            {
               "verse": 2,
               "text": "That yee bee not soone shaken in minde, or bee troubled, neither by spirit, nor by word, nor by letter, as from vs, as that the day of Christ is at hand,"
            },
            {
               "verse": 3,
               "text": "Let no man deceiue you by any meanes, for that day shall not come, except there come a falling away first, and that man of sinne bee reuealed, the sonne of perdition,"
            },
            {
               "verse": 4,
               "text": "Who opposeth and exalteth himselfe aboue all that is called God, or that is worshipped: so that he as God, sitteth in the Temple of God, shewing himselfe that he is God."
            },
            {
               "verse": 5,
               "text": "Remember yee not, that when I was yet with you, I tolde you these things?"
            },
            {
               "verse": 6,
               "text": "And now yee know what withholdeth, that hee might bee reuealed in his time."
            },
            {
               "verse": 7,
               "text": "For the mysterie of iniquitie doth alreadie worke: onely he who now letteth, will let, vntill he be taken out of the way."
            },
            {
               "verse": 8,
               "text": "And then shall that wicked bee reuealed, whome the Lord shall consume with the spirit of his mouth, and shall destroy with the brightnesse of his comming:"
            },
            {
               "verse": 9,
               "text": "Euen him whose comming is after the working of Satan, with all power and signes, and lying wonders,"
            },
            {
               "verse": 10,
               "text": "And with all deceiueablenesse of vnrighteousnesse, in them that perish: because they receiued not the loue of the trueth, that they might be saued."
            },
            {
               "verse": 11,
               "text": "And for this cause God shall send them strong delusion, that they should beleeue a lye:"
            },
            {
               "verse": 12,
               "text": "That they all might bee damned who beleeued not the trueth, but had pleasure in vnrighteousnes."
            },
            {
               "verse": 13,
               "text": "But we are bound to giue thanks alway to God for you, brethren, beloued of the Lord, because God hath from the beginning chosen you to saluation, through sanctification of the spirit, and beleefe of the trueth,"
            },
            {
               "verse": 14,
               "text": "Whereunto he called you by our Gospel, to the obteining of the glorie of the Lord Iesus Christ."
            },
            {
               "verse": 15,
               "text": "Therefore, brethren, stand fast, and hold the traditions which yee haue beene taught, whether by word or our Epistle."
            },
            {
               "verse": 16,
               "text": "Now our Lorde Iesus Christ himselfe, and God euen our Father, which hath loued vs, and hath giuen vs euerlasting consolation, and good hope through grace,"
            },
            {
               "verse": 17,
               "text": "Comfort your hearts, and stablish you in euery good word and worke."
            }
         ]
      },
      {
         "chapter": 3,
         "verses": [
            {
               "verse": 1,
               "text": "Finally, brethren, pray for vs, that the word of the Lord may haue free course, and be glorified, euen as it is with you:"
            },
            {
               "verse": 2,
               "text": "And that we may bee deliuered from vnreasonable and wicked men: for all men haue not faith."
            },
            {
               "verse": 3,
               "text": "But the Lord is faithfull, who shall stablish you, and keepe you from euill."
            },
            {
               "verse": 4,
               "text": "And wee haue confidence in the Lord touching you, that yee both doe, and will doe the things which we command you."
            },
            {
               "verse": 5,
               "text": "And the Lord direct your hearts into the loue of God, and into the patient waiting for Christ."
            },
            {
               "verse": 6,
               "text": "Now we command you, brethren, in the Name of our Lord Iesus Christ, that ye withdraw your selues from euery brother that walketh disorderly, and not after the tradition which hee receiued of vs."
            },
            {
               "verse": 7,
               "text": "For your selues know how yee ought to follow vs: for wee behaued not our selues disorderly among you,"
            },
            {
               "verse": 8,
               "text": "Neither did wee eate any mans bread for nought: but wrought with labour and trauaile night and day, that wee might not bee chargeable to any of you."
            },
            {
               "verse": 9,
               "text": "Not because we haue not power, but to make our selues an ensample vnto you to follow vs."
            },
            {
               "verse": 10,
               "text": "For euen when wee were with you, this wee commanded you, that if any would not worke, neither should he eate."
            },
            {
               "verse": 11,
               "text": "For we heare that there are some which walke among you disorderly, working not at all, but are busi-bodies."
            },
            {
               "verse": 12,
               "text": "Now them that are such, we command, and exhort by our Lord Iesus Christ, that with quietnesse they worke, and eat their owne bread."
            },
            {
               "verse": 13,
               "text": "But ye, brethren, be not wearie in well doing."
            },
            {
               "verse": 14,
               "text": "And if any man obey not our word, by this Epistle note that man, and haue no company with him, that he may be ashamed,"
            },
            {
               "verse": 15,
               "text": "Yet count him not as an enemie, but admonish him as a brother."
            },
            {
               "verse": 16,
               "text": "Now the Lord of peace himselfe, giue you peace alwayes, by all meanes. The Lord be with you all."
            },
            {
               "verse": 17,
               "text": "The salutation of Paul, with mine owne hand, which is the token in euery Epistle: so I write."
            },
            {
               "verse": 18,
               "text": "The grace of our Lord Iesus Christ be with you all, Amen. The second Epistle to the Thessalonians was written from Athens."
            }
         ]
      }
   ]
}