{
   "book": "2 Timothy",
   "chapter-count": "4",
   "chapters": [
      {
         "chapter": 1,
         "verses": [
            {
               "verse": 1,
               "text": "Paul an Apostle of Iesus Christ by the will of God, according to the promise of life, which is in Christ Iesus,"
            },
            {
               "verse": 2,
               "text": "To Timothie my dearely beloued sonne: grace, mercie, and peace from God the Father, and Christ Iesus our Lord."
            },
            {
               "verse": 3,
               "text": "I thanke God, whom I serue from my forefathers with pure conscience, that without ceasing I haue remembrance of thee in my prayers night and day,"
            },
            {
               "verse": 4,
               "text": "Greatly desiring to see thee, being mindfull of thy teares, that I may bee filled with ioy,"
            },
            {
               "verse": 5,
               "text": "When I call to remembrance the vnfained faith that is in thee, which dwelt first in thy grandmother Lois, and thy mother Eunice: and I am perswaded that in thee also."
            },
            {
               "verse": 6,
               "text": "Wherefore I put thee in remembrance, that thou stirre vp the gift of God which is in thee, by the putting on of my hands."
            },
            {
               "verse": 7,
               "text": "For God hath not giuen vs the spirit of feare, but of power, of loue, and of a sound minde."
            },
            {
               "verse": 8,
               "text": "Bee not thou therefore ashamed of the testimony of our Lord, nor of me his prisoner, but bee thou partaker of the afflictions of the Gospel according to the power of God,"
            },
            {
               "verse": 9,
               "text": "Who hath saued vs, and called vs with an holy calling, not according to our workes, but according to his owne purpose and grace, which was giuen vs in Christ Iesus, before the world began,"
            },
            {
               "verse": 10,
               "text": "But is now made manifest by the appearing of our Sauiour Iesus Christ, who hath abolished death, and hath brought life and immortalitie to light, through the Gospel:"
            },
            {
               "verse": 11,
               "text": "Whereunto I am appointed a Preacher, and an Apostle, and a teacher of the Gentiles."
            },
            {
               "verse": 12,
               "text": "For the which cause I also suffer these things; neuerthelesse, I am not ashamed: for I know whom I haue beleeued, and I am perswaded that he is able to keepe that which I haue committed vnto him against that day."
            },
            {
               "verse": 13,
               "text": "Holde fast the fourme of sound words, which thou hast heard of mee, in faith and loue, which is in Christ Iesus."
            },
            {
               "verse": 14,
               "text": "That good thing which was committed vnto thee, keepe, by the holy Ghost which dwelleth in vs."
            },
            {
               "verse": 15,
               "text": "This thou knowest, that all they which are in Asia be turned away from me, of whom are Phygellus and Hermogenes."
            },
            {
               "verse": 16,
               "text": "The Lord giue mercie vnto the house of Onesiphorus, for hee oft refreshed mee, and was not ashamed of my chaine."
            },
            {
               "verse": 17,
               "text": "But when he was in Rome, hee sought mee out very diligently, and found me."
            },
            {
               "verse": 18,
               "text": "The Lord grant vnto him, that he may finde mercie of the Lord in that day: And in how many things hee ministred vnto mee at Ephesus, thou knowest very well."
            }
         ]
      },
      {
         "chapter": 2,
         "verses": [
            {
               "verse": 1,
               "text": "Thou therefore, my sonne, be strong in the grace that is in Christ Iesus."
            },
            {
               "verse": 2,
               "text": "And the things that thou hast heard of mee among many witnesses, the same commit thou to faithfull men, who shall be able to teach others also."
            },
            {
               "verse": 3,
               "text": "Thou therefore indure hardnesse, as a good souldier of Iesus Christ."
            },
            {
               "verse": 4,
               "text": "No man that warreth, intangleth himselfe with the affaires of this life, that hee may please him who hath chosen him to be a souldier."
            },
            {
               "verse": 5,
               "text": "And if a man also striue for masteries, yet is hee not crowned except hee striue lawfully."
            },
            {
               "verse": 6,
               "text": "The husbandman that laboureth, must bee first partaker of the fruites."
            },
            {
               "verse": 7,
               "text": "Consider what I say, and the Lord giue thee vnderstanding in all things."
            },
            {
               "verse": 8,
               "text": "Remember that Iesus Christ of the seede of Dauid, was raised from the dead, according to my Gospel:"
            },
            {
               "verse": 9,
               "text": "Wherein I suffer trouble as an euill doer, euen vnto bonds: but the word of God is not bound."
            },
            {
               "verse": 10,
               "text": "Therefore I indure all things for the elects sakes, that they may also obtaine the saluation which is in Christ Iesus, with eternall glory."
            },
            {
               "verse": 11,
               "text": "It is a faithfull saying: for if we bee dead with him, wee shall also liue with him."
            },
            {
               "verse": 12,
               "text": "If we suffer, we shall also reigne with him: if wee denie him, hee also will denie vs."
            },
            {
               "verse": 13,
               "text": "If we beleeue not, yet he abideth faithfull, he cannot denie himselfe."
            },
            {
               "verse": 14,
               "text": "Of these things put them in remembrance, charging them before the Lord, that they striue not about words to no profite, but to the subuerting of the hearers."
            },
            {
               "verse": 15,
               "text": "Studie to shewe thy selfe approued vnto God, a workman that needeth not to be ashamed, rightly diuiding the word of trueth."
            },
            {
               "verse": 16,
               "text": "But shun profane and vaine bablings, for they will increase vnto more vngodlinesse."
            },
            {
               "verse": 17,
               "text": "And their word will eate as doth a canker: of whom is Hymeneus and Philetus."
            },
            {
               "verse": 18,
               "text": "Who concerning the trueth haue erred, saying that the resurrection is past alreadie, and ouerthrow the faith of some."
            },
            {
               "verse": 19,
               "text": "Neuerthelesse the foundation of God standeth sure, hauing the seale, the Lord knoweth them that are his. And, let euery one that nameth the Name of Christ, depart from iniquitie."
            },
            {
               "verse": 20,
               "text": "But in a great house, there are not onely vessels of gold, and of siluer, but also a wood, & of earth: and some to honour, and some to dishonour."
            },
            {
               "verse": 21,
               "text": "If a man therefore purge himselfe from these, he shal be a vessell vnto honour, sanctified, and meete for the Masters vse, and prepared vnto euery good worke."
            },
            {
               "verse": 22,
               "text": "Flie also youthfull lusts: but follow righteousnesse, faith, charitie, peace with them that call on the Lord out of a pure heart."
            },
            {
               "verse": 23,
               "text": "But foolish and vnlearned questions auoid, knowing that they doe gender strifes."
            },
            {
               "verse": 24,
               "text": "And the seruant of the Lord must not striue: but bee gentle vnto all men, apt to teach, patient,"
            },
            {
               "verse": 25,
               "text": "In meekenesse instructing those that oppose themselues, if God peraduenture will giue them repentance to the acknowledging of the trueth."
            },
            {
               "verse": 26,
               "text": "And that they may recouer themselues out of the snare of the deuill, who are taken captiue by him at his will."
            }
         ]
      },
      {
         "chapter": 3,
         "verses": [
            {
               "verse": 1,
               "text": "This know also, that in the last dayes perillous times shall come."
            },
            {
               "verse": 2,
               "text": "For men shall bee louers of their owne selues, couetous, boasters, proude, blasphemers, disobedient to parents, vnthankfull, vnholy,"
            },
            {
               "verse": 3,
               "text": "Without naturall affection, trucebreakers, false accusers, incontinent, fierce, despisers of those that are good,"
            },
            {
               "verse": 4,
               "text": "Traitours, heady, high minded, louers of pleasures more then louers of God,"
            },
            {
               "verse": 5,
               "text": "Hauing a forme of godlinesse, but denying the power thereof: from such turne away."
            },
            {
               "verse": 6,
               "text": "For of this sort are they which creep into houses, and leade captiue silly women laden with sinnes, led away with diuers lusts,"
            },
            {
               "verse": 7,
               "text": "Euer learning, and neuer able to come to the knowledge of the trueth."
            },
            {
               "verse": 8,
               "text": "Now as Iannes and Iambres withstood Moses, so do these also resist the trueth: men of corrupt mindes, reprobate concerning the faith."
            },
            {
               "verse": 9,
               "text": "But they shal proceede no further: for their folly shall be manifest vnto all men, as theirs also was."
            },
            {
               "verse": 10,
               "text": "But thou hast fully knowen my doctrine, maner of life, purpose, faith, long suffering, charitie, patience,"
            },
            {
               "verse": 11,
               "text": "Persecutions, afflictions which came vnto me at Antioch, at Iconium, at Lystra, what persecutions I indured: but out of them all the Lord deliuered me."
            },
            {
               "verse": 12,
               "text": "Yea, and all that will liue godly in Christ Iesus, shall suffer persecution."
            },
            {
               "verse": 13,
               "text": "But euill men and seducers shall waxe worse and worse, deceiuing, and being deceiued."
            },
            {
               "verse": 14,
               "text": "But continue thou in the things which thou hast learned, and hast been assured of, knowing of whome thou hast learned them."
            },
            {
               "verse": 15,
               "text": "And that from a childe thou hast knowen the holy Scriptures, which are able to make thee wise vnto saluation through faith which is in Christ Iesus."
            },
            {
               "verse": 16,
               "text": "All Scripture is giuen by inspiration of God, & is profitable for doctrine, for reproofe, for correction, for instrution in righteousnesse,"
            },
            {
               "verse": 17,
               "text": "That the man of God may be perfect, throughly furnished vnto all good workes."
            }
         ]
      },
      {
         "chapter": 4,
         "verses": [
            {
               "verse": 1,
               "text": "I charge thee therefore before God, and the Lord Iesus Christ, who shall iudge the quicke and the dead at his appearing, and his kingdome:"
            },
            {
               "verse": 2,
               "text": "Preach the word, be instant in season, out of season, reprooue, rebuke, exhort with all long suffering & doctrine."
            },
            {
               "verse": 3,
               "text": "For the time wil come when they will not endure sound doctrine, but after their owne lusts shall they heape to themselues teachers, hauing itching eares:"
            },
            {
               "verse": 4,
               "text": "And they shall turne away their eares from the trueth, and shall be turned vnto fables."
            },
            {
               "verse": 5,
               "text": "But watch thou in all things, indure afflictions, doe the worke of an Euangelist, make full proofe of thy ministery."
            },
            {
               "verse": 6,
               "text": "For I am now readie to bee offered, and the time of my departure is at hand."
            },
            {
               "verse": 7,
               "text": "I haue fought a good fight, I haue finished my course, I haue kept the faith."
            },
            {
               "verse": 8,
               "text": "Hencefoorth there is layde vp for me a crowne of righteousnesse, which the Lord the righteous iudge shall giue me at that day: and not to me only, but vnto them also that loue his appearing."
            },
            {
               "verse": 9,
               "text": "Doe thy diligence to come shortly vnto me:"
            },
            {
               "verse": 10,
               "text": "For Demas hath forsaken me, hauing loued this present world, and is departed vnto Thessalonica: Crescens to Galatia, Titus vnto Dalmatia."
            },
            {
               "verse": 11,
               "text": "Onely Luke is with me. Take Marke and bring him with thee: for he is profitable to me for the ministerie."
            },
            {
               "verse": 12,
               "text": "And Tychicus haue I sent to Ephesus."
            },
            {
               "verse": 13,
               "text": "The cloke that I left at Troas with Carpus, when thou commest, bring with thee, but especially the parchments."
            },
            {
               "verse": 14,
               "text": "Alexander the Coppersmith did mee much euill, the Lord reward him according to his works."
            },
            {
               "verse": 15,
               "text": "Of whom bee thou ware also, for he hath greatly withstood our words."
            },
            {
               "verse": 16,
               "text": "At my first answere no man stood with mee, but all men forsooke mee: I pray God that it may not bee laid to their charge."
            },
            {
               "verse": 17,
               "text": "Notwithstanding the Lord stood with me, and strengthened me, that by me the preaching might be fully knowen, and that all the Gentiles might heare: and I was deliuered out of the mouth of the Lyon."
            },
            {
               "verse": 18,
               "text": "And the Lord shall deliuer mee from euery euill worke, and will preserue me vnto his heauenly kingdome; to whom bee glory for euer, and euer. Amen."
            },
            {
               "verse": 19,
               "text": "Salute Prisca and Aquila, and the houshold of Onesiphorus."
            },
            {
               "verse": 20,
               "text": "Erastus abode at Corinth: but Trophimus haue I left at Miletum sicke."
            },
            {
               "verse": 21,
               "text": "Doe thy diligence to come before winter. Eubulus greeteth thee, and Pudens, and Linus, and Claudia, and all the brethren."
            },
            {
               "verse": 22,
               "text": "The Lord Iesus Christ bee with thy spirit. Grace be with you. Amen."
            }
         ]
      }
   ]
}