{
   "book": "3 John",
   "chapter-count": "1",
   "chapters": [
      {
         "chapter": 1,
         "verses": [
            {
               "verse": 1,
               "text": "The Elder vnto the welbeloued Gaius, whom I loue in the trueth:"
            },
            {
               "verse": 2,
               "text": "Beloued, I wish aboue all things that thou mayest prosper and be in health, euen as thy soule prospereth."
            },
            {
               "verse": 3,
               "text": "For I reioyced greatly when the brethren came and testified of the truth that is in thee, euen as thou walkest in the trueth."
            },
            {
               "verse": 4,
               "text": "I haue no greater ioy, then to heare that my children walke in truth."
            },
            {
               "verse": 5,
               "text": "Beloued, thou doest faithfully whatsoeuer thou doest to the Brethren, and to strangers:"
            },
            {
               "verse": 6,
               "text": "Which haue borne witnesse of thy charitie before the Church: whome if thou bring forward on their iourney after a godly sort, thou shalt doe well:"
            },
            {
               "verse": 7,
               "text": "Because that for his Names sake they went foorth, taking nothing of the Gentiles."
            },
            {
               "verse": 8,
               "text": "We therefore ought to receiue such, that we might be fellow helpers to the trueth."
            },
            {
               "verse": 9,
               "text": "I wrote vnto the Church, but Diotrephes, who loueth to haue the preeminence among them, receiueth vs not."
            },
            {
               "verse": 10,
               "text": "Wherefore if I come, I will remember his deeds which he doeth, prating against vs with malicious words: and not content therewith, neither doth hee himselfe receiue the brethren, and forbiddeth them that would, and casteth them out of the Church."
            },
            {
               "verse": 11,
               "text": "Beloued, follow not that which is euill, but that which is good. He that doth good, is of God: but hee that doth euill, hath not seene God."
            },
            {
               "verse": 12,
               "text": "Demetrius hath good report of all men, and of the trueth it selfe: yea, and we also beare record, and ye know that our record is true."
            },
            {
               "verse": 13,
               "text": "I had many things to write, but I will not with inke and pen write vnto thee."
            },
            {
               "verse": 14,
               "text": "But I trust I shall shortly see thee, and wee shall speake face to face. Peace bee to thee. Our friends salute thee. Greet the friends by name."
            }
         ]
      }
   ]
}