{
   "book": "Amos",
   "chapter-count": "9",
   "chapters": [
      {
         "chapter": 1,
         "verses": [
            {
               "verse": 1,
               "text": "The wordes of Amos, who was among the heardmen of Tekoa, which hee sawe concerning Israel, in the daies of Uzziah King of Iudah, and in the dayes of Ieroboam the sonne of Ioash king of Israel, two yere before the earthquake."
            },
            {
               "verse": 2,
               "text": "And he said, The Lord will roare from Zion, and vtter his voice from Ierusalem: and the habitations of the shepheards shall mourne, and the top of Carmel shall wither."
            },
            {
               "verse": 3,
               "text": "Thus saith the Lord; For three transgressions of Damascus, and for foure I wil not turne away the punishment thereof, because they haue threshed Gilead, with threshing instruments of yron."
            },
            {
               "verse": 4,
               "text": "But I will send a fire into the house of Hazael, which shall deuoure the palaces of Benhadad."
            },
            {
               "verse": 5,
               "text": "I wil breake also the barre of Damascus, and cut off the inhabitant from the plaine of Auen: and him that holdeth the scepter from the house of Eden, and the people of Syria shall goe into captiuitie, vnto Kir, saith the Lord."
            },
            {
               "verse": 6,
               "text": "¶ Thus saith the Lord, For three transgressions of Gaza, and for foure I will not turne away the punishment thereof: because they caried away captiue the whole captiuitie, to deliuer them vp to Edom."
            },
            {
               "verse": 7,
               "text": "But I wil send a fire on the wall of Gaza, which shall deuoure the palaces thereof."
            },
            {
               "verse": 8,
               "text": "And I wil cut off the inhabitant from Ashdod, and him that holdeth the scepter from Ashkelon, and I wil turne mine hand against Ekron; and the remnant of the Philistines shall perish, saith the Lord God."
            },
            {
               "verse": 9,
               "text": "¶ Thus saith the Lord, For three transgressions of Tyrus, and for foure I wil not turne away the punishment thereof, because they deliuered vp the whole captiuitie to Edom, and remembred not the brotherly couenant."
            },
            {
               "verse": 10,
               "text": "But I wil send a fire on the wall of Tyrus, which shall deuoure the palaces thereof."
            },
            {
               "verse": 11,
               "text": "¶ Thus saith the Lord, For three transgressions of Edom, and for foure, I will not turne away the punishment thereof, because he did pursue his brother with the sword, and did cast off all pitie, and his anger did teare perpetually, and kept his wrath for euer."
            },
            {
               "verse": 12,
               "text": "But I will send a fire vpon Teman, which shall deuoure the palaces of Bozrah."
            },
            {
               "verse": 13,
               "text": "¶ Thus sayth the Lord, For three transgressions of the children of Ammon, and for foure, I wil not turne away the punishment thereof; because they haue ript vp the women with childe of Gilead, that they might enlarge their border."
            },
            {
               "verse": 14,
               "text": "But I will kindle a fire in the wall of Rabbah, and it shall deuoure the palaces thereof, with showting in the day of battell, with a tempest in the day of the whirlewinde."
            },
            {
               "verse": 15,
               "text": "And their king shall goe into captiuitie, hee, and his princes together, sayth the Lord."
            }
         ]
      },
      {
         "chapter": 2,
         "verses": [
            {
               "verse": 1,
               "text": "Thus sayth the Lord, For three transgressions of Moab, and for foure, I wil not turne away the punishment thereof, because hee burnt the bones of the King of Edom into lime."
            },
            {
               "verse": 2,
               "text": "But I will send a fire vpon Moab, and it shall deuoure the palaces of Kerioth, and Moab shall die with tumult, with shouting, and with the sound of the trumpet:"
            },
            {
               "verse": 3,
               "text": "And I will cut off the iudge from the middest thereof, and wil slay all the princes thereof with him, sayeth the Lord."
            },
            {
               "verse": 4,
               "text": "¶ Thus sayth the Lord, For three transgressions of Iudah, and for foure, I will not turne away the punishment thereof; because they haue despised the Law of the Lord, and haue not kept his Commandements, and their lies caused them to erre, after the which their fathers haue walked."
            },
            {
               "verse": 5,
               "text": "But I will send a fire vpon Iudah, and it shall deuoure the palaces of Ierusalem."
            },
            {
               "verse": 6,
               "text": "¶ Thus sayth the Lord, For three transgressions of Israel, and for foure, I will not turne away the punishment thereof; because they solde the righteous for siluer, and the poore for a paire of shooes:"
            },
            {
               "verse": 7,
               "text": "That pant after the dust of the earth on the head of the poore, and turne aside the way of the meeke; and a man and his father will goe in vnto the same maid, to profane my holy Name."
            },
            {
               "verse": 8,
               "text": "And they lay themselues downe vpon clothes laide to pledge, by euery Altar, and they drinke the wine of the condemned in the house of their God."
            },
            {
               "verse": 9,
               "text": "¶ Yet destroyed I the Amorite before them, whose height was like the height of the Cedars, and hee was strong as the okes, yet I destroyed his fruite from aboue, and his rootes from beneath."
            },
            {
               "verse": 10,
               "text": "Also I brought you vp from the land of Egypt, and ledde you fourtie yeeres through the wildernesse, to possesse the land of the Amorite."
            },
            {
               "verse": 11,
               "text": "And I raised vp of your sonnes for Prophets, and of your young men for Nazarites. Is it not euen thus, O ye children of Israel, saith the Lord ?"
            },
            {
               "verse": 12,
               "text": "But ye gaue the Nazarites wine to drinke, and commaunded the Prophets, saying, Prophecie not."
            },
            {
               "verse": 13,
               "text": "Behold, I am pressed vnder you, as a cart is pressed that is ful of sheaues."
            },
            {
               "verse": 14,
               "text": "Therefore the flight shall perish from the swift, and the strong shall not strengthen his force, neither shall the mightie deliuer himselfe:"
            },
            {
               "verse": 15,
               "text": "Neither shall hee stand that handleth the bow, and hee that is swift of foote, shall not deliuer himselfe, neither shall hee that rideth the horse, deliuer himselfe."
            },
            {
               "verse": 16,
               "text": "And hee that is couragious among the mighty, shall flee away naked in that day, saith the Lord."
            }
         ]
      },
      {
         "chapter": 3,
         "verses": [
            {
               "verse": 1,
               "text": "Heare this word that the Lord hath spoken against you, O children of Israel, against the whole family, which I brought vp from the land of Egypt, saying;"
            },
            {
               "verse": 2,
               "text": "You onely haue I knowen of all the families of the earth: therefore I will punish you for all your iniquities."
            },
            {
               "verse": 3,
               "text": "Can two walke together, except they be agreed?"
            },
            {
               "verse": 4,
               "text": "Will a lyon roare in the forrest, when he hath no pray? will a young lyon cry out of his den, if he haue taken nothing?"
            },
            {
               "verse": 5,
               "text": "Can a bird fall in a snare vpon the earth, where no ginne is for him? shall one take vp a snare from the earth, and haue taken nothing at all?"
            },
            {
               "verse": 6,
               "text": "Shall a trumpet be blowen in the citie, and the people not be afraid? shall there be euill in a citie, and the Lord hath not done it?"
            },
            {
               "verse": 7,
               "text": "Surely the Lord God will doe nothing, but he reuealeth his secret vnto his seruants the Prophets."
            },
            {
               "verse": 8,
               "text": "The lyon hath roared, Who will not feare? the Lord God hath spoken, Who can but prophecie?"
            },
            {
               "verse": 9,
               "text": "¶ Publish in the palaces at Ashdod, and in the palaces in the land of Egypt, and say; Assemble your selues vpon the mountaines of Samaria: and behold the great tumults in the midst thereof, and the oppressed in the midst thereof."
            },
            {
               "verse": 10,
               "text": "For they know not to doe right, saith the Lord; who store vp violence, and robberie in their palaces."
            },
            {
               "verse": 11,
               "text": "Therefore thus saith the Lord God, An aduersarie there shall be euen round about the land: and he shal bring downe thy strength from thee, and thy palaces shall be spoiled."
            },
            {
               "verse": 12,
               "text": "Thus saith the Lord, As the shepheard taketh out of the mouth of the lyon two legges or a piece of an eare; so shall the children of Israel be taken out that dwell in Samaria, in the corner of a bed, and in Damascus in a couch."
            },
            {
               "verse": 13,
               "text": "Heare yee and testifie in the house of Iacob, saith the Lord God, the God of hostes;"
            },
            {
               "verse": 14,
               "text": "That in the day that I shall visite the transgressions of Israel vpon him, I will also visite the altars of Bethel, and the hornes of the altar shall be cut off, and fall to the ground."
            },
            {
               "verse": 15,
               "text": "And I will smite the winter house with the summer house; and the houses of yuorie shall perish, and the great houses shall haue an end, saith the Lord."
            }
         ]
      },
      {
         "chapter": 4,
         "verses": [
            {
               "verse": 1,
               "text": "Heare this word yea kine of Bashan, that are in the mountaine of Samaria, which oppresse the poore, which crush the needy, which say to their masters; Bring, and let vs drinke."
            },
            {
               "verse": 2,
               "text": "The Lord God hath sworne by his holinesse, that loe, the dayes shall come vpon you, that he will take you away with hookes, and your posteritie with fish-hookes."
            },
            {
               "verse": 3,
               "text": "And yee shall goe out at the breaches, euery Cow at that which is before her, and yee shall cast them into the palace, saith the Lord."
            },
            {
               "verse": 4,
               "text": "¶ Come to Bethel and transgresse, at Gilgal multiplie transgression; and bring your sacrifices euery morning, and your tithes after three yeeres."
            },
            {
               "verse": 5,
               "text": "And offer a sacrifice of thanksgiuing with leauen, and proclaime and publish the free offrings; for this liketh you, O yee children of Israel, saith the Lord God."
            },
            {
               "verse": 6,
               "text": "¶ And I also haue giuen you cleannesse of teeth in all your cities, and want of bread in all your places: yet haue yee not returned vnto me, saith the Lord."
            },
            {
               "verse": 7,
               "text": "And also I haue withholden the raine from you, when there were yet three moneths to the haruest, and I caused it to raine vpon one citie, and caused it not to raine vpon an other city: one piece was rained vpon, & the piece wherupon it rained not, withered."
            },
            {
               "verse": 8,
               "text": "So two or three cities wandered vnto one citie, to drinke water; but they were not satisfied: yet haue yee not returned vnto me, saith the Lord."
            },
            {
               "verse": 9,
               "text": "I haue smitten you with blasting and mildew; when your gardens and your vineyards, and your fig trees, and your oliue trees increased, the palmer worme deuoured them: yet haue yee not returned vnto me, saith the Lord."
            },
            {
               "verse": 10,
               "text": "I haue sent among you the pestilence, after the maner of Egypt: your yongmen haue I slain with the sword, and haue taken away your horses, & I haue made the stinke of your campes to come vp vnto your nostrils, yet haue ye not returned vnto me, saith the Lord."
            },
            {
               "verse": 11,
               "text": "I haue ouerthrowen some of you, as God ouerthrew Sodome & Gomorrah, and yee were as a firebrand pluckt out of the burning: yet haue yee not returned vnto me, saith the Lord."
            },
            {
               "verse": 12,
               "text": "Therefore thus will I doe vnto thee, O Israel: and because I will doe this vnto thee, prepare to meete thy God, O Israel."
            },
            {
               "verse": 13,
               "text": "For loe, he that formeth the mountaines, and createth the wind, and declareth vnto man, what is his thought, that maketh the morning darkenesse, and treadeth vpon the high places of the earth: the Lord, the God of hostes is his Name."
            }
         ]
      },
      {
         "chapter": 5,
         "verses": [
            {
               "verse": 1,
               "text": "Heare ye this word which I take vp against you, euen a lamentation, O house of Israel."
            },
            {
               "verse": 2,
               "text": "The virgin of Israel is fallen, she shall no more rise: she is forsaken vpon her land, there is none to raise her vp."
            },
            {
               "verse": 3,
               "text": "For thus saith the Lord God, The citie that went out by a thousand, shall leaue an hundred, and that which went foorth by an hundred, shall leaue ten to the house of Israel."
            },
            {
               "verse": 4,
               "text": "¶ For thus saith the Lord vnto the house of Israel, Seeke ye mee, and ye shall liue."
            },
            {
               "verse": 5,
               "text": "But seeke not Bethel, nor enter into Gilgal and passe not to Beer-sheba: for Gilgal shall surely goe into captiuitie, and Bethel shal come to nought."
            },
            {
               "verse": 6,
               "text": "Seeke the Lord, and ye shall liue, lest hee breake out like fire in the house of Ioseph and deuoure it, and there be none to quench it in Bethel,"
            },
            {
               "verse": 7,
               "text": "Ye who turne iudgment to wormwood, and leaue off righteousnesse in the earth:"
            },
            {
               "verse": 8,
               "text": "Seeke him that maketh the seuen starres and Orion, and turneth the shadow of death into the morning, and maketh the day darke with night: that calleth for the waters of the Sea, and powreth them out vpon the face of the earth: the Lord is his Name."
            },
            {
               "verse": 9,
               "text": "That strengtheneth the spoiled against the strong: so that the spoiled shall come against the fortresse."
            },
            {
               "verse": 10,
               "text": "They hate him that rebuketh in the gate: and they abhorre him that speaketh vprightly."
            },
            {
               "verse": 11,
               "text": "Forasmuch therfore as your treading is vpon the poore, and ye take from him burdens of wheate, ye haue built houses of hewen stone, but ye shall not dwell in them: yee haue planted pleasant vineyards, but ye shall not drinke wine of them."
            },
            {
               "verse": 12,
               "text": "For I know your manifold transgressions, and your mighty sinnes: they afflict the iust, they take a bribe, and they turne aside the poore in the gate from their right."
            },
            {
               "verse": 13,
               "text": "Therefore the prudent shall keepe silence in that time, for it is an euill time."
            },
            {
               "verse": 14,
               "text": "Seeke good and not euill, that ye may liue: and so the Lord, the God of hosts shall be with you, as yee haue spoken."
            },
            {
               "verse": 15,
               "text": "Hate the euill, and loue the good, and establish iudgement in the gate: it may be that the Lord God of hostes will bee gracious vnto the remnant of Ioseph."
            },
            {
               "verse": 16,
               "text": "Therefore the Lord, the God of hostes, the Lord saith thus: Wailing shall be in all streets, and they shall say in all the high wayes, Alas, Alas: and they shall call the husbandman to mourning, and such as are skilful of lamentation, to wailing."
            },
            {
               "verse": 17,
               "text": "And in all vineyards shall be wailing: for I will passe through thee, saith the Lord."
            },
            {
               "verse": 18,
               "text": "Woe vnto you that desire the day of the Lord: to what ende is it for you? the day of the Lord is darknes and not light."
            },
            {
               "verse": 19,
               "text": "As if a man did flee from a lyon, and a beare met him, or went into the house, and leaned his hand on the wall, and a serpent bit him."
            },
            {
               "verse": 20,
               "text": "Shall not the day of the Lord be darkenes, and not light? euen very darke, and no brightnesse in it?"
            },
            {
               "verse": 21,
               "text": "¶ I hate, I despise your feast dayes, and I will not smell in your solemne assemblies."
            },
            {
               "verse": 22,
               "text": "Though ye offer me burnt offerings, and your meat offerings, I will not accept them: neither will I regard the peace offerings of your fat beasts."
            },
            {
               "verse": 23,
               "text": "Take thou away from mee the noise of thy songs: for I will not heare the melodie of thy violes."
            },
            {
               "verse": 24,
               "text": "But let iudgement run downe as waters, and righteousnesse as a mightie streame."
            },
            {
               "verse": 25,
               "text": "Haue yee offered vnto mee sacrifices and offerings in the wildernesse fourtie yeeres, O house of Israel?"
            },
            {
               "verse": 26,
               "text": "But yee haue borne the tabernacle of your Moloch, and Chiun your images, the starre of your god, which ye made to your selues."
            },
            {
               "verse": 27,
               "text": "Therefore wil I cause you to go into captiuitie beyond Damascus, saith the Lord, whose Name is the God of hostes."
            }
         ]
      },
      {
         "chapter": 6,
         "verses": [
            {
               "verse": 1,
               "text": "Woe to them that are at ease in Zion, and trust in the mountaine of Samaria, which are named chiefe of the nations, to whom the house of Israel came."
            },
            {
               "verse": 2,
               "text": "Passe ye vnto Calneh, and see, and from thence go ye to Hemath the great: then goe downe to Gath of the Philistines: bee they better then these kingdomes? or their border greater then your border?"
            },
            {
               "verse": 3,
               "text": "Ye that put farre away the euil day, and cause the seat of violence to come neere:"
            },
            {
               "verse": 4,
               "text": "That lie vpon beds of Yuorie, and stretch themselues vpon their couches, and eate the lambes out of the flocke, and the calues out of the midst of the stall:"
            },
            {
               "verse": 5,
               "text": "That chaunt to the sound of the Uiole, and inuent to themselues instruments of musicke, like Dauid:"
            },
            {
               "verse": 6,
               "text": "That drinke wine in bowles, and anoint themselues with the chiefe ointments: but they are not grieued for the affliction of Ioseph."
            },
            {
               "verse": 7,
               "text": "¶ Therefore now shall they goe captiue, with the first that goe captiue, and the banquet of them that stretched themselues, shalbe remoued."
            },
            {
               "verse": 8,
               "text": "The Lord God hath sworne by himselfe, saith the Lord the God of hostes, I abhorre the excellencie of Iacob, and hate his palaces: therefore wil I deliuer vp the citie, with all that is therein."
            },
            {
               "verse": 9,
               "text": "And it shall come to passe, if there remaine tenne men in one house, that they shall die."
            },
            {
               "verse": 10,
               "text": "And a mans vncle shall take him vp, and he that burneth him, to bring out the bones out of the house, and shall say vnto him that is by the sides of the house; Is there yet any with thee? and hee shall say, No. Then shall he say, Holde thy tongue: for wee may not make mention of the Name of the Lord."
            },
            {
               "verse": 11,
               "text": "For beholde, the Lord commandeth, and hee will smite the great house with breaches, and the little house with clefts."
            },
            {
               "verse": 12,
               "text": "¶ Shall horses runne vpon the rocke? wil one plow there with oxen? for ye haue turned iudgement into gall, and the fruite of righteousnesse into hemlocke."
            },
            {
               "verse": 13,
               "text": "Yee which reioyce in a thing of nought, which say, Haue we not taken to vs hornes by our owne strength?"
            },
            {
               "verse": 14,
               "text": "But beholde, I wil raise vp against you a nation, O house of Israel, saith the Lord, the God of hostes, and they shall afflict you from the entring in of Hemath, vnto the riuer of the wildernesse."
            }
         ]
      },
      {
         "chapter": 7,
         "verses": [
            {
               "verse": 1,
               "text": "Thus hath the Lord God shewed vnto me, and behold, he formed grassehoppers in the beginning of the shooting vp of the latter grouth: and loe, it was the latter grouth after the kings mowings."
            },
            {
               "verse": 2,
               "text": "And it came to passe, that when they had made an ende of eating the grasse of the land, then I said; O Lord God, forgiue, I beseech thee, by whom shal Iacob arise? for he is small."
            },
            {
               "verse": 3,
               "text": "The Lord repented for this. It shall not be, saith the Lord."
            },
            {
               "verse": 4,
               "text": "¶ Thus hath the Lord God shewed vnto me; and behold, the Lord God called to contend by fire, and it deuoured the great deepe, and did eate vp a part."
            },
            {
               "verse": 5,
               "text": "Then said I, O Lord God , cease, I beseech thee, by whom shal Iacob arise? for he is small."
            },
            {
               "verse": 6,
               "text": "The Lord repented for this. This also shall not bee, saith the Lord God."
            },
            {
               "verse": 7,
               "text": "¶ Thus hee shewed mee, and behold, the Lord stood vpon a wall made by a plumbline, with a plumbline in his hand."
            },
            {
               "verse": 8,
               "text": "And the Lord said vnto mee, Amos, what seest thou? And I sayd, A plumb-line. Then sayd the Lord, Behold, I will set a plumb-line in the midst of my people Israel, I will not againe passe by them any more."
            },
            {
               "verse": 9,
               "text": "And the high places of Isaac shall be desolate, and the Sanctuaries of Israel shalbe laide waste: and I will rise against the house of Ieroboam with the sword."
            },
            {
               "verse": 10,
               "text": "¶ Then Amaziah the Priest of Beth-el sent to Ieroboam king of Israel, saying; Amos hath conspired against thee in the midst of the house of Israel: the land is not able to beare all his words."
            },
            {
               "verse": 11,
               "text": "For thus Amos saith, Ieroboam shall die by the sword, and Israel shall surely be led away captiue, out of their owne land."
            },
            {
               "verse": 12,
               "text": "Also Amaziah said vnto Amos, O thou Seer, goe, flee thee away into the land of Iudah, and there eate bread, and prophecie there."
            },
            {
               "verse": 13,
               "text": "But prophecie not againe any more at Beth-el: for it is the Kings Chappell, and it is the Kings Court."
            },
            {
               "verse": 14,
               "text": "¶ Then answered Amos, and sayde to Amaziah; I was no Prophet, neither was I a Prophets sonne, but I was an heardman, and a gatherer of Sycomore fruit."
            },
            {
               "verse": 15,
               "text": "And the Lord tooke me as I followed the flocke, and the Lord said vnto me, Goe, prophecie vnto my people Israel."
            },
            {
               "verse": 16,
               "text": "¶ Now therefore heare thou the worde of the Lord; Thou sayest, Prophecie not against Israel, and drop not thy word against the house of Isaac."
            },
            {
               "verse": 17,
               "text": "Therfore thus sayth the Lord; Thy wife shall be an harlot in the city, and thy sonnes and thy daughters shall fall by the sword, and thy land shall be diuided by line: and thou shalt die in a polluted land, and Israel shall surely goe into captiuitie foorth of his land."
            }
         ]
      },
      {
         "chapter": 8,
         "verses": [
            {
               "verse": 1,
               "text": "Thus hath the Lord God shewed vnto me, and beholde, a basket of Summer fruit."
            },
            {
               "verse": 2,
               "text": "And he said, Amos, what seest thou? And I sayde, A basket of Summer fruite. Then said the Lord vnto mee, The ende is come vpon my people of Israel; I will not againe passe by them anymore."
            },
            {
               "verse": 3,
               "text": "And the songs of the Temples shalbe howlings in that day, sayth the Lord God: there shall be many dead bodies in euery place, they shall cast them foorth with silence."
            },
            {
               "verse": 4,
               "text": "¶ Heare this, O ye that swallow vp the needy, euen to make the poore of the land to faile,"
            },
            {
               "verse": 5,
               "text": "Saying, When will the newe Moone be gone, that we may sell corne? and the Sabbath, that wee may set forth wheat, making the Ephah small, and the shekel great, and falsifying the balances by deceit?"
            },
            {
               "verse": 6,
               "text": "That wee may buy the poore for siluer, & the needie for a paire of shoes; yea, and sell the refuse of the wheate?"
            },
            {
               "verse": 7,
               "text": "The Lord hath sworne by the excellencie of Iacob, Surely I will neuer forget any of their workes."
            },
            {
               "verse": 8,
               "text": "Shall not the land tremble for this, and euery one mourne that dwelleth therein? and it shall rise vp wholly as a flood; and it shall be cast out and drowned, as by the flood of Egypt."
            },
            {
               "verse": 9,
               "text": "And it shall come to passe in that day, saith the Lord God, that I will cause the Sunne to go downe at noone, and I will darken the earth in the cleare day."
            },
            {
               "verse": 10,
               "text": "And I will turne your feasts into mourning, and all your songs into lamentation, and I will bring vp sackcloth vpon all loynes, and baldnesse vpon euery head: and I will make it as the mourning of an onely sonne, and the end thereof as a bitter day."
            },
            {
               "verse": 11,
               "text": "¶ Behold, the daies come, saith the Lord God, that I will send a famine in the land, not a famine of bread, nor a thirst for water, but of hearing the words of the Lord."
            },
            {
               "verse": 12,
               "text": "And they shall wander from Sea to Sea, and from the North euen to the East they shall runne to and fro, to seeke the worde of the Lord, and shall not finde it."
            },
            {
               "verse": 13,
               "text": "In that day shall the faire virgines and young men faint for thirst."
            },
            {
               "verse": 14,
               "text": "They that sweare by the sinne of Samaria, and say, Thy God, O Dan, liueth, and the manner of Beer-sheba liueth, euen they shall fall, and neuer rise vp againe."
            }
         ]
      },
      {
         "chapter": 9,
         "verses": [
            {
               "verse": 1,
               "text": "I saw the Lord standing vpon the altar, and he said, Smite the lintell of the doore, that the posts may shake: and cut them in the head all of them, and I will slay the last of them with the sword: hee that fleeth of them, shall not flee away, and he that escapeth of them, shall not be deliuered."
            },
            {
               "verse": 2,
               "text": "Though they digge into hell, thence shall mine hand take them: though they clime vp to heauen, thence will I bring them downe."
            },
            {
               "verse": 3,
               "text": "And though they hide themselues in the top of Carmel, I will search and take them out thence, and though they be hid from my sight in the bottome of the Sea, thence will I commaund the serpent, and he shall bite them."
            },
            {
               "verse": 4,
               "text": "And though they goe into captiuitie before their enemies, thence will I commaund the sword, and it shall slay them: and I will set mine eyes vpon them for euill, and not for good."
            },
            {
               "verse": 5,
               "text": "And the Lord God of hostes is he that toucheth the land, and it shall melt, and all that dwelleth therein shall mourne, and it shall rise vp wholly like a flood, and shall be drowned as by the flood of Egypt."
            },
            {
               "verse": 6,
               "text": "It is he that buildeth his stories in the heauen, and hath founded his troupe in the earth, he that calleth for the waters of the Sea, and powreth them out vpon the face of the earth: the Lord is his name."
            },
            {
               "verse": 7,
               "text": "Are yee not as children of the Ethiopians vnto me, O children of Israel, saith the Lord ? haue not I brought vp Israel out of the land of Egypt? and the Philistines from Caphtor, and the Syrians from Kir?"
            },
            {
               "verse": 8,
               "text": "Behold, the eyes of the Lord God are vpon the sinfull kingdome, and I will destroy it from off the face of the earth; sauing that I will not vtterly destroy the house of Iacob, saith the Lord."
            },
            {
               "verse": 9,
               "text": "For loe, I will commaund, and I will sift the house of Israel among all nations, like as corne is sifted in a sieue, yet shall not the least graine fall vpon the earth."
            },
            {
               "verse": 10,
               "text": "All the sinners of my people shall die by the sword, which say: The euill shall not ouertake nor preuent vs."
            },
            {
               "verse": 11,
               "text": "¶ In that day will I raise vp the tabernacle of Dauid, that is fallen, and close vp the breaches thereof, and I will raise vp his ruines, and I will build it as in the dayes of old;"
            },
            {
               "verse": 12,
               "text": "That they may possesse the remnant of Edom, and of all the heathen; which are called by my name, saith the Lord that doth this."
            },
            {
               "verse": 13,
               "text": "Behold, the daies come, saith the Lord, that the plowman shall ouertake the reaper, & the treader of grapes him that soweth seede, and the mountaines shall drop sweete wine, and all the hils shall melt."
            },
            {
               "verse": 14,
               "text": "And I will bring againe the captiuitie of my people of Israel: and they shall build the waste cities, and inhabit them; and they shall plant vineyards, and drinke the wine thereof: they shall also make gardens, and eate the fruite of them."
            },
            {
               "verse": 15,
               "text": "And I will plant them vpon their land, and they shall no more be pulled vp out of their land, which I haue giuen them, saith the Lord thy God."
            }
         ]
      }
   ]
}