{
   "book": "Baruch",
   "chapter-count": "5",
   "chapters": [
      {
         "chapter": 1,
         "verses": [
            {
               "verse": 1,
               "text": "And these are the wordes of the booke, which Baruch the sonne of Nerias, the sonne of Maasias, the sonne of Sedecias, the sonne of Asadias, the son of Chelcias, wrote in Babylon,"
            },
            {
               "verse": 2,
               "text": "In the fift yere, and in the seuenth day of the moneth, what time as the Caldeans tooke Ierusalem, and burnt it with fire."
            },
            {
               "verse": 3,
               "text": "And Baruch did reade the words of this booke, in the hearing of Iechonias, the sonne of Ioachim king of Iuda, and in the eares of all the people, that came to  the booke."
            },
            {
               "verse": 4,
               "text": "And in the hearing of the nobles, and of the kings sonnes, and in the hearing of the Elders, and of all the people from the lowest vnto the highest, euen of all them that dwelt at Babylon, by the riuer Sud."
            },
            {
               "verse": 5,
               "text": "Whereupon they wept, fasted, and prayed before the Lord."
            },
            {
               "verse": 6,
               "text": "They made also a collection of money, according to euery mans power."
            },
            {
               "verse": 7,
               "text": "And they sent it to Ierusalem vnto Ioachim the hie Priest the sonne of Chelcias, sonne of Salom, and to the Priestes, and to all the people which were found with him at Ierusalem,"
            },
            {
               "verse": 8,
               "text": "At the same time, when he receiued the vessels of the house of the Lord that were caried out of the Temple, to returne them into the land of Iuda the tenth day of the moneth Siuan,  siluer vessels, which Sedecias the sonne of Iosias king of Iuda had made,"
            },
            {
               "verse": 9,
               "text": "After that Nabuchodonosor king of Babylon had caried away Iechonias, and the Princes, and the captiues, and the mightie men, and the people of the land from Ierusalem, and brought them vnto Babylon:"
            },
            {
               "verse": 10,
               "text": "And they said, Behold, we haue sent you money, to buy you burnt offerings, and sinne offerings, and incense, and prepare yee Manna, and offer vpon the Altar of the Lord our God,"
            },
            {
               "verse": 11,
               "text": "And pray for the life of Nabuchodonosor king of Babylon, and for the life of Balthasar his sonne, that their dayes may be vpon earth as the dayes of heauen."
            },
            {
               "verse": 12,
               "text": "And the Lord wil giue vs strength, and lighten our eyes, and we shall liue vnder the shadow of Nabuchodonosor king of Babylon, and vnder the shadow of Balthasar his sonne, and wee shall serue them many dayes, and finde fauour in their sight."
            },
            {
               "verse": 13,
               "text": "Pray for vs also vnto the Lord our God, (for wee haue sinned against the Lord our God, and vnto this day the fury of the Lord, and his wrath is not turned from vs)"
            },
            {
               "verse": 14,
               "text": "And yee shall reade this booke, which we haue sent vnto you, to make confession in the house of the Lord, vpon the feasts and solemne dayes."
            },
            {
               "verse": 15,
               "text": "And yee shall say, To the Lord our God belongeth righteousnesse, but vnto vs the confusion of faces, as it is come to passe this day vnto them of Iuda, & to the inhabitants of Ierusalem,"
            },
            {
               "verse": 16,
               "text": "And to our kings, and to our princes, and to our Priests, and to our Prophets, and to our fathers."
            },
            {
               "verse": 17,
               "text": "For wee haue sinned before the Lord,"
            },
            {
               "verse": 18,
               "text": "And disobeyed him, and haue not hearkened vnto the voice of the Lord our God, to walke in the commaundements that he gaue vs openly:"
            },
            {
               "verse": 19,
               "text": "Since the day that the Lorde brought our forefathers out of the land of Egypt, vnto this present day, wee haue beene disobedient vnto the Lord our God, and we haue beene negligent in not hearing his voice."
            },
            {
               "verse": 20,
               "text": "Wherefore the euils cleaued vnto vs, and the curse which the Lord appointed by Moses his seruant, at the time that he brought our fathers out of the land of Egypt, to giue vs a land that floweth with milke and honie, like as it is to see this day."
            },
            {
               "verse": 21,
               "text": "Neuerthelesse we haue not hearkened vnto the voice of the Lord our God, according vnto all the wordes of the Prophets, whom he sent vnto vs."
            },
            {
               "verse": 22,
               "text": "But euery man followed the imagination of his owne wicked heart, to serue strange gods, and to doe euill in the sight of the Lord our God."
            }
         ]
      },
      {
         "chapter": 2,
         "verses": [
            {
               "verse": 1,
               "text": "Therefore the Lord hath made good his worde, which hee pronounced against vs, and against our Iudges that iudged Israel, and against our kings, and against our princes, and against the men of Israel and Iuda,"
            },
            {
               "verse": 2,
               "text": "To bring vpon vs great plagues, such as neuer happened vnder the whole heauen, as it came to passe in Ierusalem, according to the things that were written in the Law of Moses,"
            },
            {
               "verse": 3,
               "text": "That a man should eat the flesh of his owne sonne, and the flesh of his owne daughter."
            },
            {
               "verse": 4,
               "text": "Moreouer, he hath deliuered them to be in subiection to all the kingdomes that are round about vs, to be as a reproch and desolation among all the people round about, where the Lord hath scattered them."
            },
            {
               "verse": 5,
               "text": "Thus wee were cast downe and not exalted, because wee haue sinned against the Lord our God, and haue not beene obedient vnto his voice."
            },
            {
               "verse": 6,
               "text": "To the Lord our God appertaineth righteousnesse: but vnto vs and to our fathers open shame, as appeareth this day."
            },
            {
               "verse": 7,
               "text": "For all these plagues are come vpon vs, which the Lord hath pronounced against vs,"
            },
            {
               "verse": 8,
               "text": "Yet haue we not prayed before the Lord, &thorn; we might turne euery one from the imaginations of his wicked heart."
            },
            {
               "verse": 9,
               "text": "Wherefore the Lord watched ouer vs for euill, and the Lord hath brought it vpon vs: for the Lord is righteous in all his works, which he hath commanded vs."
            },
            {
               "verse": 10,
               "text": "Yet we haue not hearkened vnto his voice, to walk in the c&#333;mandements of the Lord, that he hath set before vs."
            },
            {
               "verse": 11,
               "text": "And now O Lord God of Israel, that hast brought thy people out of the land of Egypt with a mighty hand, and high arme, and with signes & with wonders, & with great power, and hast gotten thy selfe a name, as appeareth this day:"
            },
            {
               "verse": 12,
               "text": "O Lord our God, we haue sinned, we haue done vngodly, wee haue dealt vnrighteously in all thine ordinances."
            },
            {
               "verse": 13,
               "text": "Let thy wrath turne from vs: for we are but a few left among the heathen, where thou hast scattered vs."
            },
            {
               "verse": 14,
               "text": "Heare our prayers, O Lord, and our petitions, and deliuer vs for thine owne sake, and giue vs fauour in the sight of them which haue led vs away:"
            },
            {
               "verse": 15,
               "text": "That all the earth may know that thou art &thorn; Lord our God, because Israel & his posterity is called by thy name."
            },
            {
               "verse": 16,
               "text": "O Lord looke downe from thy holy house, & consider vs: bow downe thine eare, O Lord, to heare vs."
            },
            {
               "verse": 17,
               "text": "Open thine eyes and behold: for the dead that are in the graues, whose soules are taken from their bodies, wil giue vnto the Lord neither praise nor righteousnesse."
            },
            {
               "verse": 18,
               "text": "But &thorn; soule that is greatly vexed, which goeth stouping & feeble, and the eyes that faile, and the hungry soule wil giue thee praise & righteousnes O Lord."
            },
            {
               "verse": 19,
               "text": "Therfore wee doe not make our humble supplication before thee, O Lord our God, for the righteousnes of our fathers, and of our kings."
            },
            {
               "verse": 20,
               "text": "For thou hast sent out thy wrath & indignation vpon vs, as thou hast spoken by thy seruants &thorn; prophets, saying,"
            },
            {
               "verse": 21,
               "text": "Thus saith the Lord, bow down your shoulders to serue the king of Babylon: so shall ye remaine in the lande that I gaue vnto your fathers."
            },
            {
               "verse": 22,
               "text": "But if ye will not heare the voice of the Lord to serue &thorn; king of Babylon,"
            },
            {
               "verse": 23,
               "text": "I will cause to cease out of the cities of Iuda, and from without Ierusalem the voice of mirth, and the voice of ioy: the voice of the bridegrome, and the voice of the bride, and the whole land shall be desolate of inhabitants."
            },
            {
               "verse": 24,
               "text": "But we would not hearken vnto thy voyce, to serue the king of Babylon: therefore hast thou made good the wordes that thou spakest by thy seruants the prophets, namely that the bones of our kings, and the bones of our fathers should be taken out of their places."
            },
            {
               "verse": 25,
               "text": "And loe, they are cast out to the heat of the day, and to the frost of the night, and they died in great miseries, by famine, by sword, and by pestilence."
            },
            {
               "verse": 26,
               "text": "And the house which is called by thy name (hast thou laid waste) as it is to be seene this day, for the wickednesse of the house of Israel, and the house of Iuda."
            },
            {
               "verse": 27,
               "text": "O Lord our God, thou hast dealt with vs after all thy goodnesse, and according to all that great mercie of thine."
            },
            {
               "verse": 28,
               "text": "As thou spakest by thy seruant Moses in the day when thou didst command him to write thy Law, before the children of Israel, saying,"
            },
            {
               "verse": 29,
               "text": "If ye will not heare my voyce, surely this very great multitude shalbe turned into a smal  among the nations, where I will scatter them."
            },
            {
               "verse": 30,
               "text": "For I knew that they would not heare me: because it is a stiffenecked people: but in the land of their captiuities, they shall remember themselues,"
            },
            {
               "verse": 31,
               "text": "And shall know that I am the Lord their God: For I giue them an heart, and eares to heare."
            },
            {
               "verse": 32,
               "text": "And they shal praise me in the land of their captiuitie, and thinke vpon my name,"
            },
            {
               "verse": 33,
               "text": "And returne from their stiffe neck, and from their wicked deeds: for they shal remember the way of their fathers which sinned before the Lord."
            },
            {
               "verse": 34,
               "text": "And I will bring them againe into the land which I promised with an oath vnto their fathers, Abraham, Isaac, and Iacob, and they shall bee lords of it, and I will increase them, and they shall not be diminished."
            },
            {
               "verse": 35,
               "text": "And I will make an euerlasting couenant with them, to be their God, and they shall be my people: and I will no more driue my people of Israel out of the land that I haue giuen them."
            }
         ]
      },
      {
         "chapter": 3,
         "verses": [
            {
               "verse": 1,
               "text": "O Lord almighty, God of Israel, the soule in anguish, the troubled spirit crieth vnto thee."
            },
            {
               "verse": 2,
               "text": "Heare O Lord, and haue mercy: for thou art mercifull, and haue pitty vpon vs, because we haue sinned before thee."
            },
            {
               "verse": 3,
               "text": "For thou endurest for euer, and we perish vtterly."
            },
            {
               "verse": 4,
               "text": "O Lord almighty, thou God of Israel, heare now the prayers of the dead Israelites, and of their children, which haue sinned before thee, and not hearkened vnto the voice of thee their God: for the which cause these plagues cleaue vnto vs."
            },
            {
               "verse": 5,
               "text": "Remember not the iniquities of our forefathers: but thinke vpon thy power and thy name, now at this time."
            },
            {
               "verse": 6,
               "text": "For thou art the Lord our God, and thee, O Lord, will we praise."
            },
            {
               "verse": 7,
               "text": "And for this cause thou hast put thy feare in our hearts, to the intent that we should call vpon thy name, and praise thee in our captiuity: for we haue called to minde all the iniquity of our forefathers that sinned before thee."
            },
            {
               "verse": 8,
               "text": "Behold, we are yet this day in our captiuity, where thou hast scattered vs, for a reproch and a curse, and to be subiect to payments, according to all the iniquities of our fathers which departed from the Lord our God."
            },
            {
               "verse": 9,
               "text": "Heare, Israel, the commandements of life, giue eare to vnderstand wisedome."
            },
            {
               "verse": 10,
               "text": "How happeneth it, Israel, that thou art in thine enemies land, that thou art waxen old in a strange countrey, that thou art defiled with the dead?"
            },
            {
               "verse": 11,
               "text": "That thou art counted with them that goe downe into the graue?"
            },
            {
               "verse": 12,
               "text": "Thou hast forsaken the fountaine of wisedome."
            },
            {
               "verse": 13,
               "text": "For if thou hadst walked in the way of God, thou shouldest haue dwelled in peace for euer."
            },
            {
               "verse": 14,
               "text": "Learne where is wisedome, where is strength, where is vnderstanding, that thou mayest know also where is length of daies, and life, where is the light of the eyes and peace."
            },
            {
               "verse": 15,
               "text": "Who hath found out her place? or who hath come into her treasures?"
            },
            {
               "verse": 16,
               "text": "Where are the princes of the heathen become, and such as ruled the beasts vpon the earth."
            },
            {
               "verse": 17,
               "text": "They that had their pastime with the foules of the aire, and they that hoorded vp siluer and gold wherein men trust, and made no end of their getting?"
            },
            {
               "verse": 18,
               "text": "For they that wrought in siluer, and were so carefull, and whose workes are vnsearchable,"
            },
            {
               "verse": 19,
               "text": "They are vanished, and gone downe to the graue, and others are come vp in their steads."
            },
            {
               "verse": 20,
               "text": "Young men haue seene light, and dwelt vpon the earth: but the way of knowledge haue they not knowen,"
            },
            {
               "verse": 21,
               "text": "Nor vnderstood the pathes thereof; nor laid hold of it: their children were farre off from that way."
            },
            {
               "verse": 22,
               "text": "It hath not beene heard of in Chanaan: neither hath it beene seene in Theman."
            },
            {
               "verse": 23,
               "text": "The Agarenes that seek wisdome vpon earth, the marchants of Merran, and of Theman, the authors of fables, and searchers out of vnderstanding: none of these haue knowen the way of wisedome, or remember her pathes."
            },
            {
               "verse": 24,
               "text": "O Israel, how great is the house of God? and how large is the place of his possession?"
            },
            {
               "verse": 25,
               "text": "Great, and hath none end: high, and vnmeasurable."
            },
            {
               "verse": 26,
               "text": "There were the gyants, famous from the beginning, that were of so great stature, and so expert in warre."
            },
            {
               "verse": 27,
               "text": "Those did not the Lord chuse, neither gaue he the way of knowledge vnto them."
            },
            {
               "verse": 28,
               "text": "But they were destroyed, because they had no wisedome, and perished through their owne foolishnesse."
            },
            {
               "verse": 29,
               "text": "Who hath gone vp into heauen and taken her, and brought her downe from the clouds?"
            },
            {
               "verse": 30,
               "text": "Who hath gone ouer the Sea, and found her, & wil bring her for pure gold?"
            },
            {
               "verse": 31,
               "text": "No man knoweth her way, nor thinketh of her path."
            },
            {
               "verse": 32,
               "text": "But he that knoweth all things, knoweth her, and hath found her out with his vnderstanding: he that prepared the earth for euermore, hath filled it with fourefooted beasts."
            },
            {
               "verse": 33,
               "text": "He that sendeth forth light, and it goeth: calleth it againe, and it obeyeth him with feare."
            },
            {
               "verse": 34,
               "text": "The starres shined in their watches, and reioyced: when he calleth them, they say, Here we be, and so with cheerefulnesse they shewed light vnto him that made them."
            },
            {
               "verse": 35,
               "text": "This is our God, and there shall none other be accounted of in comparison of him."
            },
            {
               "verse": 36,
               "text": "He hath found out all the way of knowledge, and hath giuen it vnto Iacob his seruant, & to Israel his beloued."
            },
            {
               "verse": 37,
               "text": "Afterward did he shew himselfe vpon earth, and conuersed with men."
            }
         ]
      },
      {
         "chapter": 4,
         "verses": [
            {
               "verse": 1,
               "text": "This is the Booke of the commandements of God: and the Law that endureth for euer: all they that keepe it shall come to life: but such as leaue it, shall die."
            },
            {
               "verse": 2,
               "text": "Turne thee, O Iacob, & take heed of it: walke in the presence of the light therof, that thou mayest be illuminated."
            },
            {
               "verse": 3,
               "text": "Giue not thine honour to another, nor the things that are profitable vnto thee, to a strange nation."
            },
            {
               "verse": 4,
               "text": "O Israel, happie are wee: for things that are pleasing to God, are made knowen vnto vs."
            },
            {
               "verse": 5,
               "text": "Be of good cheare, my people, the memoriall of Israel."
            },
            {
               "verse": 6,
               "text": "Ye were sold to the nations, not for  destruction: but because you moued God to wrath, ye were deliuered vnto the enemies."
            },
            {
               "verse": 7,
               "text": "For yee prouoked him that made you, by sacrificing vnto deuils, and not to God."
            },
            {
               "verse": 8,
               "text": "Ye haue forgotten the euerlasting God, that brought you vp, and ye haue grieued Ierusalem that noursed you."
            },
            {
               "verse": 9,
               "text": "For when shee saw the wrath of God c&#333;ming vpon you, she said; Hearken, O ye that dwell about Sion: God hath brought vp&#333; me great mourning."
            },
            {
               "verse": 10,
               "text": "For I saw the captiuitie of my sonnes and daughters, which the euerlasting brought vpon them."
            },
            {
               "verse": 11,
               "text": "With ioy did I nourish them: but sent them away with weeping and mourning."
            },
            {
               "verse": 12,
               "text": "Let no man reioyce ouer me a widow, and forsaken of many, who for the sinnes of my children, am left desolate: because they departed from the Law of God."
            },
            {
               "verse": 13,
               "text": "They knew not his statutes, nor walked in the waies of his Commandements, nor trode in the pathes of discipline in his righteousnesse."
            },
            {
               "verse": 14,
               "text": "Let them that dwell about Sion come, and remember ye the captiuity of my sonnes and daughters, which the euerlasting hath brought vpon them."
            },
            {
               "verse": 15,
               "text": "For he hath brought a nation vpon them from far: a shamelesse nation, and of a strange language, who neither reuerenced old man, nor pitied childe."
            },
            {
               "verse": 16,
               "text": "These haue caried away the deare beloued children of the widow, and left her that was alone, desolate without daughters."
            },
            {
               "verse": 17,
               "text": "But what can I helpe you?"
            },
            {
               "verse": 18,
               "text": "For he that brought these plagues vpon you, will deliuer you from the hands of your enemies."
            },
            {
               "verse": 19,
               "text": "Goe your way, O my children, goe your way: for I am left desolate."
            },
            {
               "verse": 20,
               "text": "I haue put off the clothing of peace, and put vpon me the sackcloth of my prayer. I will cry vnto the euerlasting in my dayes."
            },
            {
               "verse": 21,
               "text": "Be of good cheare, O my children, cry vnto the Lord: & he shal deliuer you from the power & hand of the enemies."
            },
            {
               "verse": 22,
               "text": "For my hope is in the Euerlasting that hee will saue you, and ioy is come vnto me from the Holy one, because of the mercy which shall soone come vnto you from the euerlasting our Sauiour."
            },
            {
               "verse": 23,
               "text": "For I sent you out with mourning and weeping: but God will giue you to mee againe, with ioy and gladnesse for euer."
            },
            {
               "verse": 24,
               "text": "Like as now the neighbours of Sion haue seene your captiuity: so shall they see shortly your saluation from our God, which shall come vpon you with great glory, and brightnesse of the euerlasting."
            },
            {
               "verse": 25,
               "text": "My children, suffer patiently the wrath that is come vpon you from God: for thine enemy hath persecuted thee: but shortly thou shalt see his destruction, & shalt tread vpon his necke."
            },
            {
               "verse": 26,
               "text": "My delicate ones haue gone rough wayes, and were taken away as a flocke caught of the enemies."
            },
            {
               "verse": 27,
               "text": "Be of good comfort, O my children, and cry vnto God: for you shall be remembred of him that brought these things vpon you."
            },
            {
               "verse": 28,
               "text": "For as it was your minde to goe astray from God: so being returned seeke him ten times more."
            },
            {
               "verse": 29,
               "text": "For he that hath brought these plagues vpon you, shall bring you euerlasting ioy againe with your saluation."
            },
            {
               "verse": 30,
               "text": "Take a good heart, O Ierusalem: for hee that gaue thee that name, will comfort thee."
            },
            {
               "verse": 31,
               "text": "Miserable are they that afflicted thee, and reioyced at thy fall."
            },
            {
               "verse": 32,
               "text": "Miserable are the cities which thy children serued: miserable is she that receiued thy sonnes."
            },
            {
               "verse": 33,
               "text": "For as shee reioyced at thy ruine, and was glad of thy fall: so shall she be grieued for her owne desolation."
            },
            {
               "verse": 34,
               "text": "For I will take away the reioycing of her great multitude, and her pride shalbe turned into mourning."
            },
            {
               "verse": 35,
               "text": "For fire shal come vpon her fr&#333; the euerlasting, long to endure: and she shal be inhabited of deuils for a great time."
            },
            {
               "verse": 36,
               "text": "O Ierusalem, looke about thee toward the East, and behold the ioy that commeth vnto thee from God."
            },
            {
               "verse": 37,
               "text": "Loe, thy sonnes come whom thou sentest away: they come gathered together from the East to the West, by the word of the holy One, reioycing in the glory of God."
            }
         ]
      },
      {
         "chapter": 5,
         "verses": [
            {
               "verse": 1,
               "text": "Put off, O Ierusalem, the garment of thy mourning and affliction, and put on the comelinesse of the glory that commeth from God for euer."
            },
            {
               "verse": 2,
               "text": "Cast about thee a double garment of the righteousnesse which commeth from God, and set a diademe on thine head of the glory of the euerlasting."
            },
            {
               "verse": 3,
               "text": "For God wil shew thy brightnesse vnto euery countrey vnder heauen."
            },
            {
               "verse": 4,
               "text": "For thy name shall bee called of God for euer, The peace of righteousnesse, and the glory of Gods worship."
            },
            {
               "verse": 5,
               "text": "Arise, O Ierusalem, and stand on high, and looke about toward the East, and behold thy children gathered from the West vnto the East by the word of the holy One, reioycing in the remembrance of God."
            },
            {
               "verse": 6,
               "text": "For they departed from thee on foote, and were ledde away of their enemies: but God bringeth them vnto thee exalted with glory, as children of the kingdome."
            },
            {
               "verse": 7,
               "text": "For God hath appointed that euery high hill, and banks of long continuance should be cast downe, and valleys filled vp, to make euen the ground, that Israel may goe safely in the glory of God."
            },
            {
               "verse": 8,
               "text": "Moreouer, euen the woods, & euery sweet smelling tree, shall ouershadow Israel by the commandement of God."
            },
            {
               "verse": 9,
               "text": "For God shall leade Israel with ioy, in the light of his glory, with the mercy and righteousnes that commeth from him."
            }
         ]
      }
   ]
}