{
   "book": "Bel and the Dragon",
   "chapter-count": "1",
   "chapters": [
      {
         "chapter": 1,
         "verses": [
            {
               "verse": 1,
               "text": "And King Astyages was gathered to his fathers, and Cyrus of Persia receiued his kingdome."
            },
            {
               "verse": 2,
               "text": "And Daniel conuersed with the king, and was honored aboue all his friends."
            },
            {
               "verse": 3,
               "text": "Now the Babylonians had an Idol called Bel, and there were spent vpon him euery day twelue great measures of fine flowre, and fourtie sheepe, and sixe vessels of wine."
            },
            {
               "verse": 4,
               "text": "And the king worshipped it, and went daily to adore it: but Daniel worshipped his owne God. And the king said vnto him, Why doest not thou worship Bel?"
            },
            {
               "verse": 5,
               "text": "Who answered and said, Because I may not worship idols made with hands, but the liuing God, who hath created the heauen, and the earth, and hath soueraigntie ouer all flesh."
            },
            {
               "verse": 6,
               "text": "Then saide the King vnto him, Thinkest thou not that Bel is a liuing god? seest thou not how much he eateth and drinketh euery day?"
            },
            {
               "verse": 7,
               "text": "Then Daniel smiled, and said, O king, be not deceiued: for this is but clay within, and brasse without, and did neuer eate or drinke any thing."
            },
            {
               "verse": 8,
               "text": "So the king was wroth, and called for his Priests, and said vnto them, If yee tell me not who this is that deuoureth these expenses, ye shall die."
            },
            {
               "verse": 9,
               "text": "But if ye can certifie me that Bel deuoureth them, then Daniel shall die: for hee hath spoken blasphemie against Bel. And Daniel sayd vnto the king, Let it be according to thy word."
            },
            {
               "verse": 10,
               "text": "(Now the Priests of Bel were threescore and tenne, beside their wiues and children) and the king went with Daniel into the temple of Bel."
            },
            {
               "verse": 11,
               "text": "So Bels Priests said, Loe, wee goe out: but thou, O king, set on the meate, and make ready the wine, and shut the doore fast, and seale it with thine owne signet:"
            },
            {
               "verse": 12,
               "text": "And to morrow, when thou commest in, if thou findest not that Bel hath eaten vp all, wee will suffer death; or else Daniel, that speaketh falsely against vs."
            },
            {
               "verse": 13,
               "text": "And they little regarded it: for vnder the table they had made a priuie entrance, whereby they entred in continually, and consumed those things."
            },
            {
               "verse": 14,
               "text": "So when they were gone forth, the king set meates before Bel. Now Daniel had commanded his seruants to bring ashes, and those they strewed throughout all the temple, in the presence of the king alone: then went they out and shut the doore, & sealed it with the kings signet, and so departed."
            },
            {
               "verse": 15,
               "text": "Now in the night came the Priests with their wiues and children (as they were woont to doe) and did eate and drinke vp all."
            },
            {
               "verse": 16,
               "text": "In the morning betime the king arose, and Daniel with him."
            },
            {
               "verse": 17,
               "text": "And the king said, Daniel, are the seales whole? And he said, Yea, O king, they be whole."
            },
            {
               "verse": 18,
               "text": "And assoone as he had opened the doore, the king looked vpon the table, and cried with a loude voice, Great art thou, O Bel, and with thee is no deceit at all."
            },
            {
               "verse": 19,
               "text": "Then laughed Daniel, and helde the king that he should not goe in, and sayd, Behold now the pauement, and marke well whose footsteps are these."
            },
            {
               "verse": 20,
               "text": "And the king said, I see the footsteps of men, women and children: and then the king was angry,"
            },
            {
               "verse": 21,
               "text": "And tooke the Priests, with their wiues and children, who shewed him the priuy doores, where they came in, and consumed such things as were vpon the table."
            },
            {
               "verse": 22,
               "text": "Therefore the king slewe them, and deliuered Bel into Daniels power, who destroyed him and his temple."
            },
            {
               "verse": 23,
               "text": "And in that same place there was a great Dragon, which they of Babylon worshipped."
            },
            {
               "verse": 24,
               "text": "And the king said vnto Daniel, Wilt thou also say that this is of brasse? loe, he liueth, he eateth and drinketh, thou canst not say, that he is no liuing God: therefore worship him."
            },
            {
               "verse": 25,
               "text": "Then said Daniel vnto the king, I will worship the Lord my God: for he is the liuing God."
            },
            {
               "verse": 26,
               "text": "But giue me leaue, O king, and I shall slay this dragon without sword or staffe. The king sayde, I giue thee leaue."
            },
            {
               "verse": 27,
               "text": "Then Daniel tooke pitch, fat, and haire, and did seethe them together, and made lumpes thereof: this hee put in the Dragons mouth, and so the Dragon burst in sunder: and Daniel said, Loe, these are the gods you worship."
            },
            {
               "verse": 28,
               "text": "When they of Babylon heard that, they tooke great indignation, and conspired against the king, saying, The king is become a Iew, and he hath destroyed Bel, he hath slaine the Dragon, and put the Priests to death."
            },
            {
               "verse": 29,
               "text": "So they came to the king, and said, Deliuer vs Daniel, or else we will destroy thee and thine house."
            },
            {
               "verse": 30,
               "text": "Now when the king sawe that they pressed him sore, being constrained, he deliuered Daniel vnto them:"
            },
            {
               "verse": 31,
               "text": "Who cast him into the lions den, where he was sixe dayes."
            },
            {
               "verse": 32,
               "text": "And in the den there were seuen lyons, and they had giuen them euery day two carkeises, and two sheepe: which then were not giuen to them, to the intent they might deuoure Daniel."
            },
            {
               "verse": 33,
               "text": "Now there was in Iury a Prophet called Habacuc, who had made pottage, & had broken bread in a boule, and was going into the field, for to bring it to the reapers."
            },
            {
               "verse": 34,
               "text": "But the Angel of the Lord said vnto Habacuc, Goe carrie the dinner that thou hast into Babylon vnto Daniel, who is in the lions denne."
            },
            {
               "verse": 35,
               "text": "And Habacuc said, Lord, I neuer saw Babylon: neither do I know where the denne is."
            },
            {
               "verse": 36,
               "text": "Then the Angel of the Lord tooke him by the crown, and bare him by the haire of his head, and through the vehemencie of his spirit, set him in Babylon ouer the den."
            },
            {
               "verse": 37,
               "text": "And Habacuc cryed, saying, O Daniel, Daniel, take the dinner which God hath sent thee."
            },
            {
               "verse": 38,
               "text": "And Daniel saide, Thou hast remembred mee, O God: neither hast thou forsaken them that seeke thee, and loue thee."
            },
            {
               "verse": 39,
               "text": "So Daniel arose and did eate: and the Angel of the Lord set Habacuc in his owne place againe immediatly."
            },
            {
               "verse": 40,
               "text": "Upon the seuenth day the king went to bewaile Daniel: and when he came to the den, he looked in, and behold, Daniel was sitting."
            },
            {
               "verse": 41,
               "text": "Then cried the king with a loud voyce, saying, Great art thou, O Lord God of Daniel, and there is none other besides thee."
            },
            {
               "verse": 42,
               "text": "And he drew him out: and cast those that were the cause of his destruction into the den: and they were deuoured in a moment before his face."
            }
         ]
      }
   ]
}