{
   "book": "Colossians",
   "chapter-count": "4",
   "chapters": [
      {
         "chapter": 1,
         "verses": [
            {
               "verse": 1,
               "text": "Paul an Apostle of Iesus Christ, by &thorn; will of God, and Timotheus our brother,"
            },
            {
               "verse": 2,
               "text": "To the saints and faithfull brethren in Christ, which are at Colosse, grace be vnto you, and peace from God our Father, and the Lord Iesus Christ."
            },
            {
               "verse": 3,
               "text": "We giue thanks to God, and the Father of our Lord Iesus Christ, praying alwayes for you,"
            },
            {
               "verse": 4,
               "text": "Since we heard of your faith in Christ Iesus, and of the loue which yee haue to all the Saints,"
            },
            {
               "verse": 5,
               "text": "For the hope which is layd vp for you in heauen, whereof ye heard before in the word of the trueth of the Gospel,"
            },
            {
               "verse": 6,
               "text": "Which is come vnto you as it is in all the world, and bringeth foorth fruit, as it doth also in you, since the day yee heard of it, and knew the grace of God in trueth,"
            },
            {
               "verse": 7,
               "text": "As yee also learned of Epaphras our deare felow seruant, who is for you a faithfull Minister of Christ:"
            },
            {
               "verse": 8,
               "text": "Who also declared vnto vs your loue in the spirit."
            },
            {
               "verse": 9,
               "text": "For this cause wee also, since the day we heard it, doe not cease to pray for you, and to desire that ye might be filled with the knowledge of his will, in all wisedome and spirituall vnderstanding:"
            },
            {
               "verse": 10,
               "text": "That ye might walke worthy of the Lord vnto all pleasing, being fruitfull in euery good worke, & increasing in the knowledge of God:"
            },
            {
               "verse": 11,
               "text": "Strengthened with all might according to his glorious power, vnto all patience and long suffering with ioyfulnesse:"
            },
            {
               "verse": 12,
               "text": "Giuing thanks vnto the Father, which hath made vs meete to be partakers of the inheritance of the Saints in light:"
            },
            {
               "verse": 13,
               "text": "Who hath deliuered vs from the power of darkenesse, and hath translated vs into the kingdome of his deare Sonne,"
            },
            {
               "verse": 14,
               "text": "In whom we haue redemption through his blood, euen the forgiuenesse of sinnes:"
            },
            {
               "verse": 15,
               "text": "Who is the image of the inuisible God, the first borne of euery creature."
            },
            {
               "verse": 16,
               "text": "For by him were all things created that are in heauen, and that are in earth, visible and inuisible, whether they be thrones, or dominions, or principalities, or powers: all things were created by him, and for him."
            },
            {
               "verse": 17,
               "text": "And he is before all things, and by him all things consist."
            },
            {
               "verse": 18,
               "text": "And hee is the head of the body, the Church: who is the beginning, the first borne from the dead, that in all things he might haue the preeminence:"
            },
            {
               "verse": 19,
               "text": "For it pleased the Father that in him should all fulnesse dwell,"
            },
            {
               "verse": 20,
               "text": "And (hauing made peace through the blood of his crosse) by him to reconcile all things vnto himself, by him, I say, whether they bee things in earth, or things in heauen."
            },
            {
               "verse": 21,
               "text": "And you that were sometimes alienated, and enemies in your minde by wicked workes, yet now hath hee reconciled,"
            },
            {
               "verse": 22,
               "text": "In the body of his flesh through death, to present you holy & vnblameable, and vnreprooueable in his sight,"
            },
            {
               "verse": 23,
               "text": "If ye continue in the faith grounded and setled, and be not moued away from the hope of the Gospel, which yee haue heard, and which was preached to euery creature which is vnder heauen, whereof I Paul am made a Minister."
            },
            {
               "verse": 24,
               "text": "Who now reioyce in my sufferings for you, and fill vp that which is behind of the afflictions of Christ in my flesh, for his bodies sake, which is the Church,"
            },
            {
               "verse": 25,
               "text": "Whereof I am made a Minister, according to the dispensation of God, which is giuen to mee for you, to fulfill the word of God:"
            },
            {
               "verse": 26,
               "text": "Euen the mystery which hath been hid from ages, and from generations, but now is made manifest to his saints,"
            },
            {
               "verse": 27,
               "text": "To whom God would make knowen what is the riches of the glory of this mysterie among the Gentiles, which is Christ in you, the hope of glory:"
            },
            {
               "verse": 28,
               "text": "Whom we preach, warning euery man, and teaching euery man in all wisedome, that we may present euery man perfect in Christ Iesus."
            },
            {
               "verse": 29,
               "text": "Whereunto I also labour, striuing according to his working, which worketh in me mightily."
            }
         ]
      },
      {
         "chapter": 2,
         "verses": [
            {
               "verse": 1,
               "text": "For I would that ye knew what great conflict I haue for you, and for them at Laodicea, and for as many as haue not seene my face in the flesh:"
            },
            {
               "verse": 2,
               "text": "That their hearts might be comforted, being knit together in loue, and vnto all riches of the full assurance of vnderstanding, to the acknowledgement of the mysterie of God, and of the Father, and of Christ,"
            },
            {
               "verse": 3,
               "text": "In whom are hid all the treasures of wisedome, and knowledge."
            },
            {
               "verse": 4,
               "text": "And this I say, lest any man should beguile you with entising words."
            },
            {
               "verse": 5,
               "text": "For though I bee absent in the flesh, yet am I with you in the spirit, ioying and beholding your order, and the stedfastnesse of your faith in Christ."
            },
            {
               "verse": 6,
               "text": "As yee haue therefore receiued Christ Iesus the Lord, so walke yee in him:"
            },
            {
               "verse": 7,
               "text": "Rooted and built vp in him, and stablished in the faith, as yee haue bene taught, abounding therein with thankesgiuing."
            },
            {
               "verse": 8,
               "text": "Beware lest any man spoile you through Philosophie and vaine deceit, after the tradition of men, after the rudiments of the world, and not after Christ:"
            },
            {
               "verse": 9,
               "text": "For in him dwelleth all the fulnesse of the Godhead bodily."
            },
            {
               "verse": 10,
               "text": "And ye are complete in him, which is the head of all principalitie, & power."
            },
            {
               "verse": 11,
               "text": "In whom also ye are circumcised with the Circumcision made without handes, in putting off the body of the sinnes of the flesh, by the Circumcision of Christ:"
            },
            {
               "verse": 12,
               "text": "Buried with him in Baptisme, wherein also you are risen with him through the faith of the operation of God, who hath raised him from the dead."
            },
            {
               "verse": 13,
               "text": "And you being dead in your sinnes, and the vncircumcision of your flesh, hath hee quickened together with him, hauing forgiuen you all trespasses,"
            },
            {
               "verse": 14,
               "text": "Blotting out the handwriting of ordinances, that was against vs, which was contrary to vs, and tooke it out of the way, nayling it to his Crosse:"
            },
            {
               "verse": 15,
               "text": "And hauing spoyled principalities and powers, he made a shew of them openly, triumphing ouer them in it."
            },
            {
               "verse": 16,
               "text": "Let no man therefore iudge you in meat, or in drinke, or in respect of an Holy day, or of the New moone, or of the Sabbath dayes:"
            },
            {
               "verse": 17,
               "text": "Which are a shadow of things to come, but the body is of Christ."
            },
            {
               "verse": 18,
               "text": "Let no man beguile you of your reward, in a voluntary humilitie, and worshipping of Angels, intruding into those things which hee hath not seene, vainely puft vp by his fleshly minde:"
            },
            {
               "verse": 19,
               "text": "And not holding the head, from which all the body by ioynts and bands hauing nourishment ministred, and knit together, increaseth with the increase of God."
            },
            {
               "verse": 20,
               "text": "Wherefore if yee bee dead with Christ fr&#333; the rudiments of the world: why, as though liuing in the world, are ye subiect to ordinances?"
            },
            {
               "verse": 21,
               "text": "(Touch not, taste not, handle not:"
            },
            {
               "verse": 22,
               "text": "Which all are to perish with the vsing) after the commandements and doctrines of men:"
            },
            {
               "verse": 23,
               "text": "Which things haue in deed a shew of wisedome in will-worship and humilitie, and neglecting of the body, not in any honour to the satisfying of the flesh."
            }
         ]
      },
      {
         "chapter": 3,
         "verses": [
            {
               "verse": 1,
               "text": "If yee then bee risen with Christ, seeke those things which are aboue, where Christ sitteth on the right hand of God:"
            },
            {
               "verse": 2,
               "text": "Set your affection on things aboue, not on things on the earth."
            },
            {
               "verse": 3,
               "text": "For yee are dead, and your life is hid with Christ in God."
            },
            {
               "verse": 4,
               "text": "When Christ, who is our life, shall appeare, then shall yee also appeare with him in glorie."
            },
            {
               "verse": 5,
               "text": "Mortifie therefore your members which are vpon the earth: fornication, vncleannesse, inordinate affection, euill concupiscence, and couetousnesse, which is idolatrie:"
            },
            {
               "verse": 6,
               "text": "For which things sake, the wrath of God commeth on the children of disobedience,"
            },
            {
               "verse": 7,
               "text": "In the which yee also walked sometime, when ye liued in them."
            },
            {
               "verse": 8,
               "text": "But now you also put off all these, anger, wrath, malice, blasphemie, filthy communication out of your mouth."
            },
            {
               "verse": 9,
               "text": "Lie not one to another, seeing that yee haue put off the old man with his deedes:"
            },
            {
               "verse": 10,
               "text": "And haue put on the new man, which is renued in knowledge, after the image of him that created him,"
            },
            {
               "verse": 11,
               "text": "Where there is neither Greeke, nor Iew, circumcision, nor vncircumcision, Barbarian, Scythian, bond, nor free: but Christ is all, and in all."
            },
            {
               "verse": 12,
               "text": "Put on therefore (as the elect of God, holy and beloued) bowels of mercies, kindnesse, humblenesse of minde, meekenesse, long suffering,"
            },
            {
               "verse": 13,
               "text": "Forbearing one another, and forgiuing one another, if any man haue a quarrell against any: euen as Christ forgaue you, so also doe yee."
            },
            {
               "verse": 14,
               "text": "And aboue all these things put on charitie, which is the bond of perfectnesse."
            },
            {
               "verse": 15,
               "text": "And let the peace of God rule in your hearts, to the which also yee are called in one body: and be yee thankefull."
            },
            {
               "verse": 16,
               "text": "Let the word of Christ dwell in you richly in all wisdome, teaching and admonishing one another in Psalmes, and Hymnes, and Spirituall songs, singing with grace in your hearts to the Lord."
            },
            {
               "verse": 17,
               "text": "And whatsoeuer yee doe in word or deed, doe all in the Name of the Lord Iesus, giuing thankes to God and the Father, by him."
            },
            {
               "verse": 18,
               "text": "Wiues, submit your selues vnto your owne husbands, as it is fit in the Lord."
            },
            {
               "verse": 19,
               "text": "Husbands, loue your wiues, and be not bitter against them."
            },
            {
               "verse": 20,
               "text": "Children, obey your parents in all things, for this is well pleasing vnto the Lord."
            },
            {
               "verse": 21,
               "text": "Fathers, prouoke not your children to anger, lest they be discouraged."
            },
            {
               "verse": 22,
               "text": "Seruants, obey in all things your masters according to the flesh: not with eye seruice as men pleasers, but in singlenesse of heart, fearing God:"
            },
            {
               "verse": 23,
               "text": "And whatsoeuer yee doe, doe it heartily, as to the Lord, and not vnto men:"
            },
            {
               "verse": 24,
               "text": "Knowing, that of the Lord yee shall receiue the reward of the inheritance: for ye serue the Lord Christ."
            },
            {
               "verse": 25,
               "text": "But he that doeth wrong, shall receiue for the wrong which hee hath done: and there is no respect of persons."
            }
         ]
      },
      {
         "chapter": 4,
         "verses": [
            {
               "verse": 1,
               "text": "Masters, giue vnto your seruants that which is iust and equall, knowing that yee also haue a Master in heauen."
            },
            {
               "verse": 2,
               "text": "Continue in prayer, and watch in the same with thankesgiuing:"
            },
            {
               "verse": 3,
               "text": "Withall, praying also for vs, that God would open vnto vs a doore of vtterance, to speake the mystery of Christ, for which I am also in bonds:"
            },
            {
               "verse": 4,
               "text": "That I may make it manifest, as I ought to speake."
            },
            {
               "verse": 5,
               "text": "Walke in wisdome toward them that are without, redeeming the time."
            },
            {
               "verse": 6,
               "text": "Let your speech bee alway with grace, seasoned with salt, that you may know how yee ought to answere euery man."
            },
            {
               "verse": 7,
               "text": "All my state shall Tychicus declare vnto you, who is a beloued brother, and a faithfull minister, and fellow seruant in the Lord:"
            },
            {
               "verse": 8,
               "text": "Whom I haue sent vnto you for the same purpose, that hee might know your estate, and comfort your hearts."
            },
            {
               "verse": 9,
               "text": "With Onesimus a faithfull and beloued brother, who is one of you. They shall make knowen vnto you all things which are done here."
            },
            {
               "verse": 10,
               "text": "Aristarchus my fellow prisoner saluteth you, and Marcus sisters sonne to Barnabas, (touching whome yee receiued commandements; if he come vnto you, receiue him:)"
            },
            {
               "verse": 11,
               "text": "And Iesus, which is called Iustus, who are of the circumcision. These onely are my fellow workers vnto the kingdome of God, which haue beene a comfort vnto me."
            },
            {
               "verse": 12,
               "text": "Epaphras, who is one of you, a seruant of Christ, saluteth you, alwaies labouring feruently for you in praiers, that ye may stand perfect, and complete in all the will of God."
            },
            {
               "verse": 13,
               "text": "For I beare him record, that hee hath a great zeale for you, and them that are in Laodicea, and them in Hierapolis."
            },
            {
               "verse": 14,
               "text": "Luke the beloued physician, and Demas greet you."
            },
            {
               "verse": 15,
               "text": "Salute the brethren which are in Laodicea, and Nymphas, & the church which is in his house."
            },
            {
               "verse": 16,
               "text": "And when this Epistle is read amongst you, cause that it be read also in the church of the Laodiceans: and that ye likewise reade the Epistle from Laodicea,"
            },
            {
               "verse": 17,
               "text": "And say to Archippus, Take heede to the ministerie, which thou hast receiued in the Lord, that thou fulfill it."
            },
            {
               "verse": 18,
               "text": "The salutation by the hand of me Paul. Remember my bonds. Grace be with you. Amen. Written from Rome to the Colossians, by Tychicus and Onesimus."
            }
         ]
      }
   ]
}