{
   "book": "Daniel",
   "chapter-count": "12",
   "chapters": [
      {
         "chapter": 1,
         "verses": [
            {
               "verse": 1,
               "text": "In the thirde yere of the reigne of Iehoiakim King of Iudah, came Nebuchad-nezzar King of Babylon, vnto Ierusalem, and besieged it."
            },
            {
               "verse": 2,
               "text": "And the Lord gaue Iehoiakim king of Iudah into his hand, with part of the vessels of the house of God, which he caried into the land of Shinar to the house of his god, and he brought the vessels into the treasure house of his god."
            },
            {
               "verse": 3,
               "text": "¶ And the king spake vnto Ashpenaz the master of his Eunuches, that he should bring certaine of the children of Israel, and of the kings seed, and of the Princes:"
            },
            {
               "verse": 4,
               "text": "Children in whom was no blemish, but well fauoured, and skilfull in all wisedome, and cunning in knowledge, and vnderstanding science, and such as had abilitie in them to stand in the Kings palace, and whom they might teach the learning, and the tongue of the Caldeans."
            },
            {
               "verse": 5,
               "text": "And the King appointed them a daily prouision of the kings meat, and of the wine which he dranke: so nourishing them three yeeres, that at the ende thereof they might stand before the king."
            },
            {
               "verse": 6,
               "text": "Now among these were of the children of Iudah, Daniel, Hananiah, Mishael, and Azariah:"
            },
            {
               "verse": 7,
               "text": "Unto whom the Prince of the Eunuches gaue names: for he gaue vnto Daniel the name of Belteshazzar; and to Hananiah, of Shadrach; and to Mishael, of Meshach; and to Azariah of Abednego."
            },
            {
               "verse": 8,
               "text": "¶ But Daniel purposed in his heart, that he would not defile himselfe with the portion of the kings meat, nor with the wine which he dranke: therefore hee requested of the Prince of the Eunuches, that hee might not defile himselfe."
            },
            {
               "verse": 9,
               "text": "Now God had brought Daniel into fauour and tender loue with the Prince of the Eunuches."
            },
            {
               "verse": 10,
               "text": "And the Prince of the Eunuches said vnto Daniel, I feare my lord the king, who hath appointed your meat, and your drinke: for why should he see your faces worse liking then the children which are of your sort? then shall yee make mee indanger my head to the King."
            },
            {
               "verse": 11,
               "text": "Then said Daniel to Melzar, whom the Prince of the Eunuches had set ouer Daniel, Hananiah, Mishael, and Azariah,"
            },
            {
               "verse": 12,
               "text": "Proue thy seruants, I beseech thee, ten dayes, and let them giue pulse to eat, and water to drinke."
            },
            {
               "verse": 13,
               "text": "Then let our countenances be looked vpon before thee, and the countenance of the children that eat of the portion of the Kings meate: and as thou seest, deale with thy seruants."
            },
            {
               "verse": 14,
               "text": "So hee consented to them in this matter, and proued them ten dayes."
            },
            {
               "verse": 15,
               "text": "And at the end often dayes, their countenances appeared fairer, and fatter in flesh, then all the children, which did eate the portion of the kings meat."
            },
            {
               "verse": 16,
               "text": "Thus Melzar tooke away the portion of their meat, and the wine that they should drink: and gaue them pulse."
            },
            {
               "verse": 17,
               "text": "¶ As for these foure children, God gaue them knowledge, and skil in all learning and wisedome, and Daniel had vnderstanding in all visions and dreames."
            },
            {
               "verse": 18,
               "text": "Now at the end of the dayes that the King had said he should bring them in, then the Prince of the Eunuches brought them in before Nebuchadnezzar."
            },
            {
               "verse": 19,
               "text": "And the King communed with them: and among them all was found none like Daniel, Hananiah, Mishael, and Azariah: therefore stood they before the King."
            },
            {
               "verse": 20,
               "text": "And in all matters of wisedome and vnderstanding that the king enquired of them, hee found them ten times better then all the Magicians and Astrologers that were in all his Realme."
            },
            {
               "verse": 21,
               "text": "And Daniel continued euen vnto the first yeere of king Cyrus."
            }
         ]
      },
      {
         "chapter": 2,
         "verses": [
            {
               "verse": 1,
               "text": "And in the second yeere of the reigne of Nebuchadnezzar, Nebuchad-nezzar dreamed dreames, wherewith his spirit was troubled, and his sleepe brake from him."
            },
            {
               "verse": 2,
               "text": "Then the King commanded to call the Magicians, and the Astrologers, and the Sorcerers, and the Caldeans, for to shew the King his dreames: so they came and stood before the king."
            },
            {
               "verse": 3,
               "text": "And the King said vnto them, I haue dreamed a dreame, and my spirit was troubled to know the dreame."
            },
            {
               "verse": 4,
               "text": "Then spake the Caldeans to the King in Syriacke; O king, liue for euer: tell thy seruants the dreame, and we will shew the interpretation."
            },
            {
               "verse": 5,
               "text": "The King answered, and said to the Caldeans, The thing is gone from mee: if ye will not make knowen vnto me the dreame, with the interpretation thereof, yee shall be cut in pieces, and your houses shalbe made a dunghill."
            },
            {
               "verse": 6,
               "text": "But if yee shewe the dreame, and the interpretation thereof, yee shall receiue of me giftes and rewards, and great honour: therefore shewe me the dreame, and the interpretation thereof."
            },
            {
               "verse": 7,
               "text": "They answered againe, and said, Let the King tell his seruants the dreame, and we will shew the interpretation of it."
            },
            {
               "verse": 8,
               "text": "The King answered, and said, I know of certeinty that ye would gaine the time, because ye see the thing is gone from me."
            },
            {
               "verse": 9,
               "text": "But if yee will not make knowen vnto me the dreame, there is but one decree for you: for ye haue prepared lying, and corrupt words to speake before me, till the time be changed: therefore tell me the dreame, and I shall know that yee can shewe mee the interpretation thereof."
            },
            {
               "verse": 10,
               "text": "¶ The Caldeans answered before the King, and said, There is not a man vpon the earth that can shew the kings matter: therefore there is no King, lord, nor ruler, that asked such things at any Magician, or Astrologer, or Caldean."
            },
            {
               "verse": 11,
               "text": "And it is a rare thing that the king requireth, and there is none other that can shew it before the King, except the gods, whose dwelling is not with flesh."
            },
            {
               "verse": 12,
               "text": "For this cause the King was angry and very furious, and commanded to destroy all the wise men of Babylon."
            },
            {
               "verse": 13,
               "text": "And the decree went foorth that the wise men should be slaine, and they sought Daniel and his fellowes to be slaine."
            },
            {
               "verse": 14,
               "text": "¶ Then Daniel answered with counsell and wisedome to Arioch the captaine of the Kings guard, which was gone foorth to slay the wise men of Babylon."
            },
            {
               "verse": 15,
               "text": "Hee answered and said to Arioch the Kings captaine, Why is the decree so hastie from the King? Then Arioch made the thing knowen to Daniel."
            },
            {
               "verse": 16,
               "text": "Then Daniel went in and desired of the King, that hee would giue him time, and that he would shew the king the interpretation."
            },
            {
               "verse": 17,
               "text": "Then Daniel went to his house, and made the thing knowen to Hananiah, Mishael, and Azariah his companions:"
            },
            {
               "verse": 18,
               "text": "That they would desire mercies of the God of heauen concerning this secret, that Daniel and his fellowes should not perish with the rest of the Wise men of Babylon."
            },
            {
               "verse": 19,
               "text": "¶ Then was the secret reuealed vnto Daniel in a night vision: then Daniel blessed the God of heauen."
            },
            {
               "verse": 20,
               "text": "Daniel answered and said; Blessed be the name of God for euer and euer: for wisedome and might are his:"
            },
            {
               "verse": 21,
               "text": "And he changeth the times and the seasons: he remoueth Kings, and setteth vp Kings: he giueth wisedome vnto the wise, and knowledge to them that know vnderstanding."
            },
            {
               "verse": 22,
               "text": "He reuealeth the deepe and secret things: hee knoweth what is in the darknes, & the light dwelleth with him."
            },
            {
               "verse": 23,
               "text": "I thanke thee and praise thee, O thou God of my fathers, who hast giuen me wisedome and might, and hast made knowen vnto me now what we desired of thee: for thou hast now made knowen vnto vs the kings matter."
            },
            {
               "verse": 24,
               "text": "¶ Therefore Daniel went in vnto Arioch whom the king had ordained to destroy the wise men of Babylon: he went and said thus vnto him, Destroy not the wise men of Babylon: bring me in before the king, and I will shew vnto the king the interpretation."
            },
            {
               "verse": 25,
               "text": "Then Arioch brought in Daniel before the king in haste, & said thus vnto him, I haue found a man of the captiues of Iudah, that will make knowen vnto the king the interpretation."
            },
            {
               "verse": 26,
               "text": "The King answered and said to Daniel whose name was Belteshazzar, Art thou able to make knowen vnto me the dreame which I haue seene, and the interpretation thereof?"
            },
            {
               "verse": 27,
               "text": "Daniel answered in the presence of the King, and said, The secret which the King hath demanded, cannot the wise men, the astrologians, the magicians, &thorn; southsaiers shew vnto the king:"
            },
            {
               "verse": 28,
               "text": "But there is a God in heauen that reuealeth secrets, and maketh knowen to the king Nebuchad-nezzar, what shalbe in the latter dayes. Thy dreame, and the visions of thy head vpon thy bed, are these."
            },
            {
               "verse": 29,
               "text": "As for thee, O King, thy thoughts came into thy minde vpon thy bed, what should come to passe hereafter: and he that reuealeth secrets, maketh knowen to thee, what shall come to passe."
            },
            {
               "verse": 30,
               "text": "But as for me, this secret is not reuealed to me, for any wisdome that I haue more then any liuing, but for their sakes that shall make knowen the interpretation to the King, and that thou mightest know the thoughts of thy heart."
            },
            {
               "verse": 31,
               "text": "¶ Thou, O King, sawest, and behold a great image: this great image whose brightnesse was excelleut, stood before thee, and the forme thereof was terrible."
            },
            {
               "verse": 32,
               "text": "This images head was of fine gold, his breast and his armes of siluer, his belly and his thighes of brasse:"
            },
            {
               "verse": 33,
               "text": "His legs of yron, his feete part of yron, and part of clay."
            },
            {
               "verse": 34,
               "text": "Thou sawest till that a stone was cut out without hands, which smote the image vpon his feete that were of yron and clay, and brake them to pieces."
            },
            {
               "verse": 35,
               "text": "Then was the yron, the clay, the brasse, the siluer, and the golde broken to pieces together, and became like the chaffe of the summer threshing floores, and the wind caried them away, that no place was found for them: & the stone that smote the image became a great mountaine, and filled the whole earth."
            },
            {
               "verse": 36,
               "text": "¶ This is the dreame, and we will tell the interpretation thereof before the King."
            },
            {
               "verse": 37,
               "text": "Thou, O King, art a king of Kings: for the God of heauen hath giuen thee a kingdome, power, and strength, and glory."
            },
            {
               "verse": 38,
               "text": "And wheresoeuer the children of men dwel, the beasts of the field, and the foules of the heauen hath he giuen into thine hand, and hath made thee ruler ouer them all: thou art this head of gold."
            },
            {
               "verse": 39,
               "text": "And after thee shall arise an other kingdome inferiour to thee, and another third kingdome of brasse, which shall beare rule ouer all the earth."
            },
            {
               "verse": 40,
               "text": "And the fourth kingdome shall be strong as yron: forasmuch as yron breaketh in pieces and subdueth all things; and as yron that breaketh all these, shall it breake in pieces and bruise."
            },
            {
               "verse": 41,
               "text": "And whereas thou sawest the feete and toes, part of potters clay, and part of yron: the kingdome shalbe diuided, but there shalbe in it of the strength of the yron, forasmuch as thou sawest the yron mixt with myrie clay."
            },
            {
               "verse": 42,
               "text": "And as the toes of the feete were part of yron, and part of clay; so the kingdome shall be partly strong, and partly broken."
            },
            {
               "verse": 43,
               "text": "And whereas thou sawest yron mixt with myrie clay, they shall mingle themselues with the seede of men: but they shall not cleaue one to an other, euen as yron is not mixed with clay."
            },
            {
               "verse": 44,
               "text": "And in the daies of these Kings shall the God of heauen set vp a kingdome, which shall neuer be destroyed: and the Kingdome shall not be left to other people, but it shall breake in pieces, and consume all these kingdomes, and it shall stand for euer."
            },
            {
               "verse": 45,
               "text": "Forasmuch as thou sawest that the stone was cut out of the mountaine without hands, and that it brake in pieces the yron, the brasse, the clay, the siluer, and the gold: the great God hath made knowen to the King what shall come to passe hereafter, & the dreame is certaine, and the interpretation thereof sure."
            },
            {
               "verse": 46,
               "text": "¶ Then the King Nebuchadnezzar fell vpon his face, and worshipped Daniel, and commanded that they should offer an oblation, and sweet odours vnto him."
            },
            {
               "verse": 47,
               "text": "The King answered vnto Daniel and said, Of a trueth it is, that your God is a God of gods, and a Lord of Kings, and a reuealer of secrets, seeing thou couldest reueale this secret."
            },
            {
               "verse": 48,
               "text": "Then the King made Daniel a great man, and gaue him many great gifts, & made him ruler ouer the whole prouince of Babylon, and chiefe of the gouernours ouer all the wise men of Babylon."
            },
            {
               "verse": 49,
               "text": "Then Daniel requested of the King, and he set Shadrach, Meshach, and Abednego ouer the affaires of the prouince of Babylon: but Daniel sate in the gate of the King."
            }
         ]
      },
      {
         "chapter": 3,
         "verses": [
            {
               "verse": 1,
               "text": "Nebuchad-nezzar the king made an image of gold, whose height was threescore cubits, and &thorn; breadth thereof sixe cubites: he set it vp in the plaine of Dura, in the prouince of Babylon."
            },
            {
               "verse": 2,
               "text": "Then Nebuchad-nezzar the king sent to gather together the Princes, the Gouernours, and the Captaines, the Iudges, the Treasurers, the Counsellers, the Sherifes, and all the rulers of the Prouinces, to come to the dedication of the image which Nebuchad-nezzar the King had set vp."
            },
            {
               "verse": 3,
               "text": "Then the Princes, the Gouernours and Captaines, the Iudges, the Treasurers, the Counsellers, the Sherifes, and all the rulers of the Prouinces were gathered together vnto the dedicati&#333; of the image, that Nebuchadnezzar the King had set vp, and they stood before the image that Nebuchadnezzar had set vp."
            },
            {
               "verse": 4,
               "text": "Then an herauld cryed aloud, To you it is commaunded, O people, nations, and languages,"
            },
            {
               "verse": 5,
               "text": "That at what time yee heare the sound of the cornet, flute, harpe, sackbut, psalterie, dulcimer, and all kinds of musicke, yee fall downe, and worship the golden image that Nebuchad-nezzar the King hath set vp:"
            },
            {
               "verse": 6,
               "text": "And who so falleth not down and worshippeth, shall the same houre bee cast into the middest of a burning fierie furnace."
            },
            {
               "verse": 7,
               "text": "Therefore at that time, when all the people heard the sound of the cornet, flute, harpe, sackbut, psalterie, and all kindes of musicke, all the people, the nations, and the languages fell downe and worshipped the golden image, that Nebuchad-nezzar the King had set vp."
            },
            {
               "verse": 8,
               "text": "¶ Wherefore at that time certaine Caldeans came neere, and accused the Iewes."
            },
            {
               "verse": 9,
               "text": "They spake and sayd to the King Nebuchad-nezzar, O King, liue for euer."
            },
            {
               "verse": 10,
               "text": "Thou, O King, hast made a decree, that euery man that shal heare the sound of the cornet, flute, harpe, sackbut, psalterie, and dulcimer, and all kinds of musicke, shall fall downe and worship the golden image:"
            },
            {
               "verse": 11,
               "text": "And who so falleth not downe & worshippeth, that he should be cast into the midst of a burning fierie furnace."
            },
            {
               "verse": 12,
               "text": "There are certain Iewes whom thou hast set ouer the affaires of the prouince of Babylon, Shadrach, Meshach, and Abednego: these men, O King, haue not regarded thee, they serue not thy gods, nor worship the golden image, which thou hast set vp."
            },
            {
               "verse": 13,
               "text": "¶ Then Nebuchad-nezzar in his rage and furie commaunded to bring Shadrach, Meshach, and Abednego: then they brought these men before the King."
            },
            {
               "verse": 14,
               "text": "Nebuchad-nezzar spake and said vnto them, Is it true, O Shadrach, Meshach and Abednego? doe not yee serue my gods, nor worship the golden image which I haue set vp?"
            },
            {
               "verse": 15,
               "text": "Now if ye be ready that at what time yee heare the sound of the cornet, flute, harpe, sackbut, psalterie, and dulcimer, and all kindes of musicke, ye fall downe, and worship the image which I haue made, well: but if yee worship not, ye shall be cast the same houre into the midst of a fierie furnace, and who is that God that shall deliuer you out of my handes?"
            },
            {
               "verse": 16,
               "text": "Shadrach, Meshach, and Abednego answered and said to the king; O Nebuchad-nezzar, we are not carefull to answere thee in this matter."
            },
            {
               "verse": 17,
               "text": "If it be so, our God whom wee serue, is able to deliuer vs from the burning fierie furnace, and he will deliuer vs out of thine hand, O king."
            },
            {
               "verse": 18,
               "text": "But if not, bee it knowen vnto thee, O king, that we will not serue thy gods, nor worship thy golden image, which thou hast set vp."
            },
            {
               "verse": 19,
               "text": "¶ Then was Nebuchad-nezzar full of furie, and the forme of his visage was changed against Shadrach, Meshach and Abednego: therefore he spake and commanded, that they should heat the furnace one seuen times more then it was wont to be heat."
            },
            {
               "verse": 20,
               "text": "And hee commaunded the most mighty men that were in his armie, to binde Shadrach, Meshach and Abednego, and to cast them into the burning fierie furnace."
            },
            {
               "verse": 21,
               "text": "Then these men were bound in their coates, their hosen, and their hats, and their other garments, and were cast into the midst of the burning fierie furnace."
            },
            {
               "verse": 22,
               "text": "Therefore because the Kings commandement was vrgent, and the furnace exceeding hot, the flame of the fire slew those men that tooke vp Shadrach, Meshach and Abednego."
            },
            {
               "verse": 23,
               "text": "And these three men, Shadrach, Meshach, and Abednego, fell downe bound into the midst of the burning fierie furnace."
            },
            {
               "verse": 24,
               "text": "Then Nebuchad-nezzar the king was astonied, and rose vp in haste, and spake and said vnto his counsellers, Did not wee cast three men bound into the midst of the fire? They answered and said vnto the king; True, O king."
            },
            {
               "verse": 25,
               "text": "He answered and said, Loe, I see foure men loose, walking in the midst of the fire, and they haue no hurt, and the forme of the fourth is like the sonne of God."
            },
            {
               "verse": 26,
               "text": "¶ Then Nebuchad-nezzar came neere to the mouth of the burning fierie furnace, and spake and said, Shadrach, Meshach and Abednego, ye seruants of the most High God, come forth, and come hither. Then Shadrach, Meshach, and Abednego came forth of the midst of the fire."
            },
            {
               "verse": 27,
               "text": "And the princes, gouernours, and captaines, and the kings counsellers, being gathered together, saw these men, vpon whose bodies the fire had no power, nor was an haire of their head singed, neither were their coats changed, nor the smell of fire had passed on them."
            },
            {
               "verse": 28,
               "text": "Then Nebuchad-nezzar spake and said; Blessed bee the God of Shadrach, Meshach, and Abednego, who hath sent his Angel, and deliuered his seruants that trusted in him, and haue changed the Kings word, and yeelded their bodies, that they might not serue nor worship any God, except their owne God."
            },
            {
               "verse": 29,
               "text": "Therefore I make a decree, That euery people, nation, and language, which speake any thing amisse against the God of Shadrach, Meshach, and Abednego, shall be cut in pieces, and their houses shall be made a dunghill, because there is no other God, that can deliuer after this sort."
            },
            {
               "verse": 30,
               "text": "Then the King promoted Shadrach, Meshach, and Abednego in the prouince of Babylon."
            }
         ]
      },
      {
         "chapter": 4,
         "verses": [
            {
               "verse": 1,
               "text": "Nebuchad-nezzar the king, vnto all people, nations, and languages that dwell in all the earth, Peace be multiplied vnto you."
            },
            {
               "verse": 2,
               "text": "I thought it good to shew the signes, and wonders, that the high God hath wrought toward me."
            },
            {
               "verse": 3,
               "text": "How great are his signes? and how mighty are his wonders? his kingdome is an euerlasting kingdome, and his dominion is fr&#333; generation to generation."
            },
            {
               "verse": 4,
               "text": "¶ I Nebuchadnezzar was at rest in mine house, and flourishing in my palace."
            },
            {
               "verse": 5,
               "text": "I saw a dreame which made me afraid, and the thoughts vpon my bed, and the visions of my head troubled me."
            },
            {
               "verse": 6,
               "text": "Therefore made I a decree, to bring in all the wise men of Babylon before mee, that they might make knowen vnto me the interpretation of the dreame."
            },
            {
               "verse": 7,
               "text": "Then came in the Magicians, the Astrologers, the Caldeans, and the Southsayers: and I tolde the dreame before them; but they did not make knowen vnto mee the interpretation thereof."
            },
            {
               "verse": 8,
               "text": "¶ But at the last Daniel came in before me, (whose name was Belteshazzar, according to the name of my God, and in whom is the spirit of the holy Gods) & before him I told the dreame, saying,"
            },
            {
               "verse": 9,
               "text": "O Belteshazzar, master of the Magicians, because I know that the spirit of the holy Gods is in thee, and no secret troubleth thee, tell me the visions of my dreame that I haue seene, and the interpretation thereof."
            },
            {
               "verse": 10,
               "text": "Thus were the visions of mine head in my bed: I saw, and behold, a tree in the middest of the earth, and the height thereof was great."
            },
            {
               "verse": 11,
               "text": "The tree grew, and was strong, and the height thereof reached vnto heauen, and the sight thereof to the end of all the earth."
            },
            {
               "verse": 12,
               "text": "The leaues thereof were faire, and the fruite thereof much, and in it was meate for all: the beasts of the field had shadow vnder it, and the foules of the heauen dwelt in the boughes thereof, and all flesh was fed of it."
            },
            {
               "verse": 13,
               "text": "I sawe in the visions of my head vpon my bed, & behold, a watcher and an holy one came downe from heauen."
            },
            {
               "verse": 14,
               "text": "He cryed aloude, and said thus; Hew downe the tree, and cut off his branches; shake off his leaues, and scatter his fruite; let the beasts get away from vnder it, and the foules from his branches."
            },
            {
               "verse": 15,
               "text": "Neuerthelesse leaue the stumpe of his rootes in the earth, euen with a band of yron and brasse, in the tender grasse of the field, and let it be wet with the dew of heauen, and let his portion be with the beastes in the grasse of the earth."
            },
            {
               "verse": 16,
               "text": "Let his heart bee changed from mans, and let a beasts heart be giuen vnto him, and let seuen times passe ouer him."
            },
            {
               "verse": 17,
               "text": "This matter is by the decree of the watchers, and the demaund by the word of the Holy ones: to the intent that the liuing may know, that the most High ruleth in the kingdome of men, and giueth it to whomsoeuer hee will, and setteth vp ouer it the basest of men."
            },
            {
               "verse": 18,
               "text": "This dreame, I king Nebuchadnezzar haue seene: Now thou, O Belteshazzar, declare the interpretation thereof, forasmuch as all the Wise men of my kingdome are not able to make knowen vnto mee the interpretation: but thou art able, for the spirit of the holy Gods is in thee."
            },
            {
               "verse": 19,
               "text": "¶ Then Daniel (whose name was Belteshazzar) was astonied for one houre, and his thoughts troubled him: The King spake, and said, Belteshazzar, let not the dreame, or the interpretation thereof trouble thee. Belteshazzar answered; and said; My lord, the dreame be to them that hate thee, and the interpretation thereof to thine enemies."
            },
            {
               "verse": 20,
               "text": "The tree that thou sawest, which grew, and was strong, whose height reached vnto the heauen, and the sight thereof to all the earth:"
            },
            {
               "verse": 21,
               "text": "Whose leaues were faire, and the fruit thereof much, and in it was meate for all, vnder which the beasts of the field dwelt, and vpon whose branches the foules of the heauen had their habitation:"
            },
            {
               "verse": 22,
               "text": "It is thou, O King, that art growen and become strong: for thy greatnesse is growen and reacheth vnto heauen, and thy dominion to the end of the earth."
            },
            {
               "verse": 23,
               "text": "And whereas the King saw a watcher, and an holy one comming downe from heauen, and saying, Hew the tree downe, and destroy it, yet leaue the stumpe of the rootes thereof in the earth, euen with a band of yron and brasse in the tender grasse of the field, and let it be wet with the dewe of heauen, and let his portion be with the beasts of the field, till seuen times passe ouer him:"
            },
            {
               "verse": 24,
               "text": "This is the interpretation, O king, & this is the decree of the most Hie, which is come vpon my lord the king:"
            },
            {
               "verse": 25,
               "text": "That they shall driue thee from men, and thy dwelling shall be with the beasts of the field, and they shall make thee to eate grasse as oxen, and they shall wet thee with the dew of heauen, and seuen times shall passe ouer thee, till thou know that the most high ruleth in the kingdome of men, and giueth it to whomsoeuer he will."
            },
            {
               "verse": 26,
               "text": "And whereas they commanded to leaue the stumpe of the tree rootes; thy kingdome shall be sure vnto thee, after that thou shalt haue knowen that the heauens doe rule."
            },
            {
               "verse": 27,
               "text": "Wherefore, O King, let my counsell be acceptable vnto thee, and breake off thy sinnes by righteousnesse, and thine iniquities by shewing mercy to the poore; if it may be a lengthening of thy tranquillitie."
            },
            {
               "verse": 28,
               "text": "¶ All this came vpon the King Nebuchad-nezzar."
            },
            {
               "verse": 29,
               "text": "At the end of twelue moneths he walked in the palace of the kingdome of Babylon."
            },
            {
               "verse": 30,
               "text": "The King spake, and said, Is not this great Babylon, that I haue built for the house of the kingdome, by the might of my power, and for the honour of my maiestie?"
            },
            {
               "verse": 31,
               "text": "While the word was in the Kings mouth, there fell a voice from heauen, saying, O King Nebuchad-nezzar, to thee it is spoken; The kingdome is departed from thee."
            },
            {
               "verse": 32,
               "text": "And they shall driue thee from men, and thy dwelling shall be with the beasts of the field; they shall make thee to eate grasse as oxen, and seuen times shall passe ouer thee, vntill thou know that the most high ruleth in the kingdome of men, and giueth it to whomsoeuer he will."
            },
            {
               "verse": 33,
               "text": "The same houre was the thing fulfilled vpon Nebuchad-nezzar, and he was driuen from men, and did eate grasse as oxen, and his body was wet with the dew of heauen, till his haires were growen like Egles feathers, and his nailes like birds clawes."
            },
            {
               "verse": 34,
               "text": "And at the end of the dayes, I Nebuchad-nezzar lift vp mine eyes vnto heauen, and mine vnderstanding returned vnto me, and I blessed the most high, and I praised, and honoured him that liueth for euer, whose dominion is an euerlasting dominion, and his kingdome is from generation to generation."
            },
            {
               "verse": 35,
               "text": "And all the inhabitants of the earth are reputed as nothing: and hee doth according to his will in the armie of heauen, and among the inhabitants of the earth: and none can stay his hand, or say vnto him, What doest thou?"
            },
            {
               "verse": 36,
               "text": "At the same time my reason returned vnto me, and for the glory of my kingdome, mine honour, and brightnes returned vnto me, and my counsellers, and my Lords sought vnto me, and I was established in my kingdome, and excellent Maiestie was added vnto me."
            },
            {
               "verse": 37,
               "text": "Now I Nebuchad-nezzar praise, and extoll and honour the King of heauen, all whose workes are truth, and his waies iudgement, and those that walke in pride he is able to abase."
            }
         ]
      },
      {
         "chapter": 5,
         "verses": [
            {
               "verse": 1,
               "text": "Belshazzar the King made a great feast to a thousand of his Lords, and dranke wine before the thousand."
            },
            {
               "verse": 2,
               "text": "Belshazzar, whiles he tasted the wine, commaunded to bring the golden and siluer vessels, which his father Nebuchad-nezzar had taken out of the temple which was in Ierusalem, that the king and his princes, his wiues, and his concubines might drinke therein."
            },
            {
               "verse": 3,
               "text": "Then they brought the golden vessels that were taken out of the temple of the house of God, which was at Ierusalem, and the king and his princes, his wiues, and his concubines dranke in them."
            },
            {
               "verse": 4,
               "text": "They drunke wine, and praised the gods of gold and of siluer, of brasse, of yron, of wood, and of stone."
            },
            {
               "verse": 5,
               "text": "¶ In the same houre came forth fingers of a mans hand, and wrote ouer against the candlesticke vpon the plaister of the wall of the Kings palace, and the king saw the part of the hand that wrote."
            },
            {
               "verse": 6,
               "text": "Then the kings countenance was changed, and his thoughts troubled him, so that the ioints of his loines were loosed, and his knees smote one against another."
            },
            {
               "verse": 7,
               "text": "The king cried aloud to bring in the Astrologers, the Caldeans, and the soothsayers: and the king spake and said to the wise men of Babylon, Whosoeuer shall reade this writing, and shewe me the interpretation thereof, shall bee clothed with scarlet, and haue a chaine of gold about his necke, and shall be the third ruler in the kingdome."
            },
            {
               "verse": 8,
               "text": "Then came in all the kings wise men, but they could not reade the writing, nor make knowen to the king the interpretation thereof."
            },
            {
               "verse": 9,
               "text": "Then was King Belshazzar greatly troubled, and his countenance was changed in him, and his lordes were astonied."
            },
            {
               "verse": 10,
               "text": "¶ Now the queene, by reason of the wordes of the king and his lords, came into the banquet house, and the queene spake and said, O king, liue for euer: let not thy thoughts trouble thee, nor let thy countenance be changed."
            },
            {
               "verse": 11,
               "text": "There is a man in thy kingdom, in whome is the spirit of the holy gods, and in the dayes of thy father light and vnderstanding and wisedome like the wisedome of the gods, was found in him: whom the king Nebuchad-nezzar thy father, the king, Isay, thy father made master of the magicians, astrologers, Caldeans, and soothsayers,"
            },
            {
               "verse": 12,
               "text": "Forasmuch as an excellent spirit and knowledge and vnderstanding, interpreting of dreames, and shewing of hard sentences, & dissoluing of doubts were found in the same Daniel, whom the king named Belteshazzar: now let Daniel be called, and he will shewe the interpretation."
            },
            {
               "verse": 13,
               "text": "Then was Daniel brought in before the king, and the king spake and said vnto Daniel, Art thou that Daniel, which art of the children of the captiuity of Iudah, whom the king my father brought out of Iewrie?"
            },
            {
               "verse": 14,
               "text": "I haue euen heard of thee, that the spirit of the gods is in thee, and that light, and vnderstanding, and excellent wisedome is found in thee."
            },
            {
               "verse": 15,
               "text": "And now the wise men, the astrologers haue bene brought in before me, that they should reade this writing, and make knowen vnto me the interpretation thereof: but they could not shewe the interpretation of the thing."
            },
            {
               "verse": 16,
               "text": "And I haue heard of thee, that thou canst make interpretations, and dissolue doubts: now if thou canst read the writing, and make knowen to mee the interpretation thereof, thou shalt be clothed with scarlet, & haue a chaine of gold about thy necke, and shalt bee the third ruler in the kingdome."
            },
            {
               "verse": 17,
               "text": "¶ Then Daniel answered and said before the king, Let thy gifts be to thy selfe, and giue thy rewards to an other, yet I will reade the writing vnto the king, and make knowen to him the interpretation."
            },
            {
               "verse": 18,
               "text": "O thou king, the most high God gaue Nebuchad-nezzar thy father a kingdome, and maiestie, and glory, and honour."
            },
            {
               "verse": 19,
               "text": "And for the maiestie that hee gaue him, all people, nations, and languages trembled and feared before him: whom he would, he slew, & whom he would, he kept aliue, and whom he would hee set vp, and whom he would hee put downe."
            },
            {
               "verse": 20,
               "text": "But when his heart was lifted vp, and his minde hardened in pride: hee was deposed from his kingly throne, and they tooke his glory from him."
            },
            {
               "verse": 21,
               "text": "And hee was driuen from the sonnes of men, and his heart was made like the beasts, and his dwelling was with the wilde asses: they fed him with grasse like oxen, and his body was wet with the dew of heauen, till hee knew that the most high God ruled in the kingdome of men, and that hee appointeth ouer it whomsoeuer he will."
            },
            {
               "verse": 22,
               "text": "And thou his sonne, O Belshazzar, hast not humbled thine heart, though thou knewest all this:"
            },
            {
               "verse": 23,
               "text": "But hast lifted vp thy selfe against the Lord of heauen, and they haue brought the vessels of his house before thee, and thou and thy lords, thy wiues and thy concubines haue drunke wine in them, and thou hast praised the gods of siluer, and golde, of brasse, yron, wood and stone, which see not, nor heare, nor knowe: and the God in whose hande thy breath is, and whose are all thy wayes, hast thou not glorified."
            },
            {
               "verse": 24,
               "text": "Then was the part of the hand sent from him, and this writing was written."
            },
            {
               "verse": 25,
               "text": "¶ And this is the writing that was written, MENE, MENE, TEKEL VPHARSIN."
            },
            {
               "verse": 26,
               "text": "This is the interpretation of the thing, MENE, God hath numbred thy kingdome, and finished it."
            },
            {
               "verse": 27,
               "text": "TEKEL, thou art weighed in the balances, and art found wanting."
            },
            {
               "verse": 28,
               "text": "PERES, thy kingdome is diuided, and giuen to the Medes and Persians."
            },
            {
               "verse": 29,
               "text": "Then commanded Belshazzar, and they clothed Daniel with scarlet, and put a chaine of gold about his necke, and made a Proclamation concerning him, that he should be the third ruler in the kingdome."
            },
            {
               "verse": 30,
               "text": "¶ In that night was Belshazzar the king of the Caldeans slaine."
            },
            {
               "verse": 31,
               "text": "And Darius the Median tooke the kingdome, being about threescore and two yeere old."
            }
         ]
      },
      {
         "chapter": 6,
         "verses": [
            {
               "verse": 1,
               "text": "It pleased Darius to set ouer the kingdome an hundred and twenty Princes, which should be ouer the whole kingdome."
            },
            {
               "verse": 2,
               "text": "And ouer these, three Presidents, (of whom Daniel was first) that the Princes might giue accompts vnto them, and the King should haue no damage."
            },
            {
               "verse": 3,
               "text": "Then this Daniel was preferred aboue the Presidents, and Princes, because an excellent spirit was in him, and the king thought to set him ouer the whole realme."
            },
            {
               "verse": 4,
               "text": "¶ Then the Presidents and Princes sought to finde occasion against Daniel concerning the kingdome, but they could finde none occasion, nor fault: forasmuch as he was faithfull, neither was there any errour or fault found in him."
            },
            {
               "verse": 5,
               "text": "Then said these men, We shall not finde any occasion against this Daniel, except wee finde it against him concerning the Law of his God."
            },
            {
               "verse": 6,
               "text": "Then these Presidents and Princes assembled together to the king, and said thus vnto him, King Darius, liue foreuer."
            },
            {
               "verse": 7,
               "text": "All the Presidents of the kingdome, the gouernours, and the Princes, the counsellers and the captaines haue consulted together to establish a royall statute, and to make a firme decree, that whosoeuer shall aske a petition of any God or man for thirty dayes, saue of thee, O King, hee shall be cast into the denne of Lions."
            },
            {
               "verse": 8,
               "text": "Now, O king, establish the decree, and signe the writing, that it be not changed, according to the law of the Medes & Persians, which altereth not."
            },
            {
               "verse": 9,
               "text": "Wherefore King Darius signed the writing and the decree."
            },
            {
               "verse": 10,
               "text": "¶ Now when Daniel knew that the writing was signed, hee went into his house, and his windowes being open in his chamber toward Ierusalem, hee kneeled vpon his knees three times a day, and prayed, and gaue thankes before his God, as hee did afore time."
            },
            {
               "verse": 11,
               "text": "Then these men assembled, and found Daniel praying, and making supplication before his God."
            },
            {
               "verse": 12,
               "text": "Then they came neere, and spake before the king concerning the kings decree; Hast thou not signed a decree, that euery man that shall aske a petition of any God or man, within thirty dayes, saue of thee, O king, shalbe cast into the denne of Lions? The king answered and said, The thing is true, according to the law of the Medes and Persians, which altereth not."
            },
            {
               "verse": 13,
               "text": "Then answered they and said before the king; That Daniel which is of the captiuity of the children of Iudah, regardeth not thee, O king, nor the decree that thou hast signed, but maketh his petition three times a day."
            },
            {
               "verse": 14,
               "text": "Then the king, when hee heard these wordes, was sore displeased with himselfe, and set his heart on Daniel to deliuer him: and he laboured till the going downe of the sunne, to deliuer him."
            },
            {
               "verse": 15,
               "text": "Then these men assembled vnto the king, and said vnto the king, Know O king, that the law of the Medes and Persians is, that no decree nor statute which the king establisheth, may bee changed."
            },
            {
               "verse": 16,
               "text": "Then the king commanded, and they brought Daniel, and cast him into the denne of Lions: now the king spake and saide vnto Daniel; Thy God, whom thou seruest continually, he will deliuer thee."
            },
            {
               "verse": 17,
               "text": "And a stone was brought and laid vpon the mouth of the denne, and the King sealed it with his owne signet, and with the signet of his lords; that the purpose might not be changed concerning Daniel."
            },
            {
               "verse": 18,
               "text": "¶ Then the king went to his palace, and passed the night fasting: neither were instruments of musicke brought before him, and his sleepe went from him."
            },
            {
               "verse": 19,
               "text": "Then the king arose very early in the morning, and went in haste vnto the den of Lyons."
            },
            {
               "verse": 20,
               "text": "And when he came to the den, he cryed with a lamentable voice vnto Daniel, and the king spake and said to Daniel: O Daniel, seruant of the liuing God, Is thy God whom thou seruest continually, able to deliuer thee from the Lyons?"
            },
            {
               "verse": 21,
               "text": "Then said Daniel vnto the king, O king, liue for euer."
            },
            {
               "verse": 22,
               "text": "My God hath sent his Angel, and hath shut the lyons mouthes that they haue not hurt me: forasmuch as before him, innocencie was found in me; and also before thee, O king, haue I done no hurt."
            },
            {
               "verse": 23,
               "text": "Then was the king exceeding glad for him, and commanded that they should take Daniel vp out of the denne: so Daniel was taken vp out of the den, and no maner of hurt was found vpon him, because he beleeued in his God."
            },
            {
               "verse": 24,
               "text": "¶ And the king commanded, and they brought those men which had accused Daniel, and they cast them into the den of Lyons, them, their children, and their wiues: and the Lyons had the mastery of them, and brake all their bones in pieces or euer they came at the bottome of the den."
            },
            {
               "verse": 25,
               "text": "¶ Then king Darius wrote vnto all people, nations, and languages that dwell in all the earth; Peace be multiplied vnto you."
            },
            {
               "verse": 26,
               "text": "I make a decree, That in euery dominion of my kingdome, men tremble and feare before the God of Daniel: for he is the liuing God, and stedfast for euer, and his kingdome that, which shal not be destroyed, and his dominion shall be euen vnto the end."
            },
            {
               "verse": 27,
               "text": "He deliuereth and rescueth, and he worketh signes and wonders in heauen and in earth: who hath deliuered Daniel from the power of the lyons."
            },
            {
               "verse": 28,
               "text": "So this Daniel prospered in the reigne of Darius, and in the reigne of Cyrus the Persian."
            }
         ]
      },
      {
         "chapter": 7,
         "verses": [
            {
               "verse": 1,
               "text": "In the first yeere of Belshazzar king of Babylon, Daniel had a dreame, and visions of his head vpon his bed: then he wrote the dreame, and tolde the summe of the matters."
            },
            {
               "verse": 2,
               "text": "Daniel spake, and said, I saw in my vision by night, & behold, the foure windes of the heauen stroue vpon the great Sea."
            },
            {
               "verse": 3,
               "text": "And foure great beastes came vp from the sea, diuers one from another."
            },
            {
               "verse": 4,
               "text": "The first was like a Lyon, and had Eagles wings: I beheld till the wings thereof were pluckt, and it was lifted vp from the earth, and made stand vpon the feete as a man, and a mans heart was giuen to it."
            },
            {
               "verse": 5,
               "text": "And behold, another beast, a second, like to a Beare, and it raised vp it selfe on one side, and it had three ribbes in the mouth of it betweene the teeth of it, and they said thus vnto it, Arise, deuoure much flesh."
            },
            {
               "verse": 6,
               "text": "After this I beheld, and loe, another like a Leopard, which had vpon the backe of it foure wings of a foule, the beast had also foure heads, and dominion was giuen to it."
            },
            {
               "verse": 7,
               "text": "After this I saw in the night visions, and behold, a fourth beast, dreadfull and terrible, and strong exceedingly; and it had great yron teeth: it deuoured and brake in pieces, and stamped the residue with the feete of it, and it was diuers from all the beasts that were before it, and it had ten hornes."
            },
            {
               "verse": 8,
               "text": "I considered the hornes, and behold, there came vp among them another little horne, before whom there were three of the first hornes pluckt vp by the roots: and behold, in this horne were eyes like the eyes of man, and a mouth speaking great things."
            },
            {
               "verse": 9,
               "text": "¶ I beheld till the thrones were cast downe, and the Ancient of dayes did sit, whose garment was white as snow, and the haire of his head like the pure wooll: his throne was like the fierie flame, and his wheeles as burning fire."
            },
            {
               "verse": 10,
               "text": "A fierie streame issued, and came foorth from before him: thousand thousands ministred vnto him, and ten thousand times ten thousand stood before him: the iudgement was set, and the bookes were opened."
            },
            {
               "verse": 11,
               "text": "I beheld then, because of the voice of the great words which the horne spake: I beheld euen till the beast was slaine, and his body destroyed, and giuen to the burning flame."
            },
            {
               "verse": 12,
               "text": "As concerning the rest of the beasts, they had their dominion taken away: yet their liues were prolonged for a season and time."
            },
            {
               "verse": 13,
               "text": "I saw in the night visions, and behold, one like the sonne of man, came with the clouds of heauen, and came to the Ancient of daies, and they brought him neere before him."
            },
            {
               "verse": 14,
               "text": "And there was giuen him dominion and glory, and a kingdome, that all people, nations, and languages should serue him: his dominion is an euerlasting dominion, which shall not passe away; and his kingdome that, which shall not be destroyed."
            },
            {
               "verse": 15,
               "text": "¶ I Daniel was grieued in my spirit in the midst of my body, and the visions of my head troubled me."
            },
            {
               "verse": 16,
               "text": "I came neere vnto one of them that stood by, and asked him the truth of all this: so he told mee, and made me know the interpretation of the things."
            },
            {
               "verse": 17,
               "text": "These great beasts, which are foure, are foure Kings, which shall arise out of the earth."
            },
            {
               "verse": 18,
               "text": "But the Saints of the most high shall take the kingdome, & possesse the kingdome for euer, euen for euer & euer."
            },
            {
               "verse": 19,
               "text": "Then I would know the truth of the fourth beast, which was diuerse from al the others, exceeding dreadful, whose teeth were of yron, and his nailes of brasse, which deuoured, brake in pieces, and stamped the residue with his feete,"
            },
            {
               "verse": 20,
               "text": "And of the ten hornes that were in his head, and of the other, which came vp, and before whom three fell, euen of that horne that had eyes, and a mouth that spake very great things, whose looke was more stout then his fellowes."
            },
            {
               "verse": 21,
               "text": "I beheld, and the same horne made warre with the Saints, and preuailed against them;"
            },
            {
               "verse": 22,
               "text": "Untill the Ancient of daies came, and iudgment was giuen to the Saints of the most high: and the time came that the Saints possessed the kingdome."
            },
            {
               "verse": 23,
               "text": "Thus he said, The fourth beast shall be the fourth kingdome vpon earth, which shall be diuerse from all kingdomes, & shall deuoure the whole earth, and shall tread it downe, and breake it in pieces."
            },
            {
               "verse": 24,
               "text": "And the tenne hornes out of this kingdome are tenne Kings that shall arise: and an other shall rise after them, and he shall be diuerse from the first, and he shall subdue three Kings."
            },
            {
               "verse": 25,
               "text": "And he shall speake great words against the most high, and shall weare out the Saints of the most high, and thinke to change times, and lawes: and they shall be giuen into his hand, vntill a time and times, & the diuiding of time."
            },
            {
               "verse": 26,
               "text": "But the iudgement shall sit, and they shall take away his dominion, to consume, and to destroy it vnto the end."
            },
            {
               "verse": 27,
               "text": "And the kingdome and dominion, and the greatnesse of the kingdome vnder the whole heauen, shall be giuen to the people of the Saints of the most high, whose kingdome is an euerlasting kingdome, and all dominions shall serue and obey him."
            },
            {
               "verse": 28,
               "text": "Hitherto is the end of the matter. As for me Daniel, my cogitations much troubled me, and my countenance changed in me: but I kept the matter in my heart."
            }
         ]
      },
      {
         "chapter": 8,
         "verses": [
            {
               "verse": 1,
               "text": "In the third yeere of the reigne of King Belshazzar, a vision appeared vnto mee, euen vnto me Daniel, after that which appeared vnto me at the first."
            },
            {
               "verse": 2,
               "text": "And I saw in a vision (and it came to passe when I saw, that I was at Shushan in the palace, which is in the prouince of Elam) and I saw in a vision, and I was by the riuer of Ulai."
            },
            {
               "verse": 3,
               "text": "Then I lifted vp mine eyes, and saw, and behold, there stood before the riuer, a ramme which had two hornes, and the two hornes were high: but one was higher then the other, and the higher came vp last."
            },
            {
               "verse": 4,
               "text": "I saw the ramme pushing Westward, & Northward, and Southward: so that no beasts might stand before him, neither was there any that could deliuer out of his hand, but he did according to his will, and became great."
            },
            {
               "verse": 5,
               "text": "And as I was considering, behold, an he goat came fr&#333; the west on the face of the whole earth, & touched not the ground: and the goate had a notable horne betweene his eyes."
            },
            {
               "verse": 6,
               "text": "And he came to the ramme that had two hornes, which I had seene standing before the riuer, and ranne vnto him in the furie of his power."
            },
            {
               "verse": 7,
               "text": "And I saw him come close vnto the ramme, and he was mooued with choler against him, and smote the ramme, and brake his two hornes, and there was no power in the ramme to stand before him, but he cast him downe to the ground, and stamped vpon him, and there was none that could deliuer the ramme out of his hand."
            },
            {
               "verse": 8,
               "text": "Therefore the hee goate waxed very great, and when he was strong, the great horne was broken: and for it came vp foure notable ones, toward the foure windes of heauen."
            },
            {
               "verse": 9,
               "text": "And out of one of them came forth a litle horne, which waxed exceeding great, toward the South, and toward the East, and toward the pleasant land."
            },
            {
               "verse": 10,
               "text": "And it waxed great euen to the hoste of heauen, and it cast downe some of the hoste, and of the starres to the ground, and stamped vpon them."
            },
            {
               "verse": 11,
               "text": "Yea he magnified himselfe euen to the prince of the hoste, and by him the dayly sacrifice was taken away, and the place of his Sanctuary was cast down."
            },
            {
               "verse": 12,
               "text": "And an hoste was giuen him against the daily sacrifice by reason of transgression, and it cast downe the trueth to the ground, and it practised, and prospered."
            },
            {
               "verse": 13,
               "text": "¶ Then I heard one Saint speaking, and another Saint saide vnto that certaine Saint which spake, How long shall bee the vision concerning the daily sacrifice, and the transgression of desolation, to giue both the Sanctuary, and the hoste to be troden vnder foot?"
            },
            {
               "verse": 14,
               "text": "And he said vnto me, Unto two thousand and three hundred dayes: then shall the Sanctuary be clensed."
            },
            {
               "verse": 15,
               "text": "¶ And it came to passe, when I, euen I Daniel had seene the vision, and sought for the meaning, then beholde, there stood before me as the appearance of a man."
            },
            {
               "verse": 16,
               "text": "And I heard a mans voyce betweene the bankes of Ulai, which called and said, Gabriel, make this man to vnderstand the vision."
            },
            {
               "verse": 17,
               "text": "So he came neere where I stood: and when he came, I was afraid, and fell vpon my face: but he said vnto mee, Understand, O sonne of man: for at the time of the end shalbe the vision."
            },
            {
               "verse": 18,
               "text": "Now as he was speaking with me, I was in a deepe sleepe on my face toward the ground: but he touched me, and set me vpright."
            },
            {
               "verse": 19,
               "text": "And he said, Behold, I wil make thee know what shall be in the last end of the indignation: for at the time appointed the end shalbe."
            },
            {
               "verse": 20,
               "text": "The ramme which thou sawest hauing two hornes, are the kings of Media, and Persia."
            },
            {
               "verse": 21,
               "text": "And the rough goat is the king of Grecia, and the great horne that is betweene his eyes, is the first king."
            },
            {
               "verse": 22,
               "text": "Now that being broken, whereas foure stood vp for it, foure kingdomes shall stand vp out of the nation, but not in his power."
            },
            {
               "verse": 23,
               "text": "And in the latter time of their kingdome, when the transgressours are come to the full, a king of fierce countenance, and vnderstanding darke sentences, shall stand vp."
            },
            {
               "verse": 24,
               "text": "And his power shall be mighty, but not by his owne power: and hee shall destroy wonderfully, and shall prosper, and practise, and shall destroy the mightie, and the holy people."
            },
            {
               "verse": 25,
               "text": "And through his policie also hee shall cause craft to prosper in his hand, and hee shall magnifie himselfe in his heart, and by peace shal destroy many: he shall also stand vp against the prince of princes, but he shalbe broken without hand."
            },
            {
               "verse": 26,
               "text": "And the vision of the euening, and the morning, which was tolde, is true: wherfore shut thou vp the vision, for it shalbe for many dayes."
            },
            {
               "verse": 27,
               "text": "And I Daniel fainted and was sicke certaine dayes: afterward I rose vp and did the kings businesse, and I was astonished at the vision, but none vnderstood it."
            }
         ]
      },
      {
         "chapter": 9,
         "verses": [
            {
               "verse": 1,
               "text": "In the first yeere of Darius the sonne of Ahasuerus, of the seede of the Medes, which was made King ouer the realme of the Caldeans,"
            },
            {
               "verse": 2,
               "text": "In the first yeere of his reigne, I Daniel vnderstood by bookes the number of the yeeres, whereof the word of the Lord came to Ieremiah the Prophet, that he would accomplish seuentie yeeres in the desolations of Ierusalem."
            },
            {
               "verse": 3,
               "text": "¶ And I set my face vnto the Lord God to seeke by prayer, and supplications, with fasting, and sackcloth, and ashes."
            },
            {
               "verse": 4,
               "text": "And I prayed vnto the Lord my God, and made my confession, and said; O Lord, the great and dreadfull God, keeping the couenant, and mercy to them that loue him, and to them that keepe his Commandements:"
            },
            {
               "verse": 5,
               "text": "We haue sinned, and haue committed iniquitie, and haue done wickedly, and haue rebelled, euen by departing from thy precepts, and from thy iudgements."
            },
            {
               "verse": 6,
               "text": "Neither haue we hearkened vnto thy seruants the Prophets, which spake in thy Name to our kings, our princes, and our fathers, and to all the people of the land."
            },
            {
               "verse": 7,
               "text": "O Lord, righteousnes belongeth vnto thee, but vnto vs confusion of faces, as at this day: to the men of Iudah, and to the inhabitants of Ierusalem, and vnto all Israel that are neere, and that are farre off, through all the countreys whither thou hast driuen them, because of their trespasse, that they haue trespassed against thee."
            },
            {
               "verse": 8,
               "text": "O Lord, to vs belongeth confusion of face, to our kings, to our princes, and to our fathers; because we haue sinned against thee."
            },
            {
               "verse": 9,
               "text": "To the Lord our God belong mercies and forgiuenesses, though we haue rebelled against him."
            },
            {
               "verse": 10,
               "text": "Neither haue we obeyed the voice of the Lord our God, to walke in his Lawes which he set before vs, by his seruants the Prophets."
            },
            {
               "verse": 11,
               "text": "Yea, all Israel haue transgressed thy Law, euen by departing, that they might not obey thy voice, therefore the curse is powred vpon vs, and the othe that is written in the Law of Moses the seruant of God, because we haue sinned against him."
            },
            {
               "verse": 12,
               "text": "And he hath confirmed his words which he spake against vs, and against our Iudges that iudged vs, by bringing vpon vs a great euill: for vnder the whole heauen hath not bene done, as hath bene done vpon Ierusalem."
            },
            {
               "verse": 13,
               "text": "As it is written in the Law of Moses, all this euill is come vpon vs: yet made we not our prayer before the Lord our God, that we might turne from our iniquities, and vnderstand thy trueth."
            },
            {
               "verse": 14,
               "text": "Therefore hath the Lord watched vpon the euil, and brought it vpon vs: for the Lord our God is righteous in all his workes, which he doeth: for we obeyed not his voice."
            },
            {
               "verse": 15,
               "text": "And now O Lord our God, that hast brought thy people forth out of the land of Egypt with a mighty hand, and hast gotten thee renowne, as at this day, wee haue sinned, wee haue done wickedly."
            },
            {
               "verse": 16,
               "text": "¶ O Lord, according to all thy righteousnes, I beseech thee, let thine anger and thy furie bee turned away from thy citie Ierusalem, thy holy Mountaine: because for our sinnes, and for the iniquities of our fathers, Ierusalem and thy people are become a reproch to all that are about vs."
            },
            {
               "verse": 17,
               "text": "Now therefore, O our God, heare the prayer of thy seruant, and his supplications, and cause thy face to shine vpon thy Sanctuary that is desolate, for the Lords sake."
            },
            {
               "verse": 18,
               "text": "O my God, encline thine eare and heare: open thine eyes, and behold our desolations, & the city, which is called by thy name: for we do not present our supplications before thee for our righteousnesses, but for thy great mercies."
            },
            {
               "verse": 19,
               "text": "O Lord heare, O Lord forgiue, O Lord hearken and doe: deferre not for thine owne sake, O my God: for thy citie, & thy people are called by thy Name."
            },
            {
               "verse": 20,
               "text": "¶ And whiles I was speaking, and praying, and confessing my sinne, and the sinne of my people Israel, and presenting my supplication before the Lord my God, for the holy Mountaine of my God:"
            },
            {
               "verse": 21,
               "text": "Yea whiles I was speaking in praier, euen the man Gabriel, whom I had seene in the vision at the beginning, being caused to flie swiftly, touched me about the time of the euening oblation."
            },
            {
               "verse": 22,
               "text": "And he informed mee, and talked with mee, and said; O Daniel, I am now come foorth to giue thee skill and vnderstanding."
            },
            {
               "verse": 23,
               "text": "At the beginning of thy supplications the commandement came forth, and I am come to shew thee: for thou art greatly beloued: therefore vnderstand the matter, & consider the vision."
            },
            {
               "verse": 24,
               "text": "Seuentie weekes are determined vpon thy people, and vpon thy holy citie, to finish the transgression, and to make an ende of sinnes, and to make reconciliation for iniquitie, and to bring in euerlasting righteousnes, and to seale vp the vision and prophecie, and to anoynt the most Holy."
            },
            {
               "verse": 25,
               "text": "Know therefore and vnderstand, that from the going foorth of the commandement to restore and to build Ierusalem, vnto the Messiah the Prince, shall be seuen weekes; and threescore and two weekes, the street shall be built againe, and the wall, euen in troublous times."
            },
            {
               "verse": 26,
               "text": "And after threescore and two weekes, shall Messiah be cut off, but not for himselfe, and the people of the Prince that shall come, shall destroy the citie, and the Sanctuarie, and the ende thereof shall be with a flood, and vnto the ende of the warre desolations are determined."
            },
            {
               "verse": 27,
               "text": "And hee shall confirme the couenant with many for one weeke: and in the midst of the weeke he shall cause the sacrifice and the oblation to cease, and for the ouerspreading of abominations hee shall make it desolate, euen vntill the consummation, & that determined, shalbe powred vpon the desolate."
            }
         ]
      },
      {
         "chapter": 10,
         "verses": [
            {
               "verse": 1,
               "text": "In the third yere of Cyrus King of Persia, a thing was reuealed vnto Daniel (whose name was called Belteshazzar) and the thing was true, but the time appointed was long, and he vnderstood the thing, and had vnderstanding of the vision."
            },
            {
               "verse": 2,
               "text": "In those dayes, I Daniel was mourning three full weekes."
            },
            {
               "verse": 3,
               "text": "I ate no pleasant bread, neither came flesh, nor wine in my mouth, neither did I anoynt my selfe at all, till three whole weekes were fulfilled."
            },
            {
               "verse": 4,
               "text": "And in the foure and twentieth day of the first moneth, as I was by the side of the great riuer, which is Hiddekel:"
            },
            {
               "verse": 5,
               "text": "Then I lift vp mine eyes and looked, and behold, a certaine man clothed in linen, whose loynes were girded with fine gold of Uphaz."
            },
            {
               "verse": 6,
               "text": "His body also was like the Berill, and his face as the appearance of lightning, and his eyes as lampes of fire, and his armes, and his feete like in colour to polished brasse, and the voice of his words like the voice of a multitude."
            },
            {
               "verse": 7,
               "text": "And I Daniel alone saw the vision: for the men that were with mee saw not the vision: but a great quaking fell vpon them, so that they fled to hide themselues."
            },
            {
               "verse": 8,
               "text": "Therefore I was left alone, and saw this great vision, and there remained no strength in me: for my comelinesse was turned in me into corruption, and I retained no strength."
            },
            {
               "verse": 9,
               "text": "Yet heard I the voice of his words: and when I heard the voice of his wordes, then was I in a deepe sleepe on my face, and my face toward the ground."
            },
            {
               "verse": 10,
               "text": "¶ And behold, an hand touched me, which set me vpon my knees, and vpon the palmes of my hands."
            },
            {
               "verse": 11,
               "text": "And hee said vnto me, O Daniel, a man greatly beloued, vnderstand the wordes that I speake vnto thee, and stand vpright: for vnto thee am I now sent; and when he had spoken this word vnto me, I stood trembling."
            },
            {
               "verse": 12,
               "text": "Then sayd hee vnto me; Feare not, Daniel: for from the first day that thou diddest set thine heart to vnderstand, and to chasten thy selfe before thy God, thy wordes were heard, and I am come for thy words."
            },
            {
               "verse": 13,
               "text": "But the prince of the kingdome of Persia withstood mee one and twentie dayes: but loe, Michael one of the chiefe Princes came to helpe mee, and I remained there with the Kings of Persia."
            },
            {
               "verse": 14,
               "text": "Now I am come to make thee vnderstand what shall befall thy people, in the latter dayes: for yet the vision is for many dayes."
            },
            {
               "verse": 15,
               "text": "And when hee had spoken such words vnto me, I set my face toward the ground, and I became dumbe."
            },
            {
               "verse": 16,
               "text": "And behold, one like the similitude of the sonnes of men touched my lippes: then I opened my mouth, and spake, and sayd vnto him that stoode before me; O my Lord, by the vision my sorrowes are turned vpon me, and I haue retained no strength."
            },
            {
               "verse": 17,
               "text": "For how can the seruant of this my Lord, talke with this my Lord? for as for me, straightway there remained no strength in mee, neither is there breath left in me."
            },
            {
               "verse": 18,
               "text": "Then there came againe and touched me one like the appearance of a man, and he strengthned me,"
            },
            {
               "verse": 19,
               "text": "And said; O man greatly beloued, feare not: peace be vnto thee, be strong, yea be strong; and when he had spoken vnto me, I was strengthened, and said; Let my Lord speake; for thou hast strengthened me."
            },
            {
               "verse": 20,
               "text": "Then said hee, Knowest thou wherefore I come vnto thee? and now will I returne to fight with the prince of Persia: and when I am gone forth, loe, the prince of Grecia shall come."
            },
            {
               "verse": 21,
               "text": "But I will shew thee that which is noted in the Scripture of trueth: and there is none that holdeth with me in these things, but Michael your prince."
            }
         ]
      },
      {
         "chapter": 11,
         "verses": [
            {
               "verse": 1,
               "text": "Also I, in the first yeere of Darius the Mede, euen I stood to confirme and to strengthen him."
            },
            {
               "verse": 2,
               "text": "And now will I shew thee the trueth. Behold, there shall stand vp yet three Kings in Persia, & the fourth shalbe farre richer then they all: and by his strength through his riches he shall stirre vp all against the realme of Grecia."
            },
            {
               "verse": 3,
               "text": "And a mighty King shal stand vp, that shall rule with great dominion, and doe according to his will."
            },
            {
               "verse": 4,
               "text": "And when he shall stand vp, his kingdome shall be broken, and shall be diuided toward the foure winds of heauen; and not to his posteritie, nor according to his dominion which he ruled: for his kingdome shall be pluckt vp, euen for others besides those."
            },
            {
               "verse": 5,
               "text": "¶ And the King of the South shall be strong, and one of his princes, and he shall be strong aboue him, and haue dominion: his dominion shall be a great dominion."
            },
            {
               "verse": 6,
               "text": "And in the end of yeeres they shall ioyne themselues together: for the Kings daughter of the South shall come to the King of the North to make an agreement, but she shall not retaine the power of the arme, neither shall he stand, nor his arme: but she shall be giuen vp, and they that brought her, and he that begate her, and he that strengthened her in these times."
            },
            {
               "verse": 7,
               "text": "But out of a branch of her rootes shall one stand vp in his estate, which shall come with an armie, and shall enter into the fortresse of the King of the North, and shall deale against them, and shall preuaile:"
            },
            {
               "verse": 8,
               "text": "And shall also carie captiues into Egypt their gods with their princes, and with their precious vessels of siluer and of gold, and he shall continue moe yeeres then the King of the North."
            },
            {
               "verse": 9,
               "text": "So the King of the South shall come into his kingdome, and shall returne into his owne land."
            },
            {
               "verse": 10,
               "text": "But his sonnes shall be stirred vp, and shall assemble a multitude of great forces: and one shall certainly come and ouerflow and passe through: then shall he returne, and be stirred vp euen to his fortresse."
            },
            {
               "verse": 11,
               "text": "And the King of the South shall be moued with choler, and shall come forth and fight with him, euen with the King of the North: and hee shall set forth a great multitude, but the multitude shall be giuen into his hand."
            },
            {
               "verse": 12,
               "text": "And when he hath taken away the multitude, his heart shall be lifted vp: and he shall cast downe many tenne thousands: but he shall not be strengthened by it."
            },
            {
               "verse": 13,
               "text": "For the King of the North shall returne, and shall set forth a multitude greater then the former, and shall certainly come (after certaine yeeres) with a great armie & with much riches."
            },
            {
               "verse": 14,
               "text": "And in those times there shall many stand vp against the King of the South: also the robbers of thy people shall exalt themselues to establish the vision, but they shall fall."
            },
            {
               "verse": 15,
               "text": "So the King of the North shall come, and cast vp a mount, and take the most fenced cities, and the armes of the South shall not withstand, neither his chosen people, neither shall there be any strength to withstand."
            },
            {
               "verse": 16,
               "text": "But he that commeth against him, shall doe according to his owne will, and none shall stand before him: and he shall stand in the glorious land, which by his hand shall be consumed."
            },
            {
               "verse": 17,
               "text": "He shall also set his face to enter with the strength of his whole kingdome and vpright ones with him: thus shall he doe, and he shall giue him the daughter of women corrupting her: but she shall not stand on his side, neither be for him."
            },
            {
               "verse": 18,
               "text": "After this shall he turne his face vnto the yles, and shall take many, but a prince for his own behalfe shall cause the reproch offred by him to cease without his owne reproch: he shall cause it to turne vpon him."
            },
            {
               "verse": 19,
               "text": "Then he shall turne his face towards the fort of his owne lande: but he shall stumble and fall, and not bee found."
            },
            {
               "verse": 20,
               "text": "Then shall stand vp in his estate a raiser of taxes in the glory of the kingdome, but within few dayes he shall be destroyed, neither in anger, nor in battell."
            },
            {
               "verse": 21,
               "text": "And in his estate shall stand vp a vile person, to whom they shal not giue the honour of the kingdome: but hee shall come in peaceably, and obtaine the kingdome by flatteries."
            },
            {
               "verse": 22,
               "text": "And with the armes of a flood shall they bee ouerflowen from before him, and shall be broken: yea also the prince of the couenant."
            },
            {
               "verse": 23,
               "text": "And after the league made with him he shall worke deceitfully, for hee shall come vp, and shall become strong with a small people."
            },
            {
               "verse": 24,
               "text": "He shall enter peaceably euen vpon the fattest places of the prouince, and he shall doe that which his fathers haue not done, nor his fathers fathers, he shall scatter among them the praye and spoile, and riches: yea and he shall forecast his deuices against the strong holdes, euen for a time."
            },
            {
               "verse": 25,
               "text": "And he shall stirre vp his power, and his courage against the king of the South with a great army, and the king of the South shall bee stirred vp to battell with a very great and mightie armie: but he shall not stand: for they shall forecast deuices against him."
            },
            {
               "verse": 26,
               "text": "Yea they that feede of the portion of his meate, shall destroy him, and his armie shall ouerflow: and many shall fall downe slaine."
            },
            {
               "verse": 27,
               "text": "And both these kings hearts shall be to doe mischiefe, and they shall speake lies at one table: but it shall not prosper: for yet the end shall bee at the time appointed."
            },
            {
               "verse": 28,
               "text": "Then shall hee returne into his land with great riches, and his heart shall be against the holy couenant: and he shall doe exploits, and returne to his owne land."
            },
            {
               "verse": 29,
               "text": "At the time appointed he shall returne, and come toward the South: but it shall not be as the former, or as the latter."
            },
            {
               "verse": 30,
               "text": "¶ For the ships of Chittim shall come against him: therefore he shall be grieued and returne, and haue indignation against the holy Couenant: so shal he doe, he shall euen returne, and haue intelligence with them that forsake the holy Couenant."
            },
            {
               "verse": 31,
               "text": "And armes shal stand on his part, and they shall pollute the Sanctuarie of strength, and shall take away the daily sacrifice, and they shal place the abomination that maketh desolate."
            },
            {
               "verse": 32,
               "text": "And such as doe wickedly against the couenant, shall he corrupt by flatteries: but the people that do know their God, shall be strong and doe exploits."
            },
            {
               "verse": 33,
               "text": "And they that vnderstand among the people shall instruct many: yet they shall fall by the sword, and by flame, by captiuitie, and by spoile many dayes."
            },
            {
               "verse": 34,
               "text": "Now when they shall fall, they shalbe holpen with a litle help: but many shall cleaue to them with flatteries."
            },
            {
               "verse": 35,
               "text": "And some of them of vnderstanding shall fall, to trie them, and to purge, and to make them white, euen to the time of the end: because it is yet for a time appointed."
            },
            {
               "verse": 36,
               "text": "And the king shall doe according to his will, and he shall exalt himselfe, and magnifie himselfe aboue euery god, and shall speake marueilous things against the God of gods, & shall prosper till the indignation be accomplished: for that that is determined, shall be done."
            },
            {
               "verse": 37,
               "text": "Neither shall hee regard the god of his fathers, nor the desire of women, nor regard any god: for he shall magnifie himselfe aboue all."
            },
            {
               "verse": 38,
               "text": "But in his estate shall he honour the god of forces: and a God whome his fathers knew not, shall hee honour with gold, and siluer, and with precious stones, and pleasant things."
            },
            {
               "verse": 39,
               "text": "Thus shall hee doe in the most strong holds with a strange god, whom he shall acknowledge and increase with glory: and he shall cause them to rule ouer many, and shall diuide the land for gaine."
            },
            {
               "verse": 40,
               "text": "And at the time of the end shall the king of the South push at him, and the king of the North shal come against him like a whirlewind with charets, and with horsemen, and with many ships, and he shall enter into the countreys, and shall ouerflow and passe ouer."
            },
            {
               "verse": 41,
               "text": "He shall enter also into the glorious land, and many countreys shall be ouerthrowen: but these shall escape out of his hand, euen Edom, and Moab, and the chiefe of the children of Ammon."
            },
            {
               "verse": 42,
               "text": "He shall stretch foorth his hand also vpon the countreys, and the land of Egypt shall not escape."
            },
            {
               "verse": 43,
               "text": "But he shall haue power ouer the treasures of gold and of siluer, and ouer all the precious things of Egypt: and the Libyans and the Ethiopians shalbe at his steps."
            },
            {
               "verse": 44,
               "text": "But tidings out of the East, and out of the North shall trouble him: therefore he shall goe foorth with great fury to destroy, and vtterly to make away many."
            },
            {
               "verse": 45,
               "text": "And hee shall plant the tabernacles of his palace betweene the seas in the glorious holy mountaine, yet he shall come to his end, and none shall helpe him."
            }
         ]
      },
      {
         "chapter": 12,
         "verses": [
            {
               "verse": 1,
               "text": "And at that time shall Michael stand vp, the great Prince which standeth for the children of thy people, and there shalbe a time of trouble, such as neuer was since there was a nation, euen to that same time: and at that time thy people shalbe deliuered, euery one that shalbe found written in the booke."
            },
            {
               "verse": 2,
               "text": "And many of them that sleepe in the dust of the earth shall awake, some to euerlasting life, and some to shame and euerlasting contempt."
            },
            {
               "verse": 3,
               "text": "And they that be wise shall shine as the brightnesse of the firmament, and they that turne many to righteousnesse, as the starres for euer and euer."
            },
            {
               "verse": 4,
               "text": "But thou, O Daniel, shut vp the wordes, and seale the booke euen to the time of the ende: many shall runne to and fro, and knowledge shall bee increased."
            },
            {
               "verse": 5,
               "text": "¶ Then I Daniel looked, and behold, there stood other two, the one on this side of the banke of the riuer, and the other on that side of the banke of the riuer."
            },
            {
               "verse": 6,
               "text": "And one said to the man clothed in linnen, which was vpon the waters of the riuer; How long shall it bee to the end of these wonders?"
            },
            {
               "verse": 7,
               "text": "And I heard the man clothed in linnen, which was vpon the waters of the riuer, when he held vp his right hand, and his left hand vnto heauen, and sware by him that liueth for euer, that it shalbe for a time, times, and an halfe: and when hee shall haue accomplished to scatter the power of the holy people, all these things shall bee finished."
            },
            {
               "verse": 8,
               "text": "And I heard, but I vnderstood not: then said I, O my Lord, what shalbe the end of these things?"
            },
            {
               "verse": 9,
               "text": "And he said, Goe thy way, Daniel: for the wordes are closed vp and sealed till the time of the end."
            },
            {
               "verse": 10,
               "text": "Many shalbe purified, and made white and tried: but the wicked shall doe wickedly: and none of the wicked shall vnderstand, but the wise shall vnderstand."
            },
            {
               "verse": 11,
               "text": "And from the time that the dayly sacrifice shalbe taken away, and the abomination that maketh desolate set vp, there shalbe a thousand two hundred and ninetie dayes."
            },
            {
               "verse": 12,
               "text": "Blessed is he that waiteth, and commeth to the thousand, three hundred and fiue and thirtie dayes."
            },
            {
               "verse": 13,
               "text": "But goe thou thy way till the end be: for thou shalt rest, and stand in the lot at the end of the dayes."
            }
         ]
      }
   ]
}