{
   "book": "Ephesians",
   "chapter-count": "6",
   "chapters": [
      {
         "chapter": 1,
         "verses": [
            {
               "verse": 1,
               "text": "Paul an Apostle of Iesus Christ by the will of God, to the Saincts which are at Ephesus, and to the faithfull in Christ Iesus."
            },
            {
               "verse": 2,
               "text": "Grace be to you, and peace from God our Father, and from the Lord Iesus Christ."
            },
            {
               "verse": 3,
               "text": "Blessed be the God and Father of our Lord Iesus Christ, who hath blessed vs with all spirituall blessings in heauenly places in Christ:"
            },
            {
               "verse": 4,
               "text": "According as he hath chosen vs in him, before the foundation of the world, that wee should bee holy, and without blame before him in loue:"
            },
            {
               "verse": 5,
               "text": "Hauing predestinated vs vnto the adoption of children by Iesus Christ to himselfe, according to the good pleasure of his will:"
            },
            {
               "verse": 6,
               "text": "To the praise of the glorie of his grace, wherein he hath made vs accepted in the beloued:"
            },
            {
               "verse": 7,
               "text": "In whom wee haue redemption through his blood, the forgiuenesse of sinnes, according to the riches of his grace,"
            },
            {
               "verse": 8,
               "text": "Wherein hee hath abounded toward vs in all wisedome and prudence:"
            },
            {
               "verse": 9,
               "text": "Hauing made knowen vnto vs the mysterie of his will, according to his good pleasure, which he had purposed in himselfe,"
            },
            {
               "verse": 10,
               "text": "That in the dispensation of the fulnesse of times, he might gather together in one all things in Christ, both which are in heauen, and which are on earth, euen in him:"
            },
            {
               "verse": 11,
               "text": "In whom also we haue obteined an inheritance, being predestinated according to the purpose of him who worketh all things after the counsell of his owne will:"
            },
            {
               "verse": 12,
               "text": "That we should be to the praise of his glorie, who first trusted in Christ."
            },
            {
               "verse": 13,
               "text": "In whom ye also trusted, after that ye heard the word of trueth, the Gospel of your saluation: in whom also after that yee beleeued, yee were sealed with that holy Spirit of promise,"
            },
            {
               "verse": 14,
               "text": "Which is the earnest of our inheritance, vntill the redemption of the purchased possession, vnto the praise of his glorie."
            },
            {
               "verse": 15,
               "text": "Wherefore I also, after I heard of your faith in the Lord Iesus, and loue vnto all the Saints,"
            },
            {
               "verse": 16,
               "text": "Cease not to giue thankes for you, making mention of you in my prayers,"
            },
            {
               "verse": 17,
               "text": "That the God of our Lord Iesus Christ the Father of glorie, may giue vnto you the Spirit of wisedome and reuelation in the knowledge of him:"
            },
            {
               "verse": 18,
               "text": "The eyes of your vnderstanding being inlightned: that yee may know what is the hope of his calling, and what the riches of the glorie of his inheritance in the Saints:"
            },
            {
               "verse": 19,
               "text": "And what is the exceeding greatnesse of his power to vs-ward who beleeue, according to the working of his mightie power:"
            },
            {
               "verse": 20,
               "text": "Which he wrought in Christ when he raised him from the dead, and set him at his owne right hand in the heauenly places,"
            },
            {
               "verse": 21,
               "text": "Farre aboue all principalitie, and power, and might, and dominion, and euery name that is named, not onely in this world, but also in that which is to come:"
            },
            {
               "verse": 22,
               "text": "And hath put all things vnder his feete, and gaue him to be the head ouer all things to the Church,"
            },
            {
               "verse": 23,
               "text": "Which is his body, the fulnesse of him that filleth all in all."
            }
         ]
      },
      {
         "chapter": 2,
         "verses": [
            {
               "verse": 1,
               "text": "And you hath hee quickned who were dead in trespasses, and sinnes,"
            },
            {
               "verse": 2,
               "text": "Wherein in time past ye walked according to the course of this world, according to the prince of the power of the aire, the spirit that now worketh in the children of disobedience,"
            },
            {
               "verse": 3,
               "text": "Among whom also we all had our conuersation in times past, in the lusts of our flesh, fulfilling the desires of the flesh, and of the minde, and were by nature the children of wrath, euen as others:"
            },
            {
               "verse": 4,
               "text": "But God who is rich in mercie, for his great loue wherewith hee loued vs,"
            },
            {
               "verse": 5,
               "text": "Euen when wee were dead in sinnes, hath quickned vs together with Christ, (by grace ye are saued)"
            },
            {
               "verse": 6,
               "text": "And hath raised vs vp together, and made vs sit together in heauenly places in Christ Iesus:"
            },
            {
               "verse": 7,
               "text": "That in the ages to come, hee might shew the exceeding riches of his grace, in his kindenesse towards vs, through Christ Iesus."
            },
            {
               "verse": 8,
               "text": "For by grace are ye saued, through faith, and that not of your selues: it is the gift of God:"
            },
            {
               "verse": 9,
               "text": "Not of workes, lest any man should boast."
            },
            {
               "verse": 10,
               "text": "For wee are his workemanship, created in Christ Iesus vnto good workes, which God hath before ordeined, that we should walke in them."
            },
            {
               "verse": 11,
               "text": "Wherefore remember that ye being in time passed Gentiles in the flesh, who are called vncircumcision by that which is called the Circumcision in the flesh made by hands,"
            },
            {
               "verse": 12,
               "text": "That at that time yee were without Christ, being aliens from the common wealth of Israel, and strangers from the couenants of promise, hauing no hope, & without God in the world."
            },
            {
               "verse": 13,
               "text": "But now in Christ Iesus, ye who sometimes were far off, are made nigh by the blood of Christ."
            },
            {
               "verse": 14,
               "text": "For hee is our peace, who hath made both one, and hath broken downe the middle wall of partition betweene vs:"
            },
            {
               "verse": 15,
               "text": "Hauing abolished in his flesh the enmitie, euen the Lawe of Commandements conteined in Ordinances, for to make in himselfe, of twaine, one newe man, so making peace."
            },
            {
               "verse": 16,
               "text": "And that he might reconcile both vnto God in one body by the crosse, hauing slaine the enmitie thereby,"
            },
            {
               "verse": 17,
               "text": "And came, and preached peace to you, which were afarre off, and to them that were nigh."
            },
            {
               "verse": 18,
               "text": "For through him wee both haue an accesse by one Spirit vnto the Father."
            },
            {
               "verse": 19,
               "text": "Now therefore yee are no more strangers and forreiners; but fellow citizens with the Saints, and of the houshold of God,"
            },
            {
               "verse": 20,
               "text": "And are built vpon the foundation of the Apostles and Prophets, Iesus Christ himselfe being the chiefe corner stone,"
            },
            {
               "verse": 21,
               "text": "In whom all the building fitly framed together, groweth vnto an holy Temple in the Lord:"
            },
            {
               "verse": 22,
               "text": "In whom you also are builded together for an habitation of God thorow the Spirit."
            }
         ]
      },
      {
         "chapter": 3,
         "verses": [
            {
               "verse": 1,
               "text": "For this cause I Paul, the prisoner of Iesus Christ for you Gentiles,"
            },
            {
               "verse": 2,
               "text": "If ye haue heard of the dispensation of the grace of God, which is giuen me to youward:"
            },
            {
               "verse": 3,
               "text": "How that by reuelation hee made knowen vnto me the mysterie, (as I wrote afore in few words,"
            },
            {
               "verse": 4,
               "text": "Whereby when ye reade, ye may vnderstand my knowledge in the mysterie of Christ.)"
            },
            {
               "verse": 5,
               "text": "Which in other ages was not made knowen vnto the sonnes of men, as it is now reueiled vnto his holy Apostles and Prophets by the Spirit,"
            },
            {
               "verse": 6,
               "text": "That the Gentiles should be fellow heires, and of the same body, and partakers of his promise in Christ, by the Gospel:"
            },
            {
               "verse": 7,
               "text": "Whereof I was made a Minister, according to the gift of the grace of God giuen vnto mee, by the effectuall working of his power."
            },
            {
               "verse": 8,
               "text": "Unto mee, who am lesse then the least of all Saints, is this grace giuen, that I should preach among the Gentiles the vnsearchable riches of Christ,"
            },
            {
               "verse": 9,
               "text": "And to make all men see, what is the fellowship of the mysterie, which from the beginning of the world, hath bene hid in God, who created all things by Iesus Christ:"
            },
            {
               "verse": 10,
               "text": "To the intent that now vnto the principalities and powers in heauenly places, might be knowen by the church, the manifold wisedome of God,"
            },
            {
               "verse": 11,
               "text": "According to the eternall purpose which he purposed in Christ Iesus our Lord:"
            },
            {
               "verse": 12,
               "text": "In whom we haue boldnesse and accesse, with confidence, by the faith of him."
            },
            {
               "verse": 13,
               "text": "Wherefore I desire that yee faint not at my tribulations for you, which is your glory."
            },
            {
               "verse": 14,
               "text": "For this cause I bow my knees vnto the Father of our Lord Iesus Christ,"
            },
            {
               "verse": 15,
               "text": "Of whom the whole family in heauen and earth is named,"
            },
            {
               "verse": 16,
               "text": "That he would grant you according to the riches of his glory, to bee strengthened with might, by his Spirit in the inner man,"
            },
            {
               "verse": 17,
               "text": "That Christ may dwell in your hearts by faith, that yee being rooted and grounded in loue,"
            },
            {
               "verse": 18,
               "text": "May be able to comprehend with all Saints, what is the breadth, and length, and depth, and height:"
            },
            {
               "verse": 19,
               "text": "And to know the loue of Christ, which passeth knowledge, that yee might bee filled with all the fulnesse of God."
            },
            {
               "verse": 20,
               "text": "Now vnto him that is able to do exceeding abundantly aboue all that wee aske or thinke, according to the power that worketh in vs,"
            },
            {
               "verse": 21,
               "text": "Unto him be glory in the Church by Christ Iesus, throughout all ages, world without end. Amen."
            }
         ]
      },
      {
         "chapter": 4,
         "verses": [
            {
               "verse": 1,
               "text": "I therefore the prisoner of the Lord, beseech you that yee walke worthy of the vocation wherewith ye are called,"
            },
            {
               "verse": 2,
               "text": "With all lowlinesse and meekenesse, with long suffering, forbearing one another in loue."
            },
            {
               "verse": 3,
               "text": "Endeuouring to keepe the vnitie of the Spirit in the bond of peace."
            },
            {
               "verse": 4,
               "text": "There is one body, and one spirit, euen as yee are called in one hope of your calling."
            },
            {
               "verse": 5,
               "text": "One Lord, one Faith, one Baptisme,"
            },
            {
               "verse": 6,
               "text": "One God and Father of all, who is aboue all, & through all, & in you all."
            },
            {
               "verse": 7,
               "text": "But vnto euery one of vs is giuen grace, according to the measure of the gift of Christ."
            },
            {
               "verse": 8,
               "text": "Wherefore he saith: When he ascended vp on high, he led captiuitie captiue, and gaue gifts vnto men."
            },
            {
               "verse": 9,
               "text": "(Now that he ascended, what is it but that hee also descended first into the lower parts of the earth?"
            },
            {
               "verse": 10,
               "text": "He that descended, is the same also that ascended vp far aboue all heauens, that he might fill all things.)"
            },
            {
               "verse": 11,
               "text": "And he gaue some, Apostles: and some, Prophets: and some, Euangelists: and some, Pastors, and teachers:"
            },
            {
               "verse": 12,
               "text": "For the perfecting of the Saints, for the worke of the ministerie, for the edifying of the body of Christ:"
            },
            {
               "verse": 13,
               "text": "Till we all come in the vnitie of the faith, and of the knowledge of the Sonne of God, vnto a perfect man, vnto the measure of the stature of the fulnesse of Christ:"
            },
            {
               "verse": 14,
               "text": "That we hencefoorth be no more children, tossed to and fro, and caried about with euery winde of doctrine, by the sleight of men, and cunning craftinesse, whereby they lye in waite to deceiue:"
            },
            {
               "verse": 15,
               "text": "But speaking the trueth in loue, may grow vp into him in all things which is the head, euen Christ:"
            },
            {
               "verse": 16,
               "text": "From whom the whole body fitly ioyned together, and compacted by that which euery ioynt supplyeth, according to the effectuall working in the measure of euery part, maketh increase of the body, vnto the edifying of it selfe in loue."
            },
            {
               "verse": 17,
               "text": "This I say therefore and testifie in the Lord, that yee henceforth walke not as other Gentiles walke in the vanitie of their minde,"
            },
            {
               "verse": 18,
               "text": "Hauing the vnderstanding darkened, being alienated from the life of God, through the ignorance that is in them, because of the blindnesse of their heart:"
            },
            {
               "verse": 19,
               "text": "Who being past feeling, haue giuen themselues ouer vnto lasciuiousnesse, to worke all vncleannesse with greedinesse."
            },
            {
               "verse": 20,
               "text": "But ye haue not so learned Christ:"
            },
            {
               "verse": 21,
               "text": "If so be that ye haue heard him, and haue bene taught by him, as the trueth is in Iesus,"
            },
            {
               "verse": 22,
               "text": "That yee put off concerning the former conuersation, the olde man, which is corrupt according to the deceitfull lusts:"
            },
            {
               "verse": 23,
               "text": "And bee renewed in the spirit of your minde:"
            },
            {
               "verse": 24,
               "text": "And that yee put on that new man, which after God is created in righteousnesse, and true holinesse."
            },
            {
               "verse": 25,
               "text": "Wherefore putting away lying, speake euery man truth with his neighbour: for we are members one of another."
            },
            {
               "verse": 26,
               "text": "Be ye angry and sinne not, let not the Sunne go down vpon your wrath:"
            },
            {
               "verse": 27,
               "text": "Neither giue place to the deuill."
            },
            {
               "verse": 28,
               "text": "Let him that stole, steale no more: but rather let him labour, working with his handes the thing which is good, that he may haue to giue to him that needeth."
            },
            {
               "verse": 29,
               "text": "Let no corrupt communication proceede out of your mouth, but that which is good to the vse of edifying, that it may minister grace vnto the hearers."
            },
            {
               "verse": 30,
               "text": "And grieue not the holy Sririt of God, whereby yee are sealed vnto the day of redemption."
            },
            {
               "verse": 31,
               "text": "Let all bitternes, and wrath, and anger, and clamour, and euill speaking, be put away from you, with all malice,"
            },
            {
               "verse": 32,
               "text": "And bee ye kinde one to another. tender hearted, forgiuing one another, euen as God for Christs sake hath forgiuen you."
            }
         ]
      },
      {
         "chapter": 5,
         "verses": [
            {
               "verse": 1,
               "text": "Be ye therefore followers of God, as deare children."
            },
            {
               "verse": 2,
               "text": "And walke in loue, as Christ also hath loued vs, and hath giuen himselfe for vs, an offering and a sacrifice to God for a sweet smelling sauour;"
            },
            {
               "verse": 3,
               "text": "But fornication and all vncleannesse, or couetousnesse, let it not be once named amongst you, as becommeth Saints:"
            },
            {
               "verse": 4,
               "text": "Neither filthinesse, nor foolish talking, nor iesting, which are not conuenient: but rather giuing of thankes."
            },
            {
               "verse": 5,
               "text": "For this ye know, that no whoremonger, nor vncleane person, nor couetous man who is an idolater, hath any inheritance in the kingdome of Christ, and of God."
            },
            {
               "verse": 6,
               "text": "Let no man deceiue you with vaine words: for because of these things commeth the wrath of God vpon the children of disobedience."
            },
            {
               "verse": 7,
               "text": "Bee not yee therefore partakers with them."
            },
            {
               "verse": 8,
               "text": "For yee were sometimes darkenesse, but now are yee light in the Lord: walke as children of light,"
            },
            {
               "verse": 9,
               "text": "(For the fruite of the spirit is in all goodnesse and righteousnesse & trueth.)"
            },
            {
               "verse": 10,
               "text": "Proouing what is acceptable vnto the Lord:"
            },
            {
               "verse": 11,
               "text": "And haue no fellowship with the vnfruitfull workes of darkenesse, but rather reproue them."
            },
            {
               "verse": 12,
               "text": "For it is a shame euen to speake of those things which are done of them in secret."
            },
            {
               "verse": 13,
               "text": "But all things that are reprooued, are made manifest by the light: for whatsoeuer doth make manifest, is light."
            },
            {
               "verse": 14,
               "text": "Wherfore hee saith: Awake thou that sleepest, and arise from the dead, and Christ shall giue thee light."
            },
            {
               "verse": 15,
               "text": "See then that yee walke circumspectly, not as fooles, but as wise,"
            },
            {
               "verse": 16,
               "text": "Redeming the time, because the dayes are euill."
            },
            {
               "verse": 17,
               "text": "Wherefore be ye not vnwise, but vnderstanding what the will of the Lord is."
            },
            {
               "verse": 18,
               "text": "And bee not drunke with wine, wherein is excesse: but bee filled with the Spirit:"
            },
            {
               "verse": 19,
               "text": "Speaking to your selues, in Psalmes, and Hymnes, and Spirituall songs, singing and making melodie in your heart to the Lord,"
            },
            {
               "verse": 20,
               "text": "Giuing thankes alwayes for all things vnto God, and the Father, in the Name of our Lord Iesus Christ,"
            },
            {
               "verse": 21,
               "text": "Submitting your selues one to another in the feare of God."
            },
            {
               "verse": 22,
               "text": "Wiues, submit your selues vnto your own husbands, as vnto the Lord."
            },
            {
               "verse": 23,
               "text": "For the husband is the head of the wife, euen as Christ is the head of the Church: and he is the sauiour of the body."
            },
            {
               "verse": 24,
               "text": "Therefore as the Church is subiect vnto Christ, so let the wiues bee to their owne husbands in euery thing."
            },
            {
               "verse": 25,
               "text": "Husbands, loue your wiues, euen as Christ also loued the Church, and gaue himselfe for it:"
            },
            {
               "verse": 26,
               "text": "That he might sanctifie & cleanse it with the washing of water, by the word,"
            },
            {
               "verse": 27,
               "text": "That hee might present it to himselfe a glorious Church, not hauing spot or wrinckle, or any such thing: but that it should bee holy and without blemish."
            },
            {
               "verse": 28,
               "text": "So ought men to loue their wiues, as their owne bodies: hee that loueth his wife, loueth himselfe."
            },
            {
               "verse": 29,
               "text": "For no man euer yet hated his owne flesh: but nourisheth and cherisheth it, euen as the Lord the Church:"
            },
            {
               "verse": 30,
               "text": "For we are members of his body, of his flesh, and of his bones."
            },
            {
               "verse": 31,
               "text": "For this cause shall a man leaue his father and mother, and shall be ioyned vnto his wife, and they two shalbe one flesh."
            },
            {
               "verse": 32,
               "text": "This is a great mysterie: but I speake concerning Christ and the Church."
            },
            {
               "verse": 33,
               "text": "Neuerthelesse, let euery one of you in particular, so loue his wife euen as himselfe, and the wife see that she reuerence her husband."
            }
         ]
      },
      {
         "chapter": 6,
         "verses": [
            {
               "verse": 1,
               "text": "Children, obey your parents in the Lord: for this is right."
            },
            {
               "verse": 2,
               "text": "Honour thy father and mother, (which is the first commandement with promise,)"
            },
            {
               "verse": 3,
               "text": "That it may bee well with thee, and thou maiest liue long on the earth."
            },
            {
               "verse": 4,
               "text": "And yee fathers, prouoke not your children to wrath: but bring them vp in the nourture and admonition of the Lord."
            },
            {
               "verse": 5,
               "text": "Seruants, bee obedient to them that are your masters according to the flesh, with feare and trembling, in singlenesse of your heart, as vnto Christ:"
            },
            {
               "verse": 6,
               "text": "Not with eye seruice as men pleasers, but as the seruants of Christ, doing the will of God from the heart:"
            },
            {
               "verse": 7,
               "text": "With good will doing seruice, as to the Lord, and not to men,"
            },
            {
               "verse": 8,
               "text": "Knowing that whatsoeuer good thing any man doeth, the same shall he receiue of the Lord, whether he be bond or free."
            },
            {
               "verse": 9,
               "text": "And ye masters, do the same things vnto them, forbearing threatning: knowing that your master also is in heauen, neither is there respect of persons with him."
            },
            {
               "verse": 10,
               "text": "Finally, my brethren, be strong in the Lord, & in the power of his might."
            },
            {
               "verse": 11,
               "text": "Put on the whole armour of God, that ye may be able to stand against the wiles of the deuill."
            },
            {
               "verse": 12,
               "text": "For wee wrestle not against flesh and blood, but against principalities, against powers, against the rulers of the darknes of this world, against spirituall wickednes in high places."
            },
            {
               "verse": 13,
               "text": "Wherfore take vnto you the whole armour of God, that yee may be able to withstand in the euill day, and hauing done all, to stand."
            },
            {
               "verse": 14,
               "text": "Stand therefore, hauing your loynes girt about with trueth, and hauing on the breast-plate of righteousnesse:"
            },
            {
               "verse": 15,
               "text": "And your feete shod with the preparation of the Gospel of peace."
            },
            {
               "verse": 16,
               "text": "Aboue all, taking the shielde of Faith, wherewith yee shall bee able to quench all the fierie dartes of the wicked."
            },
            {
               "verse": 17,
               "text": "And take the helmet of saluation, and the sword of the Spirit, which is the word of God:"
            },
            {
               "verse": 18,
               "text": "Praying alwayes with all prayer and supplication in the spirit, and watching thereunto with all perseuerance, and supplication for all Saints,"
            },
            {
               "verse": 19,
               "text": "And for mee, that vtterance may be giuen vnto me, that I may open my mouth boldly, to make knowen the mysterie of the Gospel:"
            },
            {
               "verse": 20,
               "text": "For which I am an ambassador in bonds, that therein I may speake boldly, as I ought to speake."
            },
            {
               "verse": 21,
               "text": "But that yee also may know my affaires, and how I doe, Tychicus a beloued brother, and faithfull minister in the Lord, shall make knowen to you all things."
            },
            {
               "verse": 22,
               "text": "Whom I haue sent vnto you for the same purpose, that yee might know our affaires, and that he might comfort your hearts."
            },
            {
               "verse": 23,
               "text": "Peace be to the brethren, and loue, with faith from God the Father, and the Lord Iesus Christ."
            },
            {
               "verse": 24,
               "text": "Grace be with all them that loue our Lord Iesus Christ in sinceritie. Written from Rome vnto the Ephesians by Tychicus."
            }
         ]
      }
   ]
}