{
   "book": "Haggai",
   "chapter-count": "2",
   "chapters": [
      {
         "chapter": 1,
         "verses": [
            {
               "verse": 1,
               "text": "In the second yeere of Darius the king, in the sixt moneth, in the first day of the moneth came the worde of the Lord by Haggai the Prophet vnto Zerubbabel the sonne of Shealtiel, gouernour of Iudah, and to Iosuah the sonne of Iosedech the high priest, saying;"
            },
            {
               "verse": 2,
               "text": "Thus speaketh the Lord of hostes, saying; This people say, The time is not come, the time that the Lords house should be built."
            },
            {
               "verse": 3,
               "text": "Then came the word of the Lord by Haggai the prophet, saying;"
            },
            {
               "verse": 4,
               "text": "Is it time for you, O yee, to dwell in your sieled houses, and this house lie waste?"
            },
            {
               "verse": 5,
               "text": "Nowe therefore thus saith the Lord of hostes; Consider your wayes."
            },
            {
               "verse": 6,
               "text": "Yee haue sowen much and bring in litle: ye eate, but ye haue not inough: yee drinke, but yee are not filled with drinke: yee cloth you, but there is none warme: and hee that earneth wages, earneth wages to put it into a bag with holes."
            },
            {
               "verse": 7,
               "text": "¶ Thus saith the Lord of hostes, Consider your wayes."
            },
            {
               "verse": 8,
               "text": "Goe vp to the mountaine, and bring wood, and build the house; and I will take pleasure in it, and I will be glorified, saith the Lord."
            },
            {
               "verse": 9,
               "text": "Ye looked for much, and loe it came to litle: and when yee brought it home, I did blow vpon it: Why, saith the Lord of hostes? because of mine house that is waste, and yee runne euery man vnto his owne house."
            },
            {
               "verse": 10,
               "text": "Therefore the heauen ouer you is stayed from dew, and the earth is staied from her fruite."
            },
            {
               "verse": 11,
               "text": "And I called for a drought vpon the land and vpon the mountaines, and vpon the corne, and vpon the new wine, and vpon the oyle, and vpon that which the ground bringeth forth, & vpon men, and vpon cattell, and vpon all the labour of the hands."
            },
            {
               "verse": 12,
               "text": "¶ Then Zerubbabel the sonne of Shealtiel, and Iosuah the sonne of Iosedech the high priest, with all the remnant of the people obeyed the voyce of the Lord their God, and the words of Haggai the Prophet (as the Lord their God had sent him) and the people did feare before the Lord."
            },
            {
               "verse": 13,
               "text": "Then spake Haggai the Lords messenger in the Lords message vnto the people, saying; I am with you, saith the Lord."
            },
            {
               "verse": 14,
               "text": "And the Lord stirred vp the spirit of Zerubbabel the sonne of Shealtiel gouernour of Iudah, and the spirit of Iosuah the sonne of Iosedech the high priest, and the spirit of all the remnant of the people, and they came and did worke in the house of the Lord of hostes their God:"
            },
            {
               "verse": 15,
               "text": "In the foure and twentieth day of the sixt moneth, in the second yeere of Darius the King."
            }
         ]
      },
      {
         "chapter": 2,
         "verses": [
            {
               "verse": 1,
               "text": "In the seuenth moneth, in the one and twentith day of the moneth, came the word of the Lord by the Prophet Haggai, saying;"
            },
            {
               "verse": 2,
               "text": "Speake now to Zerubbabel the sonne of Shealtiel, gouernour of Iudah, and to Iosuah the sonne of Iosedech the high priest, and to the residue of the people, saying,"
            },
            {
               "verse": 3,
               "text": "Who is left among you that sawe this house in her first glory? and how do ye see it now? Is it not in your eyes in comparison of it, as nothing?"
            },
            {
               "verse": 4,
               "text": "Yet now be strong, O Zerubbabel, saith the Lord, and bee strong, O Ioshua, sonne of Iosedech the high Priest, and be strong all ye people of the land, saith the Lord, and worke: (for I am with you, saith the Lord of hosts,)"
            },
            {
               "verse": 5,
               "text": "According to the word that I couenanted with you, when ye came out of Egypt, so my Spirit remaineth among you, Feare ye not."
            },
            {
               "verse": 6,
               "text": "For thus saith the Lord of hosts, Yet once, it is a litle while, and I will shake the heauens, and the earth, and the sea, and the drie land."
            },
            {
               "verse": 7,
               "text": "And I will shake all nations, and the desire of all nations shall come, and I will fill this house with glory, saith the Lord of hosts."
            },
            {
               "verse": 8,
               "text": "The siluer is mine, and the gold is mine, saith the Lord of hosts."
            },
            {
               "verse": 9,
               "text": "The glory of this latter house shal be greater then of the former, saith the Lord of hostes: and in this place will I giue peace, saith the Lord of hostes."
            },
            {
               "verse": 10,
               "text": "¶ In the foure and twentieth day of the ninth moneth, in the second yeere of Darius, came &thorn; word of the Lord by Haggai the Prophet, saying,"
            },
            {
               "verse": 11,
               "text": "Thus saith the Lord of hosts, Aske now the priests concerning the law, saying,"
            },
            {
               "verse": 12,
               "text": "If one beare holy flesh in the skirt of his garment, and with his skirt doe touch bread or pottage, or wine, or oile, or any meate, shall it be holy? and the priests answered and said, No."
            },
            {
               "verse": 13,
               "text": "Then said Haggai, If one that is vncleane by a dead body, touch any of these, shal it be vncleane? and the priests answered and said, It shalbe vncleane."
            },
            {
               "verse": 14,
               "text": "Then answered Haggai, and said, So is this people, and so is this nation before me, saith the Lord, and so is euery worke of their hands, and that which they offer there, is vncleane."
            },
            {
               "verse": 15,
               "text": "And now I pray you consider from this day and vpward, from before a stone was laid vpon a stone in the Temple of the Lord."
            },
            {
               "verse": 16,
               "text": "Since those dayes were, when one came to an heape of twentie measures, there were but ten: when one came to the presse-fatte for to draw out fiftie vessels out of the presse, there were but twentie."
            },
            {
               "verse": 17,
               "text": "I smote you with blasting, and with mildew, and with haile in all the labours of your hands: yet yee turned not to me, saith the Lord."
            },
            {
               "verse": 18,
               "text": "Consider now from this day, and vpward from the foure and twentieth day of the ninth moneth, euen from the day that the foundatio of the Lords Temple was laid, consider it."
            },
            {
               "verse": 19,
               "text": "Is the seed yet in the barne? yea, as yet the vine and the fig tree, & the pomegranate, and the Oliue tree hath not brought foorth: from this day will I blesse you."
            },
            {
               "verse": 20,
               "text": "¶ And againe the worde of the Lord came vnto Haggai in the foure and twentieth day of the moneth, saying,"
            },
            {
               "verse": 21,
               "text": "Speake to Zerubbabel gouernor of Iudah, saying, I wil shake the heauens and the earth."
            },
            {
               "verse": 22,
               "text": "And I will ouerthrow the throne of kingdomes, and I will destroy the strength of the kingdomes of the heathen, and I will ouerthrow the charets, and those that ride in them, and the horses and their riders shall come downe, euery one by the sword of his brother."
            },
            {
               "verse": 23,
               "text": "In that day, saith the Lord of hosts, will I take thee, O Zerubbabel, my seruant, the son of Shealtiel, saith the Lord, and will make thee as a signet: for I haue chosen thee, saith the Lord of hosts."
            }
         ]
      }
   ]
}