{
   "book": "Hebrews",
   "chapter-count": "13",
   "chapters": [
      {
         "chapter": 1,
         "verses": [
            {
               "verse": 1,
               "text": "God who at sundry times, and in diuers manners, spake in time past vnto the Fathers by the Prophets,"
            },
            {
               "verse": 2,
               "text": "Hath in these last dayes spoken vnto vs by his Sonne, whom he hath appointed heire of all things, by whom also he made the worlds,"
            },
            {
               "verse": 3,
               "text": "Who being the brightnesse of his glory, and the expresse image of his person, and vpholding all things by the word of his power, when hee had by himselfe purged our sinnes, sate down on &thorn; right hand of the Maiestie on high,"
            },
            {
               "verse": 4,
               "text": "Being made so much better then the Angels, as hee hath by inheritance obtained a more excellent Name then they."
            },
            {
               "verse": 5,
               "text": "For vnto which of the Angels said he at any time, Thou art my sonne, this day haue I begotten thee? And again, I will be to him a Father, and he shall be to me a Sonne."
            },
            {
               "verse": 6,
               "text": "And againe, when he bringeth in the first begotten into the world, hee saith, And let all the Angels of God worship him."
            },
            {
               "verse": 7,
               "text": "And of the Angels he saith: Who maketh his Angels spirits, and his ministers a flame of fire."
            },
            {
               "verse": 8,
               "text": "But vnto the Sonne, he saith, Thy throne, O God, is for euer and euer: a scepter of righteousnesse is the scepter of thy kingdome."
            },
            {
               "verse": 9,
               "text": "Thou hast loued righteousnesse, and hated iniquitie, therefore God, euen thy God hath anointed thee with the oyle of gladnesse aboue thy fellowes."
            },
            {
               "verse": 10,
               "text": "And, thou Lord in the beginning hast layed the foundation of the earth: and the heauens are the works of thine hands."
            },
            {
               "verse": 11,
               "text": "They shall perish, but thou remainest: and they all shal waxe old as doth a garment."
            },
            {
               "verse": 12,
               "text": "And as a vesture shalt thou fold them vp, and they shall be changed, but thou art the same, and thy yeeres shall not faile?"
            },
            {
               "verse": 13,
               "text": "But to which of the Angels said hee at any time, Sit on my right hand, vntill I make thine enemies thy footstoole?"
            },
            {
               "verse": 14,
               "text": "Are they not all ministring spirits, sent foorth to minister for them, who shall be heires of saluation?"
            }
         ]
      },
      {
         "chapter": 2,
         "verses": [
            {
               "verse": 1,
               "text": "Therefore we ought to giue the more earnest heede to the things which we haue heard, lest at any time we should let them slip."
            },
            {
               "verse": 2,
               "text": "For if the word spoken by Angels was stedfast, and euery transgression and disobedience receiued a iust recompense of reward:"
            },
            {
               "verse": 3,
               "text": "How shall we escape, if we neglect so great saluation, which at the first began to be spoken by the Lord, and was confirmed vnto vs by them that heard him,"
            },
            {
               "verse": 4,
               "text": "God also bearing them witnesse, both with signes & wonders, and with diuers miracles, and gifts of the holy Ghost, according to his owne will?"
            },
            {
               "verse": 5,
               "text": "For vnto the Angels hath he not put in subiection the world to come, whereof we speake."
            },
            {
               "verse": 6,
               "text": "But one in a certaine place testified, saying: What is man, that thou art mindfull of him: or the Sonne of man that thou visitest him?"
            },
            {
               "verse": 7,
               "text": "Thou madest him a little lower then the Angels, thou crownedst him with glory and honor, and didst set him ouer the workes of thy hands."
            },
            {
               "verse": 8,
               "text": "Thou hast put all things in subiection vnder his feete. For in that he put all in subiection vnder him, hee left nothing that is not put vnder him. But now wee see not yet all things put vnder him."
            },
            {
               "verse": 9,
               "text": "But wee see Iesus, who was made a little lower then the Angels, for the suffering of death, crowned with glory and honour, that hee by the grace of God should taste death for euery man."
            },
            {
               "verse": 10,
               "text": "For it became him, for whom are all things, and by whom are all things, in bringing many sonnes vnto glory, to make the Captaine of their saluation perfect through sufferings."
            },
            {
               "verse": 11,
               "text": "For both hee that sanctifieth, and they who are sanctified, are all of one: for which cause he is not ashamed to cal them brethren,"
            },
            {
               "verse": 12,
               "text": "Saying, I will declare thy Name vnto my brethren, in the midst of the Church will I sing praise vnto thee."
            },
            {
               "verse": 13,
               "text": "And againe, I will put my trust in him: and againe, Behold, I, and the children which God hath giuen me."
            },
            {
               "verse": 14,
               "text": "Forasmuch then as the children are partakers of flesh and blood, he also himselfe likewise took part of the same, that through death hee might destroy him that had the power of death, that is, the deuill:"
            },
            {
               "verse": 15,
               "text": "And deliuer them, who through feare of death were all their life time subiect to bondage."
            },
            {
               "verse": 16,
               "text": "For verely he tooke not on him the nature of Angels: but he tooke on him the seed of Abraham."
            },
            {
               "verse": 17,
               "text": "Wherfore in all things it behooued him to bee made like vnto his brethren, that he might be a mercifull and faithfull high Priest, in things pertaining to God, to make reconciliation for the sinnes of the people."
            },
            {
               "verse": 18,
               "text": "For in that he himselfe hath suffered, being tempted, he is able to succour them that are tempted."
            }
         ]
      },
      {
         "chapter": 3,
         "verses": [
            {
               "verse": 1,
               "text": "Wherfore holy brethr&#275;, partakers of the heauenly calling, consider the Apostle and high Priest of our profession Christ Iesus,"
            },
            {
               "verse": 2,
               "text": "Who was faithful to him that appointed him, as also Moses was faithfull in all his house."
            },
            {
               "verse": 3,
               "text": "For this man was counted worthy of more glory then Moses, in as much as he who hath builded the house, hath more honour then the house."
            },
            {
               "verse": 4,
               "text": "For euery house is builded by some man, but hee that built all things is God."
            },
            {
               "verse": 5,
               "text": "And Moses verely was faithfull in all his house as a seruant, for a testimonie of those things which were to be spoken after."
            },
            {
               "verse": 6,
               "text": "But Christ as a Sonne ouer his owne house, whose house are wee, if we hold fast the confidence, and the reioycing of the hope firme vnto the end."
            },
            {
               "verse": 7,
               "text": "Wherfore as the holy Ghost saith, To day if ye will heare his voyce,"
            },
            {
               "verse": 8,
               "text": "Harden not your hearts, as in the prouocation, in the day of temptation in the wildernesse:"
            },
            {
               "verse": 9,
               "text": "When your fathers tempted me, prooued me, and saw my works fourty yeeres."
            },
            {
               "verse": 10,
               "text": "Wherefore I was grieued with that generation, and sayd, They doe alway erre in their hearts, and they haue not knowen my wayes."
            },
            {
               "verse": 11,
               "text": "So I sware in my wrath: they shall not enter into my rest."
            },
            {
               "verse": 12,
               "text": "Take heed, brethren, lest there be in any of you an euill heart of vnbeleefe, in departing from the liuing God."
            },
            {
               "verse": 13,
               "text": "But exhort one another dayly, while it is called To day, least any of you be hardned through the deceitfulnesse of sinne."
            },
            {
               "verse": 14,
               "text": "For wee are made partakers of Christ, if we hold the beginning of our confidence stedfast vnto the end."
            },
            {
               "verse": 15,
               "text": "Whilest it is sayd, To day if yee will heare his voice, harden not your hearts, as in the prouocation."
            },
            {
               "verse": 16,
               "text": "For some when they had heard, did prouoke: howbeit not all that came out of Egypt by Moses."
            },
            {
               "verse": 17,
               "text": "But with whom was he grieued fourty yeeres? was it not with them that had sinned, whose carcases fell in the wildernesse?"
            },
            {
               "verse": 18,
               "text": "And to whom sware he that they should not enter into his rest, but to them that beleeued not?"
            },
            {
               "verse": 19,
               "text": "So we see that they could not enter in, because of vnbeleefe."
            }
         ]
      },
      {
         "chapter": 4,
         "verses": [
            {
               "verse": 1,
               "text": "Let vs therefore feare, lest a promise being left vs, of entring into his rest, any of you should seeme to come short of it."
            },
            {
               "verse": 2,
               "text": "For vnto vs was the Gospel preached, as well as vnto th&#275;: but the word preached did not profit them, not being mixed with faith in them that heard it."
            },
            {
               "verse": 3,
               "text": "For we which haue beleeued do enter into rest, as hee said, As I haue sworne in my wrath, if they shall enter into my rest, although the works were finished from the foundation of the world."
            },
            {
               "verse": 4,
               "text": "For he spake in a certaine place of the seuenth day on this wise: And God did rest the seuenth day from all his works."
            },
            {
               "verse": 5,
               "text": "And in this place againe: If they shall enter into my rest."
            },
            {
               "verse": 6,
               "text": "Seeing therfore it remaineth that some must enter therein, and they to whom it was first preached, entred not in because of vnbeleefe:"
            },
            {
               "verse": 7,
               "text": "Againe, hee limiteth a certaine day, saying in Dauid, To day, after so long a time; as it is saide, To day if ye will heare his voyce, harden not your hearts."
            },
            {
               "verse": 8,
               "text": "For if Iesus had giuen them rest, then would he not afterward haue spoken of another day."
            },
            {
               "verse": 9,
               "text": "There remaineth therefore a rest to the people of God."
            },
            {
               "verse": 10,
               "text": "For he that is entred into his rest, hee also hath ceased from his owne works, as God did from his."
            },
            {
               "verse": 11,
               "text": "Let vs labour therefore to enter into that rest, lest any man fall after the same example of vnbeleefe."
            },
            {
               "verse": 12,
               "text": "For the word of God is quicke and powerfull, and sharper then any two edged sword, pearcing euen to the diuiding asunder of soule and spirit, and of the ioynts and marrowe, and is a discerner of the thoughts and intents of the heart."
            },
            {
               "verse": 13,
               "text": "Neither is there any creature that is not manifest in his sight: but all things are naked, and opened vnto the eyes of him with whome wee haue to doe."
            },
            {
               "verse": 14,
               "text": "Seeing then that wee haue a great high Priest, that is passed into the heauens, Iesus the Sonne of God, let vs hold fast our profession."
            },
            {
               "verse": 15,
               "text": "For wee haue not an high Priest which cannot bee touched with the feeling of our infirmities: but was in all points tempted like as we are, yet without sinne."
            },
            {
               "verse": 16,
               "text": "Let vs therefore come boldly vnto the throne of grace, that wee may obtaine mercy, and finde grace to helpe in time of need."
            }
         ]
      },
      {
         "chapter": 5,
         "verses": [
            {
               "verse": 1,
               "text": "For euery high Priest taken from among men, is ordeined for men in things pertaining to God, that hee may offer both giftes & sacrifices for sins."
            },
            {
               "verse": 2,
               "text": "Who can haue compassion on the ignorant, and on them that are out of the way, for that he himselfe also is compassed with infirmitie."
            },
            {
               "verse": 3,
               "text": "And by reason heereof hee ought as for the people, so also for himselfe, to offer for sinnes."
            },
            {
               "verse": 4,
               "text": "And no man taketh this honour vnto himselfe, but hee that is called of God, as was Aaron."
            },
            {
               "verse": 5,
               "text": "So also, Christ glorified not himselfe, to bee made an High Priest: but hee that saide vnto him, Thou art my Sonne, to day haue I begotten thee."
            },
            {
               "verse": 6,
               "text": "As he saith also in another place, Thou art a Priest for euer after the order of Melchisedec."
            },
            {
               "verse": 7,
               "text": "Who in the dayes of his flesh, when hee had offered vp prayers and supplications, with strong crying and teares, vnto him that was able to saue him from death, and was heard, in that he feared."
            },
            {
               "verse": 8,
               "text": "Though hee were a Sonne, yet learned hee obedience, by the things which he suffered:"
            },
            {
               "verse": 9,
               "text": "And being made perfect, he became the authour of eternall saluation vnto all them that obey him,"
            },
            {
               "verse": 10,
               "text": "Called of God an high Priest after the order of Melchisedec:"
            },
            {
               "verse": 11,
               "text": "Of whom we haue many things to say, and hard to be vttered, seeing ye are dull of hearing."
            },
            {
               "verse": 12,
               "text": "For when for the time yee ought to bee teachers, yee haue neede that one teach you againe which be the first principles of the Oracles of God, and are become such as haue need of milke, and not of strong meat."
            },
            {
               "verse": 13,
               "text": "For euery one that vseth milke, is vnskilful in the word of righteousnes: for he is a babe."
            },
            {
               "verse": 14,
               "text": "But strong meate belongeth to them that are of full age, euen those who by reason of vse haue their senses exercised to discerne both good and euil."
            }
         ]
      },
      {
         "chapter": 6,
         "verses": [
            {
               "verse": 1,
               "text": "Therefore leauing the principles of the doctrine of Christ, let vs goe on vnto perfection, not laying againe the foundation of repentance from dead workes, and of faith towards God,"
            },
            {
               "verse": 2,
               "text": "Of the doctrine of Baptismes, and of laying on of hands, and of resurrection of the dead, and of eternall iudgement."
            },
            {
               "verse": 3,
               "text": "And this will we doe, if God permit."
            },
            {
               "verse": 4,
               "text": "For it is impossible for those who were once inlightned, and haue tasted of the heauenly gift, and were made partakers of the holy Ghost,"
            },
            {
               "verse": 5,
               "text": "And haue tasted the good word of God, and the powers of the world to come;"
            },
            {
               "verse": 6,
               "text": "If they shall fall away, to renue them againe vnto repentance: seeing they crucifie to themselues the Sonne of God afresh, and put him to an open shame."
            },
            {
               "verse": 7,
               "text": "For the earth which drinketh in the raine that commeth oft vpon it, and bringeth forth herbes meet for them by whome it is dressed, receiueth blessing from God."
            },
            {
               "verse": 8,
               "text": "But that which beareth thornes and briers, is reiected, and is nigh vnto cursing, whose end is to be burned."
            },
            {
               "verse": 9,
               "text": "But beloued, wee are perswaded better things of you, and things that accompany saluation, though we thus speake."
            },
            {
               "verse": 10,
               "text": "For God is not vnrighteous, to forget your worke and labour of loue, which yee haue shewed toward his Name, in that yee haue ministred to the Saints, and doe minister."
            },
            {
               "verse": 11,
               "text": "And wee desire, that euery one of you doe shewe the same diligence, to the full assurance of hope vnto the ende:"
            },
            {
               "verse": 12,
               "text": "That yee be not slothfull, but followers of them, who through faith and patience inherite the promises."
            },
            {
               "verse": 13,
               "text": "For when God made promise to Abraham, because hee could sweare by no greater, he sware by himselfe,"
            },
            {
               "verse": 14,
               "text": "Saying, Surely, blessing I will blesse thee, and multiplying I wil multiply thee."
            },
            {
               "verse": 15,
               "text": "And so after he had patiently indured, he obtained the promise."
            },
            {
               "verse": 16,
               "text": "For men verily sweare by the greater, and an oath for confirmation is to them an end of all strife."
            },
            {
               "verse": 17,
               "text": "Wherein God willing more abundantly to shewe vnto the heyres of promise the immutabilitie of his counsell, confirmed it by an oath:"
            },
            {
               "verse": 18,
               "text": "That by two immutable things, in which it was impossible for God to lye, wee might haue a strong consolation, who haue fled for refuge to lay hold vpon the hope set before vs."
            },
            {
               "verse": 19,
               "text": "Which hope we haue as an anker of the soule both sure and stedfast, and which entreth into that within the vaile,"
            },
            {
               "verse": 20,
               "text": "Whither the forerunner is for vs entrrd; euen Iesus, made an high Priest for euer after the order of Melchisedec."
            }
         ]
      },
      {
         "chapter": 7,
         "verses": [
            {
               "verse": 1,
               "text": "For this Melchisedec king of Salem, Priest of the most high God, who met Abraham returning from the slaughter of the Kings, and blessed him:"
            },
            {
               "verse": 2,
               "text": "To whom also Abraham gaue a tenth part of all: first being by interpretation king of righteousnesse, and after that also king of Salem, which is, king of peace."
            },
            {
               "verse": 3,
               "text": "Without father, without mother, without descent, hauing neither beginning of dayes nor end of life: but made like vnto the Sonne of God, abideth a Priest continually."
            },
            {
               "verse": 4,
               "text": "Now consider how great this man was, vnto wh&#333; euen the patriarch Abraham gaue the tenth of the spoiles."
            },
            {
               "verse": 5,
               "text": "And verily they that are of the sonnes of Leui, who receiue the office of the Priesthood, haue a commandement to take Tithes of the people according to the Law, that is of their brethren, though they come out of the loines of Abraham:"
            },
            {
               "verse": 6,
               "text": "But he whose descent is not counted from them, receiued tithes of Abraham, and blessed him that had the promises."
            },
            {
               "verse": 7,
               "text": "And without all contradiction, the lesse is blessed of the better."
            },
            {
               "verse": 8,
               "text": "And here men that die receiue tithes: but there hee receiueth them, of whom it is witnessed that he liueth."
            },
            {
               "verse": 9,
               "text": "And as I may so say, Leui also who receiueth tithes, payed tithes in Abraham."
            },
            {
               "verse": 10,
               "text": "For hee was yet in the loynes of his Father when Melchisedec met him."
            },
            {
               "verse": 11,
               "text": "If therefore perfection were by the Leuiticall Priesthood (for vnder it the people receiued the Law) what further neede was there, that another Priest should rise after the order of Melchisedec, and not bee called after the order of Aaron?"
            },
            {
               "verse": 12,
               "text": "For the Priesthood being chaunged, there is made of necessitie a change also of the Law."
            },
            {
               "verse": 13,
               "text": "For hee of whom these things are spoken, pertaineth to another tribe, of which no man gaue attendance at the Altar."
            },
            {
               "verse": 14,
               "text": "For it is euident that our Lorde sprang out of Iuda, of which tribe Moses spake nothing c&#333;cerning Priesthood."
            },
            {
               "verse": 15,
               "text": "And it is yet farre more euident: for that after the similitude of Melchisedec there ariseth another Priest,"
            },
            {
               "verse": 16,
               "text": "Who is made not after the Law of a carnall commandement, but after the power of an endles life."
            },
            {
               "verse": 17,
               "text": "For hee testifieth; Thou art a Priest for euer, after the order of Melchisedec."
            },
            {
               "verse": 18,
               "text": "For there is verily a disanulling of the commandement going before, for the weakenesse and vnprofitablenesse thereof."
            },
            {
               "verse": 19,
               "text": "For the Law made nothing perfect, but the bringing in of a better hope did: by the which wee draw nigh vnto God."
            },
            {
               "verse": 20,
               "text": "And in as much as not without an othe he was made Priest,"
            },
            {
               "verse": 21,
               "text": "(For those Priests were made without an oath: but this with an oath, by him &thorn; said vnto him, The Lord sware and wil not repent, thou art a Priest for euer after the order of Melchisedec)"
            },
            {
               "verse": 22,
               "text": "By so much was Iesus made a suertie of a better Testament."
            },
            {
               "verse": 23,
               "text": "And they truely were many Priests, because they were not suffered to continue by reason of death."
            },
            {
               "verse": 24,
               "text": "But this man because hee continueth euer, hath an vnchangeable Priesthood."
            },
            {
               "verse": 25,
               "text": "Wherefore he is able also to saue them to the vttermost, that come vnto God by him, seeing hee euer liueth to make intercession for them."
            },
            {
               "verse": 26,
               "text": "For such an high Priest became vs, who is holy, harmelesse, vndefiled, separate from sinners, and made higher then the heauens."
            },
            {
               "verse": 27,
               "text": "Who needeth not daily, as those high Priests, to offer vp sacrifice, first for his owne sins and then for the peoples: for this he did once, when he offered vp himselfe."
            },
            {
               "verse": 28,
               "text": "For the Law maketh men high Priests which haue infirmitie, but the word of the othe which was since the Law, maketh the Sonne, who is consecrated for euermore."
            }
         ]
      },
      {
         "chapter": 8,
         "verses": [
            {
               "verse": 1,
               "text": "Now of the things which we haue spoken, this is the summe: wee haue such an high Priest, who is set on the right hand of the throne of the Maiestie in the heauens:"
            },
            {
               "verse": 2,
               "text": "A minister of the Sanctuary, and of the true Tabernacle, which the Lord pitched, and not man."
            },
            {
               "verse": 3,
               "text": "For euery high Priest is ordeined to offer gifts and sacrifices: wherefore it is of necessitie that this man haue somewhat also to offer."
            },
            {
               "verse": 4,
               "text": "For if he were on earth, he should not bee a Priest, seeing that there are Priests that offer gifts according to the Law:"
            },
            {
               "verse": 5,
               "text": "Who serue vnto the example and shadow of heauenly things, as Moses was admonished of God when he was about to make the Tabernacle. For see (saith he) that thou make all things according to the paterne shewed to thee in the mount."
            },
            {
               "verse": 6,
               "text": "But now hath he obtained a more excellent ministerie, by how much also he is the Mediatour of a better Couenant, which was established vpon better promises."
            },
            {
               "verse": 7,
               "text": "For if that first Couenant had bene faultles, then should no place haue bene sought for the second."
            },
            {
               "verse": 8,
               "text": "For finding fault with them, hee saith, Behold, the dayes come (saith the Lord) when I will make a new couenant with the house of Israel, and the house of Iudah."
            },
            {
               "verse": 9,
               "text": "Not according to the Couenant that I made with their fathers, in the day when I tooke them by the hand to lead them out of the land of Egypt, because they continued not in my Couenant, and I regarded them not, saith the Lord."
            },
            {
               "verse": 10,
               "text": "For this is the Couenant that I will make with the house of Israel after those dayes, saith the Lord: I wil put my Lawes into their minde, and write them in their hearts: and I will be to them a God, and they shalbe to me a people."
            },
            {
               "verse": 11,
               "text": "And they shall not teach euery man his neighbour, and euery man his brother, saying, Know the Lord: For all shall know me, from the least to the greatest."
            },
            {
               "verse": 12,
               "text": "For I will be mercifull to their vnrighteousnes, and their sins & their iniquities will I remember no more."
            },
            {
               "verse": 13,
               "text": "In that he saith, A new Couenant, he hath made the first olde. Now that which decayeth and waxeth old, is readie to vanish away."
            }
         ]
      },
      {
         "chapter": 9,
         "verses": [
            {
               "verse": 1,
               "text": "Then verily the first Couenant had also ordinances of diuine Seruice, and a worldly Sanctuary."
            },
            {
               "verse": 2,
               "text": "For there was a Tabernacle made, the first, wherein was the Candlesticke, and the Table, and the Shewbread, which is called the Sanctuarie."
            },
            {
               "verse": 3,
               "text": "And after the second vaile, the Tabernacle which is called &thorn; Holiest of all:"
            },
            {
               "verse": 4,
               "text": "Which had the golden Censor, and the Arke of the Couenant ouerlayed round about with gold, wherein was the Golden pot that had Manna, and Aarons rod that budded, and the Tables of the Couenant."
            },
            {
               "verse": 5,
               "text": "And ouer it the Cherubims of glory shadowing the Mercyseat; of which we cannot now speake particularly."
            },
            {
               "verse": 6,
               "text": "Now when these things were thus ordained, the Priestes went alwayes into the first Tabernacle, accomplishing the seruice of God."
            },
            {
               "verse": 7,
               "text": "But into the second went the high Priest alone once euery yeere, not without blood, which he offered for himselfe, and for the errors of the people."
            },
            {
               "verse": 8,
               "text": "The holy Ghost this signifying, that the way into the Holiest of all, was not yet made manifest, while as the first Tabernacle was yet standing:"
            },
            {
               "verse": 9,
               "text": "Which was a figure for the time then present, in which were offred both gifts and sacrifices, that could not make him that did the seruice perfect, as pertayning to the conscience,"
            },
            {
               "verse": 10,
               "text": "Which stood onely in meates and drinkes, and diuers washings, and carnall ordinances imposed on them vntill the time of reformation."
            },
            {
               "verse": 11,
               "text": "But Christ being come an high Priest of good things to come, by a greater and more perfect Tabernacle, not made with hands, that is to say, not of this building:"
            },
            {
               "verse": 12,
               "text": "Neither by the blood of Goats and Calues: but by his owne blood hee entred in once into the Holy place, hauing obtained eternall redemption for vs."
            },
            {
               "verse": 13,
               "text": "For if the blood of Bulls, and of goats, and the ashes of an heifer sprinkling the vncleane, sanctifieth to the purifying of the flesh:"
            },
            {
               "verse": 14,
               "text": "How much more shall the blood of Christ, who through the eternal Spirit, offered himselfe without spot to God, purge your conscience from dead workes, to serue the liuing God?"
            },
            {
               "verse": 15,
               "text": "And for this cause hee is the Mediatour of the New Testament, that by meanes of death, for the redemption of the transgressions that were vnder the first Testament, they which are called, might receiue the promise of eternall inheritance."
            },
            {
               "verse": 16,
               "text": "For where a Testament is, there must also of necessitie bee the death of the Testatour."
            },
            {
               "verse": 17,
               "text": "For a Testament is of force after men are dead: otherwise it is of no strength at all whilest the Testatour liueth."
            },
            {
               "verse": 18,
               "text": "Whereupon, neither the first Testament was dedicated without blood."
            },
            {
               "verse": 19,
               "text": "For when Moses had spoken euery precept to all the people according to the Law, he tooke the blood of Calues and of Goates, with water and scarlet wooll, and hysope, and sprinckled both the booke and all the people,"
            },
            {
               "verse": 20,
               "text": "Saying, This is the blood of the Testament which God hath enioyned vnto you."
            },
            {
               "verse": 21,
               "text": "Moreouer, hee sprinkled with blood both the Tabernacle, and all the vessels of the Ministery."
            },
            {
               "verse": 22,
               "text": "And almost all things are by the Law purged with blood: and without shedding of blood is no remission."
            },
            {
               "verse": 23,
               "text": "It was therefore necessary that the patterns of things in the heauens should bee purified with these, but the heauenly things themselues with better sacrifices then these."
            },
            {
               "verse": 24,
               "text": "For Christ is not entred into the Holy places made with handes, which are the figures of the true, but into heauen it selfe, now to appeare in the presence of God for vs."
            },
            {
               "verse": 25,
               "text": "Nor yet that he should offer himselfe often, as the high Priest entreth into the Holy place, euery yeere with blood of others:"
            },
            {
               "verse": 26,
               "text": "For then must hee often haue suffered since the foundation of the world: but now once in the end of the world, hath he appeared to put away sinne by the sacrifice of himselfe."
            },
            {
               "verse": 27,
               "text": "And as it is appointed vnto men once to die, but after this the Iudgement:"
            },
            {
               "verse": 28,
               "text": "So Christ was once offered to beare the sinnes of many, & vnto them that looke for him shall hee appeare the second time without sinne, vnto saluation."
            }
         ]
      },
      {
         "chapter": 10,
         "verses": [
            {
               "verse": 1,
               "text": "For the Law hauing a shadow of good things to come, and not the very Image of the things, can neuer with those sacrifices which they offered yeere by yeere continually, make the commers thereunto perfect:"
            },
            {
               "verse": 2,
               "text": "For then would they not haue ceased to be offered, because that the worshippers once purged, should haue had no more conscience of sinnes?"
            },
            {
               "verse": 3,
               "text": "But in those sacrifices there is a remembrance againe made of sinnes euery yeere."
            },
            {
               "verse": 4,
               "text": "For it is not possible that the blood of Bulles and of Goats, should take away sinnes."
            },
            {
               "verse": 5,
               "text": "Wherefore when hee commeth into the world, he saith, Sacrifice and offering thou wouldest not, but a body hast thou prepared mee:"
            },
            {
               "verse": 6,
               "text": "In burnt offerings, and sacrifices for sinne thou hast had no pleasure:"
            },
            {
               "verse": 7,
               "text": "Then said I, Loe, I come. (In the volume of the booke it is written of me) to doe thy will, O God."
            },
            {
               "verse": 8,
               "text": "Aboue when hee said, Sacrifice, and offering, and burnt offerings, and offering for sinne thou wouldest not, neither hadst pleasure therein, which are offered by the Law:"
            },
            {
               "verse": 9,
               "text": "Then said he, Loe, I come to doe thy will (O God:) He taketh away the first, that he may establish the second."
            },
            {
               "verse": 10,
               "text": "By the which will wee are sanctified, through the offering of the body of Iesus Christ once for all."
            },
            {
               "verse": 11,
               "text": "And euery Priest standeth dayly ministring and offering oftentimes the same sacrifices which can neuer take away sinnes."
            },
            {
               "verse": 12,
               "text": "But this man after he had offered one sacrifice for sinnes for euer, sate downe on the right hand of God,"
            },
            {
               "verse": 13,
               "text": "From henceforth expecting till his enemies be made his footstoole."
            },
            {
               "verse": 14,
               "text": "For by one offering hee hath perfected for euer them that are sanctified."
            },
            {
               "verse": 15,
               "text": "Whereof the holy Ghost also is a witnesse to vs: for after that he had said before,"
            },
            {
               "verse": 16,
               "text": "This is the Couenant that I wil make with them after those dayes, saith the Lord: I will put my Lawes into their hearts, and in their mindes will I write them:"
            },
            {
               "verse": 17,
               "text": "And their sinnes and iniquities will I remember no more."
            },
            {
               "verse": 18,
               "text": "Now, where remission of these is, there is no more offering for sinne."
            },
            {
               "verse": 19,
               "text": "Hauing therefore, brethren, boldnesse to enter into the Holiest by the blood of Iesus,"
            },
            {
               "verse": 20,
               "text": "By a new and liuing way which hee hath consecrated for vs, through the vaile, that is to say, His flesh:"
            },
            {
               "verse": 21,
               "text": "And hauing an high Priest ouer the house of God:"
            },
            {
               "verse": 22,
               "text": "Let vs drawe neere with a true heart in full assurance of faith, hauing our hearts sprinkled from an euill conscience, and our bodies washed with pure water."
            },
            {
               "verse": 23,
               "text": "Let vs hold fast the profession of our faith without wauering (for he is faithfull that promised)"
            },
            {
               "verse": 24,
               "text": "And let vs consider one another to prouoke vnto loue, and to good workes:"
            },
            {
               "verse": 25,
               "text": "Not forsaking the assembling of our selues together, as the manner of some is: but exhorting one another, and so much the more, as ye see the day approching."
            },
            {
               "verse": 26,
               "text": "For if we sinne wilfully after that we haue receiued the knowledge of the trueth, there remaineth no more sacrifice for sinnes,"
            },
            {
               "verse": 27,
               "text": "But a certaine fearefull looking for of iudgement, and fiery indignation, which shall deuoure the aduersaries."
            },
            {
               "verse": 28,
               "text": "Hee that despised Moses Lawe, died without mercy, vnder two or three witnesses."
            },
            {
               "verse": 29,
               "text": "Of how much sorer punishment suppose ye, shall hee be thought worthy, who hath troden vnder foote &thorn; Sonne of God, and hath counted the blood of the couenant wherwith he was sanctified, an vnholy thing, and hath done despite vnto the spirit of grace?"
            },
            {
               "verse": 30,
               "text": "For we know him that hath said, Uengeance belongeth vnto me, I wil recompence, saith the Lord: and again, The Lord shall iudge his people."
            },
            {
               "verse": 31,
               "text": "It is a fearefull thing to fall into the hands of the liuing God."
            },
            {
               "verse": 32,
               "text": "But call to remembrance the former dayes, in which after yee were illuminated, ye indured a great fight of afflictions:"
            },
            {
               "verse": 33,
               "text": "Partly whilest ye were made a gazing stocke both by reproches & afflictions, and partly whilest ye became companions of them that were so vsed."
            },
            {
               "verse": 34,
               "text": "For yee had compassion of me in my bonds, and tooke ioyfully the spoyling of your goods, knowing in your selues that yee haue in heauen a better and an induring substance."
            },
            {
               "verse": 35,
               "text": "Cast not away therfore your confidence which hath great recompense of reward."
            },
            {
               "verse": 36,
               "text": "For ye haue need of patience, that shall after ye haue done the will of God ye might receiue the promise."
            },
            {
               "verse": 37,
               "text": "For yet a litle while, and he that shall come will come, and will not tary."
            },
            {
               "verse": 38,
               "text": "Now the iust shall liue by faith: but if any man drawe backe, my soule shall haue no pleasure in him."
            },
            {
               "verse": 39,
               "text": "But wee are not of them who draw backe vnto perdition: but of them that beleeue, to the sauing of the soule."
            }
         ]
      },
      {
         "chapter": 11,
         "verses": [
            {
               "verse": 1,
               "text": "Now faith is the substance of things hoped for, the euidence of things not seen."
            },
            {
               "verse": 2,
               "text": "For by it the Elders obtained a good report."
            },
            {
               "verse": 3,
               "text": "Through faith we vnderstand that the worlds were framed by the word of God, so that things which are seene were not made of things which doe appeare."
            },
            {
               "verse": 4,
               "text": "By faith Abel offered vnto God a more excellent sacrifice then Kain, by which he obtained witnes that he was righteous, God testifying of his gifts: and by it he being dead, yet speaketh."
            },
            {
               "verse": 5,
               "text": "By faith Enoch was translated, that he should not see death, and was not found, because God had translated him: For before his translation he had this testimonie, that he pleased God."
            },
            {
               "verse": 6,
               "text": "But without faith it is impossible to please him: for hee that commeth to God, must beleeue that he is, and that he is a rewarder of them that diligently seeke him."
            },
            {
               "verse": 7,
               "text": "By faith Noah being warned of God of things not seene as yet, moued with feare, prepared an Arke to the sauing of his house, by the which he condemned the world, and became heire of the righteousnesse which is by faith."
            },
            {
               "verse": 8,
               "text": "By faith Abraham when he was called to goe out into a place which hee should after receiue for an inheritance, obeyed, and he went out, not knowing whither he went."
            },
            {
               "verse": 9,
               "text": "By faith hee soiourned in the land of promise, as in a strange countrey, dwelling in tabernacles with Isaac and Iacob, the heires with him of the same promise."
            },
            {
               "verse": 10,
               "text": "For hee looked for a citie which hath foundations, whose builder and maker is God."
            },
            {
               "verse": 11,
               "text": "Through faith also Sara her selfe receiued strength to conceiue seede, and was deliuered of a child when she was past age, because she iudged him faithful who had promised."
            },
            {
               "verse": 12,
               "text": "Therfore sprang there euen of one, and him as good as dead, so many as the starres of the skie in multitude, and as the sand which is by the sea shore innumerable."
            },
            {
               "verse": 13,
               "text": "These all died in faith, not hauing receiued the promises, but hauing seene them a farre off, and were perswaded of them, and embraced them, and confessed that they were strangers and pilgrims on the earth."
            },
            {
               "verse": 14,
               "text": "For they that say such things, declare plainly that they seeke a countrey."
            },
            {
               "verse": 15,
               "text": "And truly if they had been mindfull of that countrey, from whence they came out, they might haue had opportunitie to haue returned:"
            },
            {
               "verse": 16,
               "text": "But now they desire a better countrey, that is, an heauenly: wherefore God is not ashamed to bee called their God: for he hath prepared for th&#275; a city."
            },
            {
               "verse": 17,
               "text": "By faith Abraham when he was tried, offered vp Isaac: and he that had receiued the promises, offered vp his onely begotten sonne,"
            },
            {
               "verse": 18,
               "text": "Of whom it was said, That, in Isaac shall thy seed be called:"
            },
            {
               "verse": 19,
               "text": "Accounting that God was able to raise him vp, euen from the dead: from whence also he receiued him in a figure."
            },
            {
               "verse": 20,
               "text": "By faith Isaac blessed Iacob and Esau concerning things to come."
            },
            {
               "verse": 21,
               "text": "By faith Iacob when hee was a dying, blessed both the sonnes of Ioseph, and worshipped leaning vpon the top of his staffe."
            },
            {
               "verse": 22,
               "text": "By faith, Ioseph when hee died, made mention of the departing of the children of Israel: and gaue commandement concerning his bones."
            },
            {
               "verse": 23,
               "text": "By faith; Moses when hee was borne was hid three moneths of his parents, because they saw he was a proper childe, and they not afraid of the Kings commandement."
            },
            {
               "verse": 24,
               "text": "By faith Moses when hee was come to yeeres, refused to bee called the sonne of Pharaohs daughter,"
            },
            {
               "verse": 25,
               "text": "Chusing rather to suffer affliction with the people of God, then to enioy the pleasures of sinne for a season:"
            },
            {
               "verse": 26,
               "text": "Esteeming the reproch of Christ greater riches then the treasures in Egypt: for he had respect vnto the recompense of the reward."
            },
            {
               "verse": 27,
               "text": "By faith hee forsooke Egypt, not fearing the wrath of the king: for he indured, as seeing him who is inuisible."
            },
            {
               "verse": 28,
               "text": "Through faith he kept the Passeouer, and the sprinkling of blood, lest he that destroyed the first borne, should touch them."
            },
            {
               "verse": 29,
               "text": "By faith they passed through the red sea, as by drie land: which the Egyptians assaying to do, were drowned."
            },
            {
               "verse": 30,
               "text": "By faith the walles of Iericho fell downe, after they were compassed about seuen dayes."
            },
            {
               "verse": 31,
               "text": "By faith the harlot Rahab perished not with them that beleeued not, when shee had receiued the spies with peace."
            },
            {
               "verse": 32,
               "text": "And what shall I more say? for the time would faile mee to tell of Gideon, and of Barak, and of Sampson, and of Iephthah, of Dauid also and Samuel, and of the Prophets:"
            },
            {
               "verse": 33,
               "text": "Who through faith subdued kingdomes, wrought righteousnesse, obteined promises, stopped the mouthes of Lions,"
            },
            {
               "verse": 34,
               "text": "Quenched the violence of fire, escaped the edge of the sword, out of weakenesse were made strong, waxed valiant in fight, turned to flight the armies of the aliens."
            },
            {
               "verse": 35,
               "text": "Women receiued their dead raised to life againe: and others were tortured, not accepting deliuerance, that they might obtaine a better resurrection."
            },
            {
               "verse": 36,
               "text": "And others had triall of cruell mockings and scourgings, yea moreouer, of bonds and imprisonment."
            },
            {
               "verse": 37,
               "text": "They were stoned, they were sawen asunder, were tempted, were slaine with the sword: they wandered about in sheepskinnes, and goat skins, being destitute, afflicted, tormented."
            },
            {
               "verse": 38,
               "text": "Of whome the world was not worthy: they wandered in deserts, and in mountains, and in dennes and caues of the earth."
            },
            {
               "verse": 39,
               "text": "And these all hauing obtained a good report through faith, receiued not the promise:"
            },
            {
               "verse": 40,
               "text": "God hauing prouided some better thing for vs, that they without vs, should not be made perfect."
            }
         ]
      },
      {
         "chapter": 12,
         "verses": [
            {
               "verse": 1,
               "text": "Wherefore, seeing wee also are compassed about with so great a cloude of witnesses, let vs lay aside euery weight, & the sinne which doth so easily beset vs, and let vs runne with patience vnto the race that is set before vs,"
            },
            {
               "verse": 2,
               "text": "Looking vnto Iesus the Authour and finisher of our faith, who for the ioy that was set before him, endured the crosse, despising the shame, and is set down at the right hand of the throne of God."
            },
            {
               "verse": 3,
               "text": "For consider him that indured such contradiction of sinners against himselfe, lest ye be wearied and faint in your mindes."
            },
            {
               "verse": 4,
               "text": "Yee haue not yet resisted vnto blood, striuing against sinne."
            },
            {
               "verse": 5,
               "text": "And ye haue forgotten the exhortation which speaketh vnto you as vnto children, My sonne, despise not thou the chastening of the Lord, nor faint when thou art rebuked of him."
            },
            {
               "verse": 6,
               "text": "For whome the Lord loueth hee chasteneth, and scourgeth euery sonne whom he receiueth."
            },
            {
               "verse": 7,
               "text": "If yee endure chastening, God dealeth with you as with sonnes: for what sonne is he whom the father chasteneth not?"
            },
            {
               "verse": 8,
               "text": "But if ye be without chastisement, whereof all are partakers, then are ye bastards, and not sonnes."
            },
            {
               "verse": 9,
               "text": "Furthermore, wee haue had fathers of our flesh, which corrected vs, and we gaue them reuerence: shall we not much rather bee in subiection vnto the Father of Spirits, and liue?"
            },
            {
               "verse": 10,
               "text": "For they verily for a fewe dayes chastened vs after their owne pleasure, but hee for our profit, that we might bee partakers of his holinesse."
            },
            {
               "verse": 11,
               "text": "Now no chastening for the present seemeth to be ioyous, but grieuous: neuerthelesse, afterward it yeeldeth the peaceable fruite of righteousnesse, vnto them which are exercised thereby."
            },
            {
               "verse": 12,
               "text": "Wherefore lift vp the handes which hang downe, and the feeble knees."
            },
            {
               "verse": 13,
               "text": "And make straight paths for your feete, lest that which is lame bee turned out of the way, but let it rather bee healed."
            },
            {
               "verse": 14,
               "text": "Followe peace with all men, and holinesse, without which no man shall see the Lord:"
            },
            {
               "verse": 15,
               "text": "Looking diligently, lest any man faile of the grace of God, lest any roote of bitternesse springing vp, trouble you, and thereby many be defiled:"
            },
            {
               "verse": 16,
               "text": "Lest there bee any fornicatour, or profane person, as Esau, who for one morsell of meat sold his birthright."
            },
            {
               "verse": 17,
               "text": "For yee know how that afterward when hee would haue inherited the blessing, hee was reiected: for hee found no place of repentance, though he sought it carefully with teares."
            },
            {
               "verse": 18,
               "text": "For yee are not come vnto the mount that might be touched, and that burned with fire, nor vnto blacknesse, and darknes, and tempest,"
            },
            {
               "verse": 19,
               "text": "And the sound of a trumpet, and the voyce of wordes, which voyce they that heard, entreated that the word should not bee spoken to them any more."
            },
            {
               "verse": 20,
               "text": "For they could not indure that which was commaunded: And if so much as a beast touch the Mountaine, it shall be stoned, or thrust thorow with a dart."
            },
            {
               "verse": 21,
               "text": "And so terrible was the sight, that Moses sayde, I exceedingly feare, and quake."
            },
            {
               "verse": 22,
               "text": "But ye are come vnto mount Sion, and vnto the citie of the liuing God the heauenly Ierusalem, and to an innumerable company of Angels:"
            },
            {
               "verse": 23,
               "text": "To the generall assembly, and Church of the first borne which are written in heauen, and to God the Iudge of all, and to the spirits of iust men made perfect:"
            },
            {
               "verse": 24,
               "text": "And to Iesus the mediatour of the new Couenant, and to the blood of sprinckling, that speaketh better things then that of Abel."
            },
            {
               "verse": 25,
               "text": "See that yee refuse not him that speaketh: for if they escaped not who refused him that spake on earth, much more shall not we escape if wee turne away from him that speaketh from heauen."
            },
            {
               "verse": 26,
               "text": "Whose voice then shooke the earth, but now he hath promised, saying, Yet once more I shake not the earth onely, but also heauen."
            },
            {
               "verse": 27,
               "text": "And this word Yet once more, signifieth the remouing of those things that are shaken, as of things that are made, that those things which cannot be shaken may remaine."
            },
            {
               "verse": 28,
               "text": "Wherefore wee receiuing a kingdome which cannot bee moued, let vs haue grace, whereby wee may serue God acceptably, with reuerence and godly feare."
            },
            {
               "verse": 29,
               "text": "For our God is a consuming fire."
            }
         ]
      },
      {
         "chapter": 13,
         "verses": [
            {
               "verse": 1,
               "text": "Let brotherly loue continue."
            },
            {
               "verse": 2,
               "text": "Bee not forgetfull to entertaine strangers, for thereby some haue entertayned Angels vnawares."
            },
            {
               "verse": 3,
               "text": "Remember them that are in bonds, as bound with them; and them which suffer aduersitie, as being your selues also in the body."
            },
            {
               "verse": 4,
               "text": "Mariage is honorable in all, and the bed vndefiled: but whoremongers, and adulterers God will iudge."
            },
            {
               "verse": 5,
               "text": "Let your conuersation bee without couetousnesse: and be content with such things as yee haue. For hee hath said, I will neuer leaue thee, nor forsake thee."
            },
            {
               "verse": 6,
               "text": "So that wee may boldly say, The Lord is my helper, and I will not feare what man shall doe vnto me."
            },
            {
               "verse": 7,
               "text": "Remember them which haue the rule ouer you, who haue spoken vnto you the word of God, whose faith follow, considering the end of their conuersation."
            },
            {
               "verse": 8,
               "text": "Iesus Christ the same yesterday, and to day, and for euer."
            },
            {
               "verse": 9,
               "text": "Be not caried about with diuers and strange doctrines: for it is a good thing that the heart be established with grace, not with meates, which haue not profited them that haue beene occupied therein."
            },
            {
               "verse": 10,
               "text": "Wee haue an altar whereof they haue no right to eate, which serue the Tabernacle."
            },
            {
               "verse": 11,
               "text": "For the bodies of those beasts, whose blood is brought into the Sanctuary by the high Priest for sinne, are burnt without the campe."
            },
            {
               "verse": 12,
               "text": "Wherefore Iesus also, that hee might sanctifie the people with his own blood, suffered without the gate."
            },
            {
               "verse": 13,
               "text": "Let vs goe foorth therefore vnto him without the campe, bearing his reproch."
            },
            {
               "verse": 14,
               "text": "For here haue we no continuing citie, but we seeke one to come."
            },
            {
               "verse": 15,
               "text": "By him therefore let vs offer the sacrifice of praise to God continually, that is, the fruit of our lippes, giuing thankes to his Name."
            },
            {
               "verse": 16,
               "text": "But to doe good, and to communicate forget not, for with such sacrifices God is well pleased."
            },
            {
               "verse": 17,
               "text": "Obey them that haue the rule ouer you, and submit your selues: for they watch for your soules, as they that must giue account, that they may doe it with ioy, and not with griefe: for that is vnprofitable for you."
            },
            {
               "verse": 18,
               "text": "Pray for vs: for we trust wee haue a good conscience in all things, willing to liue honestly."
            },
            {
               "verse": 19,
               "text": "But I beseech you the rather to doe this, that I may be restored to you the sooner."
            },
            {
               "verse": 20,
               "text": "Now the God of peace, that brought againe from the dead our Lord Iesus, that great shepheard of the sheepe, through the blood of the euerlasting Couenant,"
            },
            {
               "verse": 21,
               "text": "Make you perfect in euery good worke to doe his will, working in you that which is well pleasing in his sight, through Iesus Christ, to whom be glorie for euer and euer. Amen."
            },
            {
               "verse": 22,
               "text": "And I beseech you brethren, suffer the word of exhortation, for I haue written a letter vnto you in few words."
            },
            {
               "verse": 23,
               "text": "Know yee, that our brother Timothie is set at libertie, with whom if he come shortly, I will see you."
            },
            {
               "verse": 24,
               "text": "Salute all them that haue the rule ouer you, and al the Saints. They of Italy salute you."
            },
            {
               "verse": 25,
               "text": "Grace be with you all. Amen."
            }
         ]
      }
   ]
}