{
   "book": "James",
   "chapter-count": "5",
   "chapters": [
      {
         "chapter": 1,
         "verses": [
            {
               "verse": 1,
               "text": "Iames a seruant of God, and of the Lord Iesus Christ, to the twelue Tribes which are scattered abroad, greeting."
            },
            {
               "verse": 2,
               "text": "My brethren, count it all ioy when ye fall into diuers temptations,"
            },
            {
               "verse": 3,
               "text": "Knowing this, that the trying of your faith worketh patience,"
            },
            {
               "verse": 4,
               "text": "But let patience haue her perfect worke, that ye may be perfect, and entier, wanting nothing."
            },
            {
               "verse": 5,
               "text": "If any of you lacke wisedome, let him aske of God, that giueth to all men liberally, and vpbraideth not: and it shalbe giuen him."
            },
            {
               "verse": 6,
               "text": "But let him aske in faith, nothing wauering: for he that wauereth is like a waue of the sea, driuen with the wind, and tossed."
            },
            {
               "verse": 7,
               "text": "For let not that man thinke that he shall receiue any thing of the Lord."
            },
            {
               "verse": 8,
               "text": "A double minded man is vnstable in all his wayes."
            },
            {
               "verse": 9,
               "text": "Let the brother of low degree, reioyce in that he is exalted:"
            },
            {
               "verse": 10,
               "text": "But the rich, in that hee is made low: because as the floure of the grasse he shall passe away."
            },
            {
               "verse": 11,
               "text": "For the Sunne is no sooner risen with a burning heate, but it withereth the grasse; and the flowre thereof falleth, and the grace of the fashion of it perisheth: so also shall the rich man fade away in his wayes."
            },
            {
               "verse": 12,
               "text": "Blessed is the man that endureth temptation: for when hee is tried, hee shall receiue the crowne of life, which the Lord hath promised to them that loue him."
            },
            {
               "verse": 13,
               "text": "Let no man say when he is tempted, I am tempted of God: for God cannot be tempted with euill, neither tempteth he any man."
            },
            {
               "verse": 14,
               "text": "But euery man is tempted, when hee is drawen away of his owne lust, and entised."
            },
            {
               "verse": 15,
               "text": "Then when lust hath conceiued, it bringeth forth sinne: and sinne, when it is finished, bringeth forth death."
            },
            {
               "verse": 16,
               "text": "Doe not erre, my beloued brethren."
            },
            {
               "verse": 17,
               "text": "Euery good gift, and euery perfect gift is from aboue, & commeth downe from the Father of lights, with whom is no variablenesse, neither shadow of turning."
            },
            {
               "verse": 18,
               "text": "Of his owne will begate hee vs, with the word of Trueth, that wee should bee a kinde of first fruites of his creatures."
            },
            {
               "verse": 19,
               "text": "Wherefore my beloued brethren, let euery man bee swift to heare, slow to speake, slow to wrath."
            },
            {
               "verse": 20,
               "text": "For the wrath of man worketh not the righteousnesse of God."
            },
            {
               "verse": 21,
               "text": "Wherefore lay apart all filthinesse, and superfluitie of naughtinesse, & receiue with meeknesse the engrafted word, which is able to saue your soules."
            },
            {
               "verse": 22,
               "text": "But be ye doers of the word, and not hearers onely, receiuing your owne selues."
            },
            {
               "verse": 23,
               "text": "For if any be a hearer of the word and not a doer, he is like vnto a man beholding his naturall face in a glasse:"
            },
            {
               "verse": 24,
               "text": "For hee beholdeth himselfe, and goeth his way, and straightway forgetteth what maner of man he was."
            },
            {
               "verse": 25,
               "text": "But who so looketh into the perfect Law of libertie, and continueth therein, he being not a forgetfull hearer, but a doer of the worke, this man shall be blessed in his deed."
            },
            {
               "verse": 26,
               "text": "If any man among you seeme to be religious, & bridleth not his tongue, but deceiueth his owne heart, this mans religion is vaine."
            },
            {
               "verse": 27,
               "text": "Pure religion and vndefiled before God and the Facher, is this, to visit the fatherlesse and widowes in their affliction, and to keepe himselfe vnspotted from the world."
            }
         ]
      },
      {
         "chapter": 2,
         "verses": [
            {
               "verse": 1,
               "text": "My brethren, haue not the faith of our Lord Iesus Christ the Lord of glorie, with respect of persons."
            },
            {
               "verse": 2,
               "text": "For if there come vnto your assembly a man with a gold ring, in goodly apparel, and there come in also a poore man, in vile raiment:"
            },
            {
               "verse": 3,
               "text": "And yee haue respect to him that weareth the gay clothing, and say vnto him, Sit thou here in a good place: and say to the poore, Stand thou there, or sit here vnder my footstoole:"
            },
            {
               "verse": 4,
               "text": "Are yee not then partiall in your selues, and are become iudges of euill thoughts?"
            },
            {
               "verse": 5,
               "text": "Hearken, my beloued brethren, Hath not God chosen the poore of this world, rich in faith, and heires of the kingdome, which hee hath promised to them that loue him?"
            },
            {
               "verse": 6,
               "text": "But yee haue despised the poore. Doe not rich men oppresse you, and draw you before the Iudgement seats?"
            },
            {
               "verse": 7,
               "text": "Doe not they blaspheme that worthy Name, by the which ye are called?"
            },
            {
               "verse": 8,
               "text": "If ye fulfil the royall Law, according to the Scripture, Thou shalt loue thy neighbour as thy selfe, ye doe well."
            },
            {
               "verse": 9,
               "text": "But if ye haue respect to persons, ye commit sinne, and are conuinced of the Law, as transgressours."
            },
            {
               "verse": 10,
               "text": "For whosoeuer shall keepe the whole Law, & yet offend in one point, he is guilty of all."
            },
            {
               "verse": 11,
               "text": "For he that said, Doe not commit adultery; sayd also, Do not kill. Now if thou commit no adultery, yet if thou kill, thou art become a transgressour of the Law."
            },
            {
               "verse": 12,
               "text": "So speake ye, and so doe, as they that shall bee iudged by the Law of libertie."
            },
            {
               "verse": 13,
               "text": "For he shall haue iudgement without mercie, that hath shewed no mercy, & mercie reioyceth against iudgement."
            },
            {
               "verse": 14,
               "text": "What doth it profit, my brethren, though a man say hee hath faith, and haue not workes? can faith saue him?"
            },
            {
               "verse": 15,
               "text": "If a brother or sister be naked, and destitute of dayly foode,"
            },
            {
               "verse": 16,
               "text": "And one of you say vnto them, Depart in peace, be you warmed & filled: notwithstanding ye giue them not those things which are needfull to the body: what doth it profit?"
            },
            {
               "verse": 17,
               "text": "Euen so faith, if it hath not works, is dead being alone."
            },
            {
               "verse": 18,
               "text": "Yea, a man may say, Thou hast faith, and I haue workes: shew mee thy faith without thy workes, and I will shew thee my faith by my workes."
            },
            {
               "verse": 19,
               "text": "Thou beleeuest that there is one God, thou doest well: the deuils also beleeue, and tremble."
            },
            {
               "verse": 20,
               "text": "But wilt thou knowe, O vaine man, that faith without workes is dead?"
            },
            {
               "verse": 21,
               "text": "Was not Abraham our father iustified by works, when hee had offered Isaac his sonne vpon the altar?"
            },
            {
               "verse": 22,
               "text": "Seest thou how faith wrought with his works, and by works was faith made perfect?"
            },
            {
               "verse": 23,
               "text": "And the Scripture was fullfiled which saith, Abraham beleeued God, and it was imputed vnto him for righteousnes: and he was called the friend of God."
            },
            {
               "verse": 24,
               "text": "Ye see then, how that by workes a man is iustified, and not by faith only."
            },
            {
               "verse": 25,
               "text": "Likewise also, was not Rahab the harlot iustified by works, when she had receiued the messengers, and had sent them out another way?"
            },
            {
               "verse": 26,
               "text": "For as the body without the spirit is dead, so faith without workes is dead also."
            }
         ]
      },
      {
         "chapter": 3,
         "verses": [
            {
               "verse": 1,
               "text": "My brethren, bee not many masters, knowing that we shall receiue the greater condemnation."
            },
            {
               "verse": 2,
               "text": "For in many things we offend all. If any man offend not in word, the same is a perfect man, and able also to bridle the whole body."
            },
            {
               "verse": 3,
               "text": "Behold, we put bittes in the horses mouthes, that they may obey vs, and we turne about their whole body."
            },
            {
               "verse": 4,
               "text": "Behold also the ships, which though they be so great, and are driuen of fierce windes, yet are they turned about with a very small helme, whithersoeuer the gouernour listeth."
            },
            {
               "verse": 5,
               "text": "Euen so the tongue is a little member, and boasteth great things: behold, how great a matter a litle fire kindleth."
            },
            {
               "verse": 6,
               "text": "And the tongue is a fire, a world of iniquitie: so is the tongue amongst our members, that it defileth the whole body, and setteth on fire the course of nature, and it is set on fire of hell."
            },
            {
               "verse": 7,
               "text": "For euery kind of beasts, and of birds, and of serpents, and things in the sea, is tamed, and hath been tamed of mankind."
            },
            {
               "verse": 8,
               "text": "But the tongue can no man tame, it is an vnruly euill, ful of deadly poyson."
            },
            {
               "verse": 9,
               "text": "Therewith blesse wee God, euen the Father: and therewith curse wee men, which are made after the similitude of God."
            },
            {
               "verse": 10,
               "text": "Out of the same mouth proceedeth blessing and cursing: my brethren, these things ought not so to be."
            },
            {
               "verse": 11,
               "text": "Doeth a fountaine send foorth at the same place sweet water and bitter?"
            },
            {
               "verse": 12,
               "text": "Can &thorn; figtree, my brethren, beare oliue berries? either a vine, figs? so can no fountaine both yeeld salt water & fresh."
            },
            {
               "verse": 13,
               "text": "Who is a wise man and indued with knowledge amongst you? let him shew out of a good conuersation his workes with meekenes of wisedome."
            },
            {
               "verse": 14,
               "text": "But if ye haue bitter enuying and strife in your hearts glory not, and lie not against the trueth."
            },
            {
               "verse": 15,
               "text": "This wisedome descendeth not from aboue, but is earthly, sensuall, deuilish."
            },
            {
               "verse": 16,
               "text": "For where enuying and strife is, there is confusion, and euery euill worke."
            },
            {
               "verse": 17,
               "text": "But the wisedome that is from aboue, is first pure, then peaceable, gentle, and easie to be intreated, full of mercy, and good fruits, without partialitie, and without hypocrisie."
            },
            {
               "verse": 18,
               "text": "And the fruit of righteousnesse is sowen in peace, of them that make peace."
            }
         ]
      },
      {
         "chapter": 4,
         "verses": [
            {
               "verse": 1,
               "text": "From whence come warres and fightings among you? come they not hence, euen of your lusts, that warre in your members?"
            },
            {
               "verse": 2,
               "text": "Ye lust, and haue not: yee kill, and desire to haue, and cannot obtaine: yee fight and warre, yet yee haue not, because ye aske not."
            },
            {
               "verse": 3,
               "text": "Ye aske and receiue not, because ye aske amisse, that yee may consume it vpon your lusts."
            },
            {
               "verse": 4,
               "text": "Ye adulterers, and adulteresses, know yee not that the friendship of the world is enmity with God? whosoeuer therefore will be a friend of the world, is the enemy of God."
            },
            {
               "verse": 5,
               "text": "Doe ye thinke that the Scripture saith in vaine, the spirit that dwelleth in vs lusteth to enuy?"
            },
            {
               "verse": 6,
               "text": "But he giueth more grace, wherefore he saith, God resisteth the proude, but giueth grace vnto the humble."
            },
            {
               "verse": 7,
               "text": "Submit your selues therefore to God: resist the deuill, and hee will flee from you."
            },
            {
               "verse": 8,
               "text": "Draw nigh to God, and hee will draw nigh to you: cleanse your hands ye sinners, and purifie your hearts yee double minded."
            },
            {
               "verse": 9,
               "text": "Bee afflicted, and mourne, and weepe: let your laughter be turned to mourning, and your ioy to heauinesse."
            },
            {
               "verse": 10,
               "text": "Humble your selues in the sight of the Lord, and he shall lift you vp."
            },
            {
               "verse": 11,
               "text": "Speake not euill one of another (brethren:) he that speaketh euill of his brother, and iudgeth his brother, speaketh euill of the Law, and iudgeth the Law: but if thou iudge the Law, thou art not a doer of the Law, but a iudge."
            },
            {
               "verse": 12,
               "text": "There is one Lawgiuer, who is able to saue, and to destroy: who art thou that iudgest another?"
            },
            {
               "verse": 13,
               "text": "Goe to now ye that say, To day or to morrow wee will goe into such a city and continue there a yere, and buy, and sell, and get gaine:"
            },
            {
               "verse": 14,
               "text": "Whereas yee know not what shalbe on the morow: for what is your life? It is euen a vapour that appeareth for a litle time, and then vanisheth away."
            },
            {
               "verse": 15,
               "text": "For that yee ought to say, if the Lord will, we shall liue, and doe this, or that."
            },
            {
               "verse": 16,
               "text": "But now yee reioyce in your boastings: all such reioycing is euill."
            },
            {
               "verse": 17,
               "text": "Therefore to him that knoweth to doe good, and doth it not, to him it is sinne."
            }
         ]
      },
      {
         "chapter": 5,
         "verses": [
            {
               "verse": 1,
               "text": "Goe to now, yee rich men, weepe and howle for your miseries that shall come vpon you."
            },
            {
               "verse": 2,
               "text": "Your riches are corrupted, and your garments motheaten:"
            },
            {
               "verse": 3,
               "text": "Your gold and siluer is cankered, and the rust of them shall bee a witnesse against you, and shall eate your flesh as it were fire: ye haue heaped treasure together for the last dayes."
            },
            {
               "verse": 4,
               "text": "Beholde, the hire of the labourers which haue reaped downe your fieldes, which is of you kept backe by fraud, cryeth: and the cryes of them which haue reaped, are entred into the eares of the Lord of Sabaoth."
            },
            {
               "verse": 5,
               "text": "Yee haue liued in pleasure on the earth, and bene wanton: ye haue nourished your hearts, as in a day of slaughter:"
            },
            {
               "verse": 6,
               "text": "Yee haue condemned, and killed the iust, and he doth not resist you."
            },
            {
               "verse": 7,
               "text": "Be patient therefore, brethren, vnto the comming of the Lord: behold, the husbandman waiteth for the precious fruit of the earth, and hath long patience for it, vntill hee receiue the early and latter raine."
            },
            {
               "verse": 8,
               "text": "Be yee also patient; stablish your hearts: for the comming of the Lorde draweth nigh."
            },
            {
               "verse": 9,
               "text": "Grudge not one against another, brethren, lest ye be condemned: behold, the Iudge standeth before the doore."
            },
            {
               "verse": 10,
               "text": "Take, my brethren, the Prophets, who haue spoken in the Name of the Lord, for an example of suffering affliction, and of patience."
            },
            {
               "verse": 11,
               "text": "Beholde, wee count them happie which endure. Ye haue heard of the patience of Iob, and haue seene the end of the Lord: that the Lord is very pitifull and of tender mercie."
            },
            {
               "verse": 12,
               "text": "But aboue all things, my brethren, sweare not, neither by heauen, neither by the earth, neither by any other othe: but let your yea, be yea, and your nay, nay: lest yee fall into condemnation."
            },
            {
               "verse": 13,
               "text": "Is any among you afflicted? let him pray. Is any merry? let him sing Psalmes."
            },
            {
               "verse": 14,
               "text": "Is any sicke among you? let him call for the Elders of the Church, and let them pray ouer him, anointing him with oyle in the Name of the Lord:"
            },
            {
               "verse": 15,
               "text": "And the prayer of Faith shall saue the sicke, and the Lord shall raise him vp: and if hee haue committed sinnes, they shall be forgiuen him."
            },
            {
               "verse": 16,
               "text": "Confesse your faults one to another, and pray one for another, that yee may bee healed: the effectuall feruent prayer of a righteous man auaileth much."
            },
            {
               "verse": 17,
               "text": "Elias was a man subiect to like passions as we are, and he prayed earnestly that it might not raine: and it rained not on the earth by the space of three yeeres and sixe monethes."
            },
            {
               "verse": 18,
               "text": "And hee prayed againe, and the heauen gaue raine, and the earth brought foorth her fruit."
            },
            {
               "verse": 19,
               "text": "Brethren, if any of you doe erre from the trueth, and one conuert him,"
            },
            {
               "verse": 20,
               "text": "Let him know, that hee which conuerteth the sinner from the errour of his way, shall saue a soule from death, and shall hide a multitude of sinnes."
            }
         ]
      }
   ]
}