{
   "book": "Jude",
   "chapter-count": "1",
   "chapters": [
      {
         "chapter": 1,
         "verses": [
            {
               "verse": 1,
               "text": "Iude the seruant of Iesus Christ, and brother of Iames, to them that are sanctified by God the Father, and preserued in Iesus Christ, & called:"
            },
            {
               "verse": 2,
               "text": "Mercie vnto you, and peace, and loue be multiplied."
            },
            {
               "verse": 3,
               "text": "Beloued, when I gaue all diligence to write vnto you of the common saluation: it was needfull for mee to write vnto you, and exhort you that ye should earnestly contend for the faith which was once deliuered vnto the Saints."
            },
            {
               "verse": 4,
               "text": "For there are certaine men crept in vnawares, who were before of olde ordained to this condemnation, vngodly men, turning the grace of our God into lasciuiousnesse, and denying the onely Lord God, & our Lord Iesus Christ."
            },
            {
               "verse": 5,
               "text": "I will therefore put you in remembrance, though ye once knew this, how that the Lord hauing saued the people out of the land of Egypt afterward destroied them that beleeued not."
            },
            {
               "verse": 6,
               "text": "And the Angels which kept not their first estate, but left their own habitation, he hath reserued in euerlasting chaines vnder darkenesse, vnto the iudgement of the great day."
            },
            {
               "verse": 7,
               "text": "Euen as Sodom and Gomorrha, and the cities about them, in like maner giuing themselues ouer to fornication, and going after strange flesh, are set forth for an example, suffring the vengeance of eternall fire."
            },
            {
               "verse": 8,
               "text": "Likewise also these filthy dreamers defile the flesh, despise dominion, and speake euill of dignities."
            },
            {
               "verse": 9,
               "text": "Yet Michael the Archangel, when contending with the deuill, he disputed about the body of Moses, durst not bring against him a railing accusation, but said, The Lord rebuke thee."
            },
            {
               "verse": 10,
               "text": "But these speake euill of those things, which they know not: but what they knowe naturally, as brute beastes, in those things they corrupt themselues."
            },
            {
               "verse": 11,
               "text": "Wo vnto them, for they haue gone in the way of Kain, and ranne greedily after the errour of Balaam, for reward, and perished in the gainsaying of Core."
            },
            {
               "verse": 12,
               "text": "These are spottes in your feasts of charitie, when they feast with you, feeding themselues without feare: cloudes they are without water, caried about of winds, trees whose fruit withereth, without fruit, twise dead, plucked vp by the rootes."
            },
            {
               "verse": 13,
               "text": "Raging waues of the sea, foming out their owne shame, wandring stars, to whom is reserued the blacknesse of darkenesse for euer."
            },
            {
               "verse": 14,
               "text": "And Enoch also, the seuenth from Adam, prophesied of these, saying, Behold, the Lord commeth with ten thousands of his Saints,"
            },
            {
               "verse": 15,
               "text": "To execute iudgement vpon all, and to conuince all that are vngodly among them, of all their vngodly deeds which they haue vngodly committed, and of all their heard speaches, which vngodly sinners haue spoken against him."
            },
            {
               "verse": 16,
               "text": "These are murmurers complainers, walking after their owne lustes, and their mouth speaketh great swelling wordes, hauing mens persons in admiration because of aduantage."
            },
            {
               "verse": 17,
               "text": "But beloued, remember yee the words, which were spoken before of the Apostles of our Lord Iesus Christ:"
            },
            {
               "verse": 18,
               "text": "How that they tolde you there should be mockers in the last time, who should walke after their own vngodly lustes."
            },
            {
               "verse": 19,
               "text": "These be they who separate themselues, sensual, hauing not the spirit."
            },
            {
               "verse": 20,
               "text": "But yee beloued, building vp your selues on your most holy faith, praying in the holy Ghost,"
            },
            {
               "verse": 21,
               "text": "Keepe your selues in the loue of God, looking for the mercy of our Lord Iesus Christ vnto eternall life."
            },
            {
               "verse": 22,
               "text": "And of some haue compassion, making a difference:"
            },
            {
               "verse": 23,
               "text": "And others saue with feare, pulling them out of the fire: hating euen the garment spotted by the flesh."
            },
            {
               "verse": 24,
               "text": "Now vnto him that is able to keepe you from falling, and to present you faultlesse before the presence of his glory with exceeding ioy,"
            },
            {
               "verse": 25,
               "text": "To the onely wise God our Sauiour, be glory and maiestie, dominion and power, now and euer. Amen."
            }
         ]
      }
   ]
}