{
   "book": "Lamentations",
   "chapter-count": "5",
   "chapters": [
      {
         "chapter": 1,
         "verses": [
            {
               "verse": 1,
               "text": "How doeth the citie sit solitarie that was full of people? How is she become as a widow? She that was great among the nations, and princesse among the prouinces, how is she become tributarie?"
            },
            {
               "verse": 2,
               "text": "Shee weepeth sore in the night, and her teares are on her cheekes: among all her louers she hath none to comfort her, all her friends haue dealt treacherously with her, they are become her enemies."
            },
            {
               "verse": 3,
               "text": "Iudah is gone into captiuitie, because of affliction, and because of great seruitude: she dwelleth among the heathen, she findeth no rest: all her persecutors ouertook her betweene the straits."
            },
            {
               "verse": 4,
               "text": "The wayes of Zion do mourne, because none come to the solemne feasts: all her gates are desolate: her priests sigh: her virgins are afflicted, and she is in bitternesse."
            },
            {
               "verse": 5,
               "text": "Her aduersaries are the chiefe, her enemies prosper: for the Lord hath afflicted her; for the multitude of her transgressions, her children are gone into captiuitie before the enemie."
            },
            {
               "verse": 6,
               "text": "And from the daughter of Zion all her beautie is departed: her princes are become like Harts that find no pasture, & they are gone without strength before the pursuer."
            },
            {
               "verse": 7,
               "text": "Ierusalem remembred in the dayes of her affliction, and of her miseries, all her pleasant things that she had in the dayes of old, when her people fell into the hand of the enemie, and none did helpe her, the aduersaries saw her, and did mocke at her Sabbaths."
            },
            {
               "verse": 8,
               "text": "Ierusalem hath grieuously sinned, therefore she is remoued: all that honoured her, despise her, because they haue seene her nakednesse: yea, shee sigheth and turneth backward."
            },
            {
               "verse": 9,
               "text": "Her filthines is in her skirts, she remembreth not her last end, therfore she came downe wonderfully: shee had no comforter: O Lord, behold my affliction: for &thorn; enemie hath magnified himselfe."
            },
            {
               "verse": 10,
               "text": "The aduersarie hath spread out his hand vpon all her pleasant things: for she hath seene that the heathen entred into her Sanctuarie, whom thou didst command that they should not enter into thy congregation."
            },
            {
               "verse": 11,
               "text": "All her people sigh, they seek bread, they haue giuen their pleasant things for meate to relieue the soule: see, O Lord, & consider: for I am become vile."
            },
            {
               "verse": 12,
               "text": "¶ Is it nothing to you, all ye that passe by? Behold and see, if there be any sorow like vnto my sorowe, which is done vnto me, wherewith the Lord hath afflicted me, in the day of his fierce anger."
            },
            {
               "verse": 13,
               "text": "From aboue hath he sent fire into my bones, and it preuaileth against them: he hath spread a net for my feete, he hath turned me backe: he hath made me desolate, and faint all the day."
            },
            {
               "verse": 14,
               "text": "The yoke of my transgressions is bound by his hand: they are wreathed, and come vp vpon my necke: he hath made my strength to fall, the Lord hath deliuered me into their hands, from whom I am not able to rise vp."
            },
            {
               "verse": 15,
               "text": "The Lord hath troden vnder foot all my mightie men in the midst of me: he hath called an assembly against mee, to crush my yong men. The Lord hath troden the virgine, the daughter of Iudah, as in a wine presse."
            },
            {
               "verse": 16,
               "text": "For these things I weepe, mine eye, mine eye runneth downe with water, because the comforter that should relieue my soule is farre from me: my children are desolate, because the enemy preuailed."
            },
            {
               "verse": 17,
               "text": "Zion spreadeth forth her hands, and there is none to comfort her: the Lord hath commanded concerning Iacob, that his aduersaries should bee round about him: Ierusalem is as a menstruous woman among them."
            },
            {
               "verse": 18,
               "text": "¶ The Lord is righteous, for I haue rebelled against his commandement: heare, I pray you, all people, and behold my sorow: my virgins and my yong men are gone into captiuitie."
            },
            {
               "verse": 19,
               "text": "I called for my louers, but they deceiued me: my priests and mine elders gaue vp the ghost in the citie, while they sought their meat to relieue their soules"
            },
            {
               "verse": 20,
               "text": "Behold, O Lord: for I am in distresse: my bowels are troubled: mine heart is turned within mee, for I haue grieuously rebelled: abroad the sword bereaueth, at home there is as death."
            },
            {
               "verse": 21,
               "text": "They haue heard that I sigh, there is none to comfort me: all mine enemies haue heard of my trouble, they are glad that thou hast done it: thou wilt bring the day that thou hast called, and they shall be like vnto me."
            },
            {
               "verse": 22,
               "text": "Let all their wickednes come before thee: and doe vnto them, as thou hast done vnto me for all my transgressions: for my sighes are many, and my heart is faint."
            }
         ]
      },
      {
         "chapter": 2,
         "verses": [
            {
               "verse": 1,
               "text": "How hath the Lord couered the daughter of Zion with a cloud, in his anger, and cast downe from heauen vnto the earth the beautie of Israel, and remembred not his footstoole in the day of his anger?"
            },
            {
               "verse": 2,
               "text": "The Lord hath swallowed vp all the habitations of Iacob, and hath not pitied: he hath throwen downe in his wrath the strong holds of the daughter of Iudah: he hath brought them down to the ground: hee hath polluted the kingdome and the princes thereof."
            },
            {
               "verse": 3,
               "text": "He hath cut off in his fierce anger all the horne of Israel: he hath drawen backe his right hand from before the enemy, and he burned against Iacob like a flaming fire which deuoureth round about."
            },
            {
               "verse": 4,
               "text": "He hath bent his bow like an enemy: he stood with his right hand as an aduersary, and slew all that were pleasant to the eye, in the tabernacle of the daughter of Zion: he powred out his furie like fire."
            },
            {
               "verse": 5,
               "text": "The Lord was an enemie: he hath swallowed vp Israel, hee hath swallowed vp all her palaces: he hath destroyed his strong holds, and hath increased in the daughter of Iudah mourning and lamentation."
            },
            {
               "verse": 6,
               "text": "And he hath violently taken away his tabernacle, as if it were of a garden, hee hath destroyed his places of the assembly: the Lord hath caused the solemne feasts and Sabbaths to be forgotten in Zion, and hath despised in the indignation of his anger the King and the Priest."
            },
            {
               "verse": 7,
               "text": "The Lord hath cast off his Altar: hee hath abhorred his Sanctuarie: he hath giuen vp into the hand of the enemie the walles of her palaces: they haue made a noise in the house of the Lord, as in the day of a solemne Feast."
            },
            {
               "verse": 8,
               "text": "The Lord hath purposed to destroy the wall of the daughter of Zion: he hath stretched out a line: he hath not withdrawen his hand from destroying: therefore hee made the rampart and the wall to lament: they languished together."
            },
            {
               "verse": 9,
               "text": "Her gates are sunke into the ground: he hath destroyed and broken her barres: her King and her Princes are among the Gentiles: the Law is no more, her prophets also finde no vision from the Lord."
            },
            {
               "verse": 10,
               "text": "The Elders of the daughter of Zion sit vpon the ground and keepe silence: they haue cast vp dust vpon their heads: they haue girded themselues with sackcloth: the virgins of Ierusalem hang downe their heades to the ground."
            },
            {
               "verse": 11,
               "text": "Mine eyes doe faile with teares: my bowels are troubled: my liuer is powred vpon the earth, for the destruction of the daughter of my people, because the children and the sucklings swoone in the streets of the citie."
            },
            {
               "verse": 12,
               "text": "They say to their mothers, Where is corne and wine? when they swooned as the wounded in the streets of the citie, when their soule was powred out into their mothers bosome."
            },
            {
               "verse": 13,
               "text": "What thing shall I take to witnesse for thee? what thing shall I liken to thee, O daughter of Ierusalem? what shall I equal to thee, that I may comfort thee, O Uirgin daughter of Zion? for thy breach is great like the sea: who can heale thee?"
            },
            {
               "verse": 14,
               "text": "Thy Prophets haue seene vaine and foolish things for thee, and they haue not discouered thine iniquitie, to turne away thy captiuitie: but haue seene for thee false burdens, and causes of banishment."
            },
            {
               "verse": 15,
               "text": "All that passe by, clap their hands at thee: they hisse and wagge their head at the daughter of Ierusalem, saying, Is this the citie that men call the perfection of beauty, the ioy of the whole earth?"
            },
            {
               "verse": 16,
               "text": "All thine enemies haue opened their mouth against thee: they hisse and gnash the teeth: they say, We haue swallowed her vp: certainly this is the day that we looked for: we haue found, we haue seene it."
            },
            {
               "verse": 17,
               "text": "The Lord hath done that which he had deuised: he hath fulfilled his word that he had commanded in the dayes of old: hee hath throwen downe and hath not pitied: and he hath caused thine enemie to reioyce ouer thee, hee hath set vp the horne of thine aduersaries."
            },
            {
               "verse": 18,
               "text": "Their heart cried vnto the Lord, O wall of the daughter of Zion, let teares runne downe like a riuer, day and night: giue thy selfe no rest, let not the apple of thine eyes cease."
            },
            {
               "verse": 19,
               "text": "Arise, cry out in the night: in the beginning of the watches powre out thine heart like water before the face of the Lord: lift vp thy handes toward him, for the life of thy yong children, that faint for hunger in the top of euery streete."
            },
            {
               "verse": 20,
               "text": "¶ Behold, O Lord, and consider to whom thou hast done this: shal the women eat their fruit, and children of a spanne long? shall the priest and the prophet be slaine in the Sanctuary of the Lord?"
            },
            {
               "verse": 21,
               "text": "The yong and the old lye on the ground in the streets: my virgins and my yong men are fallen by the sword: thou hast slaine them in the day of thy anger: thou hast killed, and not pitied."
            },
            {
               "verse": 22,
               "text": "Thou hast called as in a solemne day my terrours round about, so that in the day of the Lords anger, none escaped nor remained: those that I haue swadled and brought vp, hath mine enemy consumed."
            }
         ]
      },
      {
         "chapter": 3,
         "verses": [
            {
               "verse": 1,
               "text": "I Am the man that hath seene affliction by the rod of his wrath."
            },
            {
               "verse": 2,
               "text": "He hath led me and brought mee into darkenesse, but not into light."
            },
            {
               "verse": 3,
               "text": "Surely against me is he turned, he turneth his hand against me all the day."
            },
            {
               "verse": 4,
               "text": "My flesh and my skinne hath he made old, he hath broken my bones."
            },
            {
               "verse": 5,
               "text": "He hath builded against me, and compassed me with gall and trauel."
            },
            {
               "verse": 6,
               "text": "He hath set me in darke places, as they that be dead of old."
            },
            {
               "verse": 7,
               "text": "He hath hedged me about, that I cannot get out: hee hath made my chaine heauie."
            },
            {
               "verse": 8,
               "text": "Also when I cry and shout, he shutteth out my prayer."
            },
            {
               "verse": 9,
               "text": "Hee hath inclosed my wayes with hewen stone: he hath made my pathes crooked."
            },
            {
               "verse": 10,
               "text": "He was vnto me as a Beare lying in waite, and as a Lion in secret places."
            },
            {
               "verse": 11,
               "text": "Hee hath turned aside my wayes, and pulled me in pieces: hee hath made me desolate."
            },
            {
               "verse": 12,
               "text": "He hath bent his bow, and set me as a marke for the arrow."
            },
            {
               "verse": 13,
               "text": "Hee hath caused the arrowes of his quiuer to enter into my reines."
            },
            {
               "verse": 14,
               "text": "I was a derision to all my people, and their song all the day."
            },
            {
               "verse": 15,
               "text": "Hee hath filled me with bitternesse, hee hath made me drunken with wormewood."
            },
            {
               "verse": 16,
               "text": "He hath also broken my teeth with grauell stones, hee hath couered me with ashes."
            },
            {
               "verse": 17,
               "text": "And thou hast remoued my soule farre off from peace: I forgate prosperitie."
            },
            {
               "verse": 18,
               "text": "And I said, My strength and my hope is perished from the Lord:"
            },
            {
               "verse": 19,
               "text": "Remembring mine affliction and my miserie, the wormewood & the gall."
            },
            {
               "verse": 20,
               "text": "My soule hath them still in remembrance, and is humbled in me."
            },
            {
               "verse": 21,
               "text": "This I recall to my mind, therefore haue I hope."
            },
            {
               "verse": 22,
               "text": "¶ It is of the Lords mercies that wee are not consumed, because his compassions faile not."
            },
            {
               "verse": 23,
               "text": "They are newe euery morning: great is thy faithfulnesse."
            },
            {
               "verse": 24,
               "text": "The Lord is my portion, sayth my soule, therefore will I hope in him."
            },
            {
               "verse": 25,
               "text": "The Lord is good vnto them that waite for him, to the soule that seeketh him."
            },
            {
               "verse": 26,
               "text": "It is good that a man should both hope and quietly wait for the saluation of the Lord."
            },
            {
               "verse": 27,
               "text": "It is good for a man that he beare the yoke in his youth."
            },
            {
               "verse": 28,
               "text": "Hee sitteth alone and keepeth silence, because hee hath borne it vpon him."
            },
            {
               "verse": 29,
               "text": "He putteth his mouth in the dust, if so be there may be hope."
            },
            {
               "verse": 30,
               "text": "Hee giueth his cheeke to him that smiteth him, hee is filled full with reproch."
            },
            {
               "verse": 31,
               "text": "For the Lord will not cast off for euer."
            },
            {
               "verse": 32,
               "text": "But though hee cause griefe, yet will hee haue compassion according to the multitude of his mercies."
            },
            {
               "verse": 33,
               "text": "For he doth not afflict willingly, nor grieue the children of men."
            },
            {
               "verse": 34,
               "text": "To crush vnder his feete all the prisoners of the earth,"
            },
            {
               "verse": 35,
               "text": "To turne aside the right of a man before the face of the most high,"
            },
            {
               "verse": 36,
               "text": "To subuert a man in his cause, the Lord approoueth not."
            },
            {
               "verse": 37,
               "text": "¶ Who is hee that sayth, and it commeth to passe, when the Lord commandeth it not?"
            },
            {
               "verse": 38,
               "text": "Out of the mouth of the most hie proceedeth not euill and good?"
            },
            {
               "verse": 39,
               "text": "Wherefore doeth a liuing man complaine, a man for the punishment of his sinnes?"
            },
            {
               "verse": 40,
               "text": "Let vs search and try our waies, and turne againe to the Lord."
            },
            {
               "verse": 41,
               "text": "Let vs lift vp our heart with our hands vnto God in the heauens."
            },
            {
               "verse": 42,
               "text": "We haue transgressed, and haue rebelled, thou hast not pardoned."
            },
            {
               "verse": 43,
               "text": "Thou hast couered with anger, and persecuted vs: thou hast slaine, thou hast not pitied."
            },
            {
               "verse": 44,
               "text": "Thou hast couered thy selfe with a cloud, that our prayer should not passe through."
            },
            {
               "verse": 45,
               "text": "Thou hast made vs as the offscouring and refuse in the middest of the people."
            },
            {
               "verse": 46,
               "text": "All our enemies haue opened their mouthes against vs."
            },
            {
               "verse": 47,
               "text": "Feare and a snare is come vpon vs, desolation and destruction."
            },
            {
               "verse": 48,
               "text": "Mine eye runneth downe with riuers of water, for the destruction of the daughter of my people."
            },
            {
               "verse": 49,
               "text": "Mine eye trickleth downe and ceaseth not, without any intermission:"
            },
            {
               "verse": 50,
               "text": "Till the Lord looke downe, and behold from heauen."
            },
            {
               "verse": 51,
               "text": "Mine eye affecteth mine heart, because of all the daughters of my city."
            },
            {
               "verse": 52,
               "text": "Mine enemies chased me sore like a bird, without cause."
            },
            {
               "verse": 53,
               "text": "They haue cut off my life in the dungeon, and cast a stone vpon me."
            },
            {
               "verse": 54,
               "text": "Waters flowed ouer mine head, then I sayd, I am cut off."
            },
            {
               "verse": 55,
               "text": "¶ I called vpon thy name, O Lord, out of the low dungeon."
            },
            {
               "verse": 56,
               "text": "Thou hast heard my voice, hide not thine eare at my breathing, at my crie."
            },
            {
               "verse": 57,
               "text": "Thou drewest neere in the day that I called vpon thee: thou saidst, Feare not."
            },
            {
               "verse": 58,
               "text": "O Lord, thou hast pleaded the causes of my soule, thou hast redeemed my life."
            },
            {
               "verse": 59,
               "text": "O Lord, thou hast seene my wrong, iudge thou my cause."
            },
            {
               "verse": 60,
               "text": "Thou hast seene all their vengeance; and all their imaginations against me."
            },
            {
               "verse": 61,
               "text": "Thou hast heard their reproch, O Lord, and all their imaginations against me:"
            },
            {
               "verse": 62,
               "text": "The lippes of those that rose vp against me, and their deuice against me all the day."
            },
            {
               "verse": 63,
               "text": "Behold, their sitting downe and their rising vp, I am their musicke."
            },
            {
               "verse": 64,
               "text": "¶ Render vnto them a recompense, O Lord, according to the worke of their hands."
            },
            {
               "verse": 65,
               "text": "Giue them sorrow of heart, thy curse vnto them."
            },
            {
               "verse": 66,
               "text": "Persecute and destroy them in anger, from vnder the heauens of the Lord."
            }
         ]
      },
      {
         "chapter": 4,
         "verses": [
            {
               "verse": 1,
               "text": "How is the gold become dimme! how is the most fine gold changed! the stones of the sanctuarie are powred out in the top of euery streete."
            },
            {
               "verse": 2,
               "text": "The precious sonnes of Zion, comparable to fine gold, how are they esteemed as earthen pitchers, the worke of the hands of the potter!"
            },
            {
               "verse": 3,
               "text": "Euen the sea-monsters draw out the breast, they giue sucke to their young ones: the daughter of my people is become cruell, like the ostriches in the wildernesse."
            },
            {
               "verse": 4,
               "text": "The tongue of the sucking child cleaueth to the roofe of his mouth for thirst: the young children aske bread, and no man breaketh it vnto them."
            },
            {
               "verse": 5,
               "text": "They that did feede delicatly, are desolate in the streetes: they that were brought vp in scarlet, embrace dounghilles."
            },
            {
               "verse": 6,
               "text": "For the punishment of the iniquitie of the daughter of my people, is greater then the punishment of the sinne of Sodom, that was ouerthrowen as in a moment, and no hands stayed on her."
            },
            {
               "verse": 7,
               "text": "Her Nazarites were purer then snow, they were whiter then milke, they were more ruddie in body then rubies, their polishing was of Saphir."
            },
            {
               "verse": 8,
               "text": "Their visage is blacker then a cole: they are not knowen in the streets: their skinne cleaueth to their bones: it is withered, it is become like a sticke."
            },
            {
               "verse": 9,
               "text": "They that bee slaine with the sword, are better then they that be slain with hunger: for these pine away, stricken through for want of the fruits of the field."
            },
            {
               "verse": 10,
               "text": "The hands of the pitifull women haue sodden their owne children, they were their meate in the destruction of the daughter of my people."
            },
            {
               "verse": 11,
               "text": "The Lord hath accomplished his furie, he hath powred out his fierce anger, and hath kindled a fire in Zion, and it hath deuoured the foundations thereof."
            },
            {
               "verse": 12,
               "text": "The kings of the earth, and all the inhabitants of the world would not haue beleeued, that the aduersarie and the enemie should haue entred into the gates of Ierusalem."
            },
            {
               "verse": 13,
               "text": "¶ For the sinnes of her prophets, and the iniquities of her priests, that haue shed the blood of the iust in the middest of her:"
            },
            {
               "verse": 14,
               "text": "They haue wandred as blind men in the streetes, they haue polluted themselues with blood, so that men could not touch their garments."
            },
            {
               "verse": 15,
               "text": "They cryed vnto them; Depart yee, it is vncleane, depart, depart, touch not, when they fled away and wandred: they said among the heathen, They shall no more soiourne there."
            },
            {
               "verse": 16,
               "text": "The anger of the Lord hath diuided them, he will no more regard them: they respected not the persons of the priests, they fauoured not the elders."
            },
            {
               "verse": 17,
               "text": "As for vs, our eyes as yet failed for our vaine helpe: in our watching we haue watched for a nation that could not saue vs."
            },
            {
               "verse": 18,
               "text": "They hunt our steps that we cannot goe in our streets: our end is neere, our dayes are fulfilled, for our ende is come."
            },
            {
               "verse": 19,
               "text": "Our persecutours are swifter then the eagles of the heauen: they pursued vs vpon the mountaines, they laide waite for vs in the wildernesse."
            },
            {
               "verse": 20,
               "text": "The breath of our nostrels, the anointed of the Lord was taken in their pits, of whom we said, Under his shadowe we shall liue among the heathen."
            },
            {
               "verse": 21,
               "text": "¶ Reioyce and be glad, O daughter of Edom, that dwellest in the lande of Uz, the cup also shall passe through vnto thee: thou shalt be drunken, and shalt make thy selfe naked."
            },
            {
               "verse": 22,
               "text": "¶ The punishment of thine iniquitie is accomplished, O daughter of Zion, he will no more carie thee away into captiuitie: hee will visit thine iniquitie, O daughter of Edom, hee will discouer thy sinnes."
            }
         ]
      },
      {
         "chapter": 5,
         "verses": [
            {
               "verse": 1,
               "text": "Remember, O Lord, what is come vpon vs: consider and beholde our reproch."
            },
            {
               "verse": 2,
               "text": "Our inheritance is turned to strangers, our houses to aliants."
            },
            {
               "verse": 3,
               "text": "We are orphanes and fatherlesse, our mothers are as widowes."
            },
            {
               "verse": 4,
               "text": "We haue drunken our water for money, our wood is sold vnto vs."
            },
            {
               "verse": 5,
               "text": "Our neckes are vnder persecution: we labour and haue no rest."
            },
            {
               "verse": 6,
               "text": "We haue giuen the hand to the Egyptians, and to the Assyrians, to be satisfied with bread."
            },
            {
               "verse": 7,
               "text": "Our fathers haue sinned and are not, and wee haue borne their iniquities."
            },
            {
               "verse": 8,
               "text": "Seruants haue ruled ouer vs: there is none that doeth deliuer vs out of their hand."
            },
            {
               "verse": 9,
               "text": "We gate our bread with the perill of our liues, because of the sword of the wildernesse."
            },
            {
               "verse": 10,
               "text": "Our skinne was blacke like an ouen, because of the terrible famine."
            },
            {
               "verse": 11,
               "text": "They rauished the women in Zion, and the maides in the cities of Iudah."
            },
            {
               "verse": 12,
               "text": "Princes are hanged vp by their hand: the faces of Elders were not honoured."
            },
            {
               "verse": 13,
               "text": "They tooke the young men to grinde, and the children fell vnder the wood."
            },
            {
               "verse": 14,
               "text": "The Elders haue ceased from the gate, the young men from their musicke."
            },
            {
               "verse": 15,
               "text": "The ioy of our heart is ceased, our daunce is turned into mourning."
            },
            {
               "verse": 16,
               "text": "The crowne is fallen from our head: Woe vnto vs, that wee haue sinned."
            },
            {
               "verse": 17,
               "text": "For this our heart is faint, for these things our eyes are dimme."
            },
            {
               "verse": 18,
               "text": "Because of the mountaine of Zion, which is desolate, the foxes walke vpon it."
            },
            {
               "verse": 19,
               "text": "Thou, O Lord, remainest for euer: thy throne from generation to generation."
            },
            {
               "verse": 20,
               "text": "Wherefore doest thou forget vs for euer, and forsake vs so long time?"
            },
            {
               "verse": 21,
               "text": "Turne thou vs vnto thee, O Lord, and we shall be turned: renew our dayes as of old."
            },
            {
               "verse": 22,
               "text": "But thou hast vtterly reiected vs: thou art very wroth against vs."
            }
         ]
      }
   ]
}