{
   "book": "Letter of Jeremiah",
   "chapter-count": "1",
   "chapters": [
      {
         "chapter": 1,
         "verses": [
            {
               "verse": 1,
               "text": "A copy of an Epistle which Ieremie sent vnto them which were to be led captiues into Babylon, by the king of the Babylonians, to certifie them as it was commanded him of God."
            },
            {
               "verse": 2,
               "text": "Because of &thorn; sinnes which ye haue committed before God, ye shall be led away captiues vnto Babylon by Nabuchodonosor king of the Babylonians."
            },
            {
               "verse": 3,
               "text": "So when ye be come vnto Babylon, ye shal remaine there many yeeres, and for a long season, namely seuen generations: and after that I will bring you away peaceably from thence."
            },
            {
               "verse": 4,
               "text": "Now shal ye see in Babylon gods of siluer, and of gold, and of wood, borne vpon shoulders, which cause the nations to feare."
            },
            {
               "verse": 5,
               "text": "Beware therefore that yee in no wise be like to strangers, neither be yee afraid of them, when yee see the multitude before them, and behinde them, worshipping them."
            },
            {
               "verse": 6,
               "text": "But say yee in your hearts, O Lord, we must worship thee."
            },
            {
               "verse": 7,
               "text": "For mine Angel is with you, and I my selfe caring for your soules."
            },
            {
               "verse": 8,
               "text": "As for their tongue, it is polished by the workeman, and they themselues are guilded and laid ouer with siluer, yet are they but false and cannot speake."
            },
            {
               "verse": 9,
               "text": "And taking golde, as it were for a virgine that loues to go gay, they make crownes for the heads of their gods."
            },
            {
               "verse": 10,
               "text": "Sometimes also the Priests conuey from their gods golde and siluer, and bestow it vpon themselues."
            },
            {
               "verse": 11,
               "text": "Yea they will giue thereof to the common harlots, and decke them as men with garments  gods of siluer, and gods of gold, and wood."
            },
            {
               "verse": 12,
               "text": "Yet cannot these gods saue themselues from rust and moths, though they be couered with purple raiment."
            },
            {
               "verse": 13,
               "text": "They wipe their faces because of the dust of the Temple, when there is much vpon them."
            },
            {
               "verse": 14,
               "text": "And he that cannot put to death one that offendeth him, holdeth a scepter as though hee were a iudge of the countrey."
            },
            {
               "verse": 15,
               "text": "Hee hath also in his right hand a dagger, and an axe: but cannot deliuer himselfe from warre and theeues."
            },
            {
               "verse": 16,
               "text": "Whereby they are knowen not to bee gods, therefore feare them not."
            },
            {
               "verse": 17,
               "text": "For like as a vessell that a man vseth, is nothing worth when it is broken: euen so it is with their gods: when they be set vp in the Temple, their eyes be full of dust, thorow the feet of them that come in."
            },
            {
               "verse": 18,
               "text": "And as the doores are made sure on euery side, vpon him that offendeth the king, as being committed to suffer death: euen so the priests make fast their temples, with doores, with lockes and barres, lest their gods bee spoiled with robbers."
            },
            {
               "verse": 19,
               "text": "They light them candles, yea, more then for themselues, whereof they cannot see one."
            },
            {
               "verse": 20,
               "text": "They are as one of the beames of the temple, yet they say, their hearts are gnawed vpon by things creeping out of the earth, & when they eate them and their clothes, they feele it not."
            },
            {
               "verse": 21,
               "text": "Their faces are blacked, thorow the smoke that comes out of the temple."
            },
            {
               "verse": 22,
               "text": "Upon their bodies and heads, sit battes, swallowes, and birds, and the cats also."
            },
            {
               "verse": 23,
               "text": "By this you may know that they are no gods: therefore feare them not."
            },
            {
               "verse": 24,
               "text": "Notwithstanding the gold that is about them, to make them beautifull, except they wipe off the rust they will not shine: for neither when they were molten did they feele it."
            },
            {
               "verse": 25,
               "text": "The things wherein there is no breath, are bought for a most hie price."
            },
            {
               "verse": 26,
               "text": "They are borne vpon shoulders, hauing no feete, whereby they declare vnto men that they be nothing worth."
            },
            {
               "verse": 27,
               "text": "They also that serue them, are ashamed: for if they fall to the ground at any time, they cannot rise vp againe of themselues: neither if one set them upright can they moue of themselues: neither if they be bowed downe, can they make themselues streight: but they set gifts before them as vnto dead men."
            },
            {
               "verse": 28,
               "text": "As for the things that are sacrificed vnto them, their priests sell and abuse: in like maner their wiues lay vp part thereof in salt: but vnto the poore and impotent, they giue nothing of it."
            },
            {
               "verse": 29,
               "text": "Menstruous women, and women in childbed eate their sacrifices: by these things ye may know that they are no gods: feare them not."
            },
            {
               "verse": 30,
               "text": "For how can they be called gods? because women set meate before the gods of siluer, gold, and wood."
            },
            {
               "verse": 31,
               "text": "And the priests sit in their temples, hauing their clothes rent, and their heads and beards shauen, and nothing vpon their heads."
            },
            {
               "verse": 32,
               "text": "They roare and crie before their gods: as men doe at the feast when one is dead."
            },
            {
               "verse": 33,
               "text": "The priestes also take off their garments, and clothe their wiues and children."
            },
            {
               "verse": 34,
               "text": "Whether it be euill that one doth vnto them, or good: they are not able to recompense it: they can neither set vp a king, nor put him downe."
            },
            {
               "verse": 35,
               "text": "In like maner, they can neither giue riches nor money: though a man make a vowe vnto them, and keepe it not, they will not require it."
            },
            {
               "verse": 36,
               "text": "They can saue no man from death, neither deliuer the weake from the mightie."
            },
            {
               "verse": 37,
               "text": "They cannot restore a blind man to his sight, nor helpe any man in his distresse."
            },
            {
               "verse": 38,
               "text": "They can shew no mercie to the widow: nor doe good to the fatherlesse."
            },
            {
               "verse": 39,
               "text": "Their gods of wood, and which are ouerlaid with gold, and siluer, are like the stones that be hewen out of the mountaine: they that worship them shall be confounded."
            },
            {
               "verse": 40,
               "text": "How should a man then thinke and say that they are gods? when euen the Chaldeans th&#275;selues dishonor them."
            },
            {
               "verse": 41,
               "text": "Who if they shall see one dumbe that cannot speake, they bring him and intreate Bel that he may speake, as though he were able to vnderstand."
            },
            {
               "verse": 42,
               "text": "Yet they cannot vnderstand this themselues, and leaue them: for they haue no knowledge."
            },
            {
               "verse": 43,
               "text": "The women also with cordes aboue them, sitting in the wayes, burne branne for perfume: but if any of them drawen by some that passeth by, lie with him, she reproacheth her fellow that she was not thought as worthy as her selfe, nor her cord broken."
            },
            {
               "verse": 44,
               "text": "Whatsoeuer is done among them is false: how may it then be thought or said that they are gods?"
            },
            {
               "verse": 45,
               "text": "They are made of carpenters, and goldsmiths, they can be nothing else, then the workman will haue them to be."
            },
            {
               "verse": 46,
               "text": "And they themselues that made them, can neuer continue long, how should then the things that are made of them, be gods?"
            },
            {
               "verse": 47,
               "text": "For they left lies and reproaches to them that come after."
            },
            {
               "verse": 48,
               "text": "For when there commeth any warre or plague vpon them, the priests consult with themselues, where they may be hidden with them."
            },
            {
               "verse": 49,
               "text": "How then cannot men perceiue, that they be no gods, which can neither saue themselues from warre nor from plague?"
            },
            {
               "verse": 50,
               "text": "For seeing they be but of wood, and ouerlaide with siluer and gold: it shall be knowen heereafter that they are false."
            },
            {
               "verse": 51,
               "text": "And it shall manifestly appeare to all nations and kings, that they are no gods: but the workes of mens hands, and that there is no worke of God in them."
            },
            {
               "verse": 52,
               "text": "Who then may not know that they are no gods?"
            },
            {
               "verse": 53,
               "text": "For neither can they set vp a king in the land, nor giue raine vnto men."
            },
            {
               "verse": 54,
               "text": "Neither can they iudge their owne cause, nor redresse a wrong being vnable: for they are as crowes between heauen and earth."
            },
            {
               "verse": 55,
               "text": "Whereupon when fire falleth vpon the house of gods of wood, or layd ouer with gold or siluer, their priests will fly away, & escape: but they themselues shall be burnt asunder like beames."
            },
            {
               "verse": 56,
               "text": "Moreouer they cannot withstand any king or enemies: how can it then be thought or said that they be gods?"
            },
            {
               "verse": 57,
               "text": "Neither are those gods of wood, and layd ouer with siluer or gold able to escape either from theeues or robbers."
            },
            {
               "verse": 58,
               "text": "Whose gold, and siluer, and garments wherwith they are clothed, they that are strong doe take, and goe away withall: neither are they able to helpe themselues."
            },
            {
               "verse": 59,
               "text": "Therefore it is better to be a king that sheweth his power, or else a profitable vessell in an house, which the owner shall haue vse of, then such false gods: or to be a doore in an house to keepe such things safe as be therein, then such false gods: or a pillar of wood in a palace, then such false gods."
            },
            {
               "verse": 60,
               "text": "For Sunne, Moone, and starres, being bright and sent to doe their offices, are obedient."
            },
            {
               "verse": 61,
               "text": "In like maner the lightning when it breaketh forth is easie to bee seene, and after the same maner the wind bloweth in euery country."
            },
            {
               "verse": 62,
               "text": "And when God commandeth the clouds to goe ouer the whole world: they doe as they are bidden:"
            },
            {
               "verse": 63,
               "text": "And the fire sent from aboue to consume hilles and woods, doth as it is commanded: but these are like vnto them neither in shew, nor power."
            },
            {
               "verse": 64,
               "text": "Wherefore it is neither to be supposed nor said, that they are gods, seeing they are able, neither to iudge causes, nor to doe good vnto men."
            },
            {
               "verse": 65,
               "text": "Knowing therefore that they are no gods, feare them not."
            },
            {
               "verse": 66,
               "text": "For they can neither curse nor blesse kings."
            },
            {
               "verse": 67,
               "text": "Neither can they signes in the heauens among the heathen: nor shine as the Sunne, nor giue light as the Moone."
            },
            {
               "verse": 68,
               "text": "The beasts are better then they: for they can get vnder a couert, and helpe themselues."
            },
            {
               "verse": 69,
               "text": "It is then by no meanes manifest vnto vs that they are gods: therefore feare them not."
            },
            {
               "verse": 70,
               "text": "For as a scarcrow in a garden of Cucumbers keepeth nothing: so are their gods of wood, and laid ouer with siluer and gold."
            },
            {
               "verse": 71,
               "text": "And likewise their gods of wood, and laid ouer with siluer and gold, are like to a white thorne in an orchard that euery bird sitteth vpon: as also to a dead body, that is cast into the darke."
            },
            {
               "verse": 72,
               "text": "And you shall know them to be no gods, by the bright purple that rotteth vpon them: and they themselues afterward shall be eaten, and shall be a reproach in the country."
            },
            {
               "verse": 73,
               "text": "Better therefore is the iust man that hath none idoles: for he shall be farre from reproach."
            }
         ]
      }
   ]
}