{
   "book": "Malachi",
   "chapter-count": "4",
   "chapters": [
      {
         "chapter": 1,
         "verses": [
            {
               "verse": 1,
               "text": "The burden of the word of &thorn; Lord to Israel by Malachi."
            },
            {
               "verse": 2,
               "text": "I haue loued you, sayth the Lord: yet yee say, Wherein hast thou loued vs? was not Esau Iacobs brother, sayth the Lord ? yet I loued Iacob,"
            },
            {
               "verse": 3,
               "text": "And I hated Esau, and layde his mountaines, and his heritage waste, for the dragons of the wildernesse."
            },
            {
               "verse": 4,
               "text": "Whereas Edom sayth, Wee are impouerished, but we will returne and build the desolate places; Thus sayth the Lord of hostes, They shal build, but I will throw downe; and they shal call them, The border of wickednesse, & the people against whom the Lord hath indignation for euer."
            },
            {
               "verse": 5,
               "text": "And your eyes shall see, and yee shall say; The Lord will be magnified from the border of Israel."
            },
            {
               "verse": 6,
               "text": "¶ A sonne honoureth his father, and a seruant his Master. If then I be a father, where is mine honour? and if I be a Master, where is my feare, saith the Lord of hostes, vnto you O priests, that despise my name? and yee say, Wherein haue we despised thy name?"
            },
            {
               "verse": 7,
               "text": "Yee offer polluted bread vpon mine altar; and yee say, Wherein haue we polluted thee? In that yee say, The table of the Lord is contemptible."
            },
            {
               "verse": 8,
               "text": "And if hee offer the blind for sacrifice, is it not euill? and if yee offer the lame and sicke, is it not euill? offer it now vnto thy gouernour: will he be pleased with thee, or accept thy person, saith the Lord of hostes?"
            },
            {
               "verse": 9,
               "text": "And now I pray you, beseech God, that hee will be gracious vnto vs: this hath beene by your meanes: will he regard your persons, saith the Lord of hostes?"
            },
            {
               "verse": 10,
               "text": "Who is there euen among you that would shut the doores for nought? neither doe yee kindle fire on mine altar for nought. I haue no pleasure in you, saith the Lord of hostes, neither will I accept an offring at your hand."
            },
            {
               "verse": 11,
               "text": "For from the rising of the Sunne, euen vnto the going downe of the same my name shall be great among the Gentiles, and in euery place incense shall be offered vnto my name, and a pure offring: for my name shall be great among the heathen, saith the Lord of hostes."
            },
            {
               "verse": 12,
               "text": "¶ But yee haue prophaned it, in that yee say; The table of the Lord is polluted, and the fruite thereof, euen his meate, is contemptible."
            },
            {
               "verse": 13,
               "text": "Yee said also; Behold what a wearinesse is it, and yee haue snuffed at it, saith the Lord of hostes, and yee brought that which was torne, and the lame, and the sicke: thus yee brought an offring: should I accept this of your hand, saith the Lord ?"
            },
            {
               "verse": 14,
               "text": "But cursed be the deceiuer, which hath in his flocke a male, and voweth and sacrificeth vnto the Lord a corrupt thing: for I am a great King, saith the Lord of hostes, and my name is dreadfull among the heathen."
            }
         ]
      },
      {
         "chapter": 2,
         "verses": [
            {
               "verse": 1,
               "text": "And now, O yee Priests, this commaundement is for you."
            },
            {
               "verse": 2,
               "text": "If ye will not heare, and if yee will not lay it to heart, to giue glory vnto my name, saith the Lord of hostes; I will euen send a curse vpon you, and will curse your blessings: yea, I haue cursed them already, because yee doe not lay it to heart."
            },
            {
               "verse": 3,
               "text": "Behold, I will corrupt your seed, and spread doung vpon your faces, euen the doung of your solemne feasts, and one shall take you away with it."
            },
            {
               "verse": 4,
               "text": "And yee shall know that I haue sent this commaundement vnto you, that my couenant might be with Leui, saith the Lord of hostes."
            },
            {
               "verse": 5,
               "text": "My couenant was with him of life and peace, and I gaue them to him, for the feare, wherewith he feared mee, and was afraid before my name."
            },
            {
               "verse": 6,
               "text": "The law of truth was in his mouth, and iniquitie was not found in his lips: he walked with me in peace and equitie, and did turne many away from iniquitie."
            },
            {
               "verse": 7,
               "text": "For the priests lips should keepe knowledge, and they should seeke the law at his mouth: for he is the messenger of the Lord of hostes."
            },
            {
               "verse": 8,
               "text": "But yee are departed out of the way: ye haue caused many to stumble at the law: ye haue corrupted the couenant of Leui, saith the Lord of hostes."
            },
            {
               "verse": 9,
               "text": "Therefore haue I also made you contemptible and base before al the people, according as yee haue not kept my wayes, but haue bin partiall in &thorn; law."
            },
            {
               "verse": 10,
               "text": "Haue we not all one father? hath not one God created vs? Why doe we deale treacherously euery man against his brother, by prophaning the couenant of our fathers?"
            },
            {
               "verse": 11,
               "text": "¶ Iudah hath dealt treacherously, and an abomination is committed in Israel and in Ierusalem: for Iudah hath prophaned the holinesse of the Lord which he loued, and hath maried the daughter of a strange God."
            },
            {
               "verse": 12,
               "text": "The Lord will cut off the man that doth this: the Master and the scholler out of the tabernacles of Iacob, and him that offereth an offring vnto the Lord of hostes."
            },
            {
               "verse": 13,
               "text": "And this haue yee done againe, couering the Altar of the Lord with teares, with weeping and with crying out, in so much that hee regardeth not the offering any more, or receiueth it with good will at your hand."
            },
            {
               "verse": 14,
               "text": "¶ Yet ye say, Wherefore? Because the Lord hath bene witnes betweene thee and the wife of thy youth, against whome thou hast dealt treacherously: yet is she thy companion, and the wife of thy couenant."
            },
            {
               "verse": 15,
               "text": "And did not he make one? yet had he the residue of the spirit: and wherefore one? that hee might seeke a godly seed: therefore take heed to your spirit, and let none deale treacherously against the wife of his youth."
            },
            {
               "verse": 16,
               "text": "For the Lord the God of Israel saith, that he hateth putting away: for one couereth violence with his garment, saith the Lord of hosts, therfore take heed to your spirit, that ye deale not treacherously."
            },
            {
               "verse": 17,
               "text": "¶ Ye haue wearied the Lord with your words: yet ye say, Wherein haue we wearied him? when ye say, Euery one that doeth euill, is good in the sight of the Lord, and he delighteth in them, or where is the God of iudgement?"
            }
         ]
      },
      {
         "chapter": 3,
         "verses": [
            {
               "verse": 1,
               "text": "Beholde, I will send my messenger, and he shal prepare the way before mee: and the Lord whom ye seeke, shall suddenly come to his Temple: euen &thorn; messenger of the Couenant, whom ye delight in: behold, he shall come, saith the Lord of hosts."
            },
            {
               "verse": 2,
               "text": "But who may abide the day of his comming? and who shall stand when he appeareth? for he is like a refiners fire, and like fullers sope."
            },
            {
               "verse": 3,
               "text": "And he shall sit as a refiner and purifier of siluer: and he shall purifie the sonnes of Leui, and purge them as gold & siluer, that they may offer vnto the Lord an offring in righteousnes."
            },
            {
               "verse": 4,
               "text": "Then shall the offerings of Iudah and Ierusalem bee pleasant vnto the Lord, as in the dayes of old, and as in former yeeres."
            },
            {
               "verse": 5,
               "text": "And I will come neere to you to iudgement, and I will bee a swift witnesse against the sorcerers, and against the adulterers, and against false swearers, and against those that oppresse the hireling in his wages, the widowe, and the fatherlesse, and that turne aside the stranger from his right, and feare not me, saith the Lord of hosts."
            },
            {
               "verse": 6,
               "text": "For I am the Lord, I change not: therefore ye sonnes of Iacob are not consumed."
            },
            {
               "verse": 7,
               "text": "¶ Euen from the dayes of your fathers yee are gone away from mine ordinances, and haue not kept them: returne vnto me, and I will returne vnto you, saith the Lord of hosts: But ye said, Wherein shall we returne?"
            },
            {
               "verse": 8,
               "text": "¶ Wil a man rob God? yet ye haue robbed me. But ye say, Wherein haue we robbed thee? In tithes & offerings."
            },
            {
               "verse": 9,
               "text": "Ye are cursed with a curse: for ye haue robbed me, euen this whole nation."
            },
            {
               "verse": 10,
               "text": "Bring ye all the tithes into the store-house, that there may be meate in mine house, & proue me now herewith, saith the Lord of hostes, if I will not open you the windowes of heauen, and powre you out a blessing, that there shall not be roome enough to receiue it."
            },
            {
               "verse": 11,
               "text": "And I wil rebuke the deuourer for your sakes: and he shal not destroy the fruits of your ground, neither shal your vine cast her fruit before the time in the field, saith the Lord of hosts."
            },
            {
               "verse": 12,
               "text": "And all nations shall call you blessed: for ye shall be a delightsome land, saith the Lord of hosts."
            },
            {
               "verse": 13,
               "text": "¶ Your words haue bin stout against me, saith the Lord, yet ye say, What haue we spoken so much against thee?"
            },
            {
               "verse": 14,
               "text": "Ye haue said, It is vaine to serue God: and what profit is it, that we haue kept his ordinance, and that wee haue walked mournfully before the Lord of hosts?"
            },
            {
               "verse": 15,
               "text": "And now we call the proud happy: yea, they that worke wickednes are set vp, yea they that tempt God, are euen deliuered."
            },
            {
               "verse": 16,
               "text": "¶ Then they that feared the Lord, spake often one to another, and the Lord hearkened and heard it, & a booke of remembrance was written before him, for them that feared the Lord, & that thought vpon his name."
            },
            {
               "verse": 17,
               "text": "And they shall be mine, saith the Lord of hosts, in that day when I make vp my iewels, and I wil spare them as a man spareth his owne sonne that serueth him."
            },
            {
               "verse": 18,
               "text": "Then shall yee returne and discerne betweene the righteous and the wicked, betweene him that serueth God, and him that serueth him not."
            }
         ]
      },
      {
         "chapter": 4,
         "verses": [
            {
               "verse": 1,
               "text": "For beholde, the day commeth, that shall burne as an ouen, and all the proud, yea and all that doe wickedly shalbe stubble: and the day that commeth, shal burne them vp, saith the Lord of hostes, that it shall leaue them neither roote nor branch."
            },
            {
               "verse": 2,
               "text": "¶ But vnto you that feare my Name, shall the Sunne of righteousnesse arise with healing in his wings, and shall goe foorth and grow vp as calues of the staule."
            },
            {
               "verse": 3,
               "text": "And yee shall treade downe the wicked: for they shall bee ashes vnder the soles of your feet, in the day that I shall doe this, saith the Lord of hosts."
            },
            {
               "verse": 4,
               "text": "¶ Remember yee the Law of Moses my seruant, which I commanded vnto him in Horeb for all Israel, with the Statutes and iudgements."
            },
            {
               "verse": 5,
               "text": "¶ Beholde, I will send you Eliiah the Prophet, before the comming of the great and dreadfull day of the Lord."
            },
            {
               "verse": 6,
               "text": "And hee shall turne the heart of the fathers to the children, and the heart of the children to their fathers, lest I come and smite the earth with a curse."
            }
         ]
      }
   ]
}