{
   "book": "Micah",
   "chapter-count": "7",
   "chapters": [
      {
         "chapter": 1,
         "verses": [
            {
               "verse": 1,
               "text": "The word of the Lord that came to Micah the Morasthite in the dayes of Iotham, Ahaz, and Hezekiah Kings of Iudah, which hee saw concerning Samaria and Ierusalem."
            },
            {
               "verse": 2,
               "text": "Heare all ye people, hearken O earth, and all that therein is, and let the Lord God be witnesse against you, the Lord from his holy temple."
            },
            {
               "verse": 3,
               "text": "For behold, the Lord commeth forth out of his place, and will come downe and tread vpon the high places of the earth."
            },
            {
               "verse": 4,
               "text": "And the mountaines shall be molten vnder him, and the valleis shall be cleft: as waxe before the fire, and as the waters that are powred downe a steepe place."
            },
            {
               "verse": 5,
               "text": "For the transgression of Iacob is all this, and for the sinnes of the house of Israel: What is the transgression of Iacob? Is it not Samaria? and what are the high places of Iudah? are they not Ierusalem?"
            },
            {
               "verse": 6,
               "text": "Therfore I will make Samaria as an heape of the field, and as plantings of a vineyard; and I will powre downe the stones therof into the valley, and I will discouer the foundations thereof."
            },
            {
               "verse": 7,
               "text": "And all the grauen images thereof shall be beaten to pieces, and all the hires thereof shall be burnt with the fire, and all the idoles therof will I lay desolate: for she gathered it of the hire of an harlot, and they shall returne to the hire of an harlot."
            },
            {
               "verse": 8,
               "text": "Therfore I wil waile and houle, I will goe stript and naked: I will make a wailing like the dragons, and mourning as the owles."
            },
            {
               "verse": 9,
               "text": "For her wound is incurable, for it is come vnto Iudah: he is come vnto the gate of my people, euen to Ierusalem."
            },
            {
               "verse": 10,
               "text": "¶ Declare yee it not at Gath, weepe yee not at all: In the house of Aphrah rowle thy selfe in the dust."
            },
            {
               "verse": 11,
               "text": "Passe yee away thou inhabitant of Saphir, hauing thy shame naked; the inhabitant of Zaanan came not forth in the mourning of Beth-ezel, he shall receiue of you his standing."
            },
            {
               "verse": 12,
               "text": "For the inhabitant of Maroth waited carefully for good, but euill came downe from the Lord vnto the gate of Ierusalem."
            },
            {
               "verse": 13,
               "text": "O thou inhabitant of Lachish, bind the charet to the swift beast: she is the beginning of the sinne to the daughter of Zion: for the transgressions of Israel were found in thee."
            },
            {
               "verse": 14,
               "text": "Therfore shalt thou giue presents to Moresheth-Gath: the houses of Achzib shalbe a lie to &thorn; kings of Israel."
            },
            {
               "verse": 15,
               "text": "Yet wil I bring an heire vnto thee, O inhabitant of Mareshah: he shall come vnto Adullam, the glory of Israel"
            },
            {
               "verse": 16,
               "text": "Make thee bald, and polle thee for thy delicate children, enlarge thy baldnesse as the Eagle, for they are gone into captiuitie from thee."
            }
         ]
      },
      {
         "chapter": 2,
         "verses": [
            {
               "verse": 1,
               "text": "Woe to them that deuise iniquitie, and worke euill vpon their beds: when the morning is light, they practise it, because it is in the power of their hand."
            },
            {
               "verse": 2,
               "text": "And they couet fields and take them by violence: and houses, and take them away: so they oppresse a man and his house, euen a man and his heritage."
            },
            {
               "verse": 3,
               "text": "Therefore thus saith the Lord, Behold, against this familie doe I deuise an euill, from which ye shall not remoue your necks, neither shall ye goe haughtily: for this time is euill."
            },
            {
               "verse": 4,
               "text": "¶ In that day shall one take vp a parable against you, and lament with a dolefull lamentation, and say, We be vtterly spoiled: hee hath changed the portion of my people: how hath he remoued it from me? turning away hee hath diuided our fields."
            },
            {
               "verse": 5,
               "text": "Therefore thou shalt haue none that shall cast a cord by lot in the Congregation of the Lord."
            },
            {
               "verse": 6,
               "text": "Prophecie ye not, say they, to them that prophecie: they shall not prophecie to them, that they shall not take shame."
            },
            {
               "verse": 7,
               "text": "¶ O thou that art named the house of Iacob, is the Spirit of the Lord straitned? are these his dongs? doe not my words do good to him that walketh vprightly?"
            },
            {
               "verse": 8,
               "text": "Euen of late, my people is risen vp as an enemie: ye pull off the robe with the garment, fr&#333; them that passe by securely, as men auerse from warre."
            },
            {
               "verse": 9,
               "text": "The women of my people haue ye cast out from their pleasant houses, from their children haue ye taken away my glory for euer."
            },
            {
               "verse": 10,
               "text": "Arise ye and depart, for this is not your rest: because it is polluted, it shall destroy you euen with a sore destruction."
            },
            {
               "verse": 11,
               "text": "If a man walking in the spirit and falshood, doe lie, saying, I will prophecie vnto thee of wine and of strong drinke, he shall euen bee the prophet of this people."
            },
            {
               "verse": 12,
               "text": "¶ I will surely assemble, O Iacob, all of thee: I will surely gather the remnant of Israel, I will put them together as the sheepe of Bozrah, as the flocke in the midst of their fold: they shall make great noise by reason of the multitude of men."
            },
            {
               "verse": 13,
               "text": "The breaker is come vp before them: they haue broken vp and haue passed through the gate, and are gone out by it, and their king shal passe before them, & the Lord on the head of them."
            }
         ]
      },
      {
         "chapter": 3,
         "verses": [
            {
               "verse": 1,
               "text": "And I said, Heare, I pray you, O heads of Iacob, and ye princes of the house of Israel: is it not for you to know iudgement?"
            },
            {
               "verse": 2,
               "text": "Who hate the good and loue the euill, who plucke off their skinne from off them, and their flesh from off their bones."
            },
            {
               "verse": 3,
               "text": "Who also eate the flesh of my people, and flay their skinne from off them, and they breake their bones, and chop them in pieces, as for the pot, and as flesh within the cauldron."
            },
            {
               "verse": 4,
               "text": "Then shall they cry vnto the Lord, but he will not heare them: he will euen hide his face from them at that time, as they haue behaued themselues ill in their doings."
            },
            {
               "verse": 5,
               "text": "¶ Thus saith the Lord concerning the Prophets that make my people erre, that bite with their teeth and crie; Peace: and he that putteth not into their mouths, they euen prepare warre against him:"
            },
            {
               "verse": 6,
               "text": "Therefore night shall be vnto you, that yee shall not haue a vision, and it shall be darke vnto you, that yee shall not diuine, and the Sunne shall goe downe ouer the Prophets, and the day shall be darke ouer them."
            },
            {
               "verse": 7,
               "text": "Then shall the seers be ashamed, and the diuiners confounded: yea, they shall all couer their lips; for there is no answere of God."
            },
            {
               "verse": 8,
               "text": "¶ But truely I am full of power by the spirit of the Lord, and of iudgment and of might, to declare vnto Iacob his transgression, and to Israel his sinne."
            },
            {
               "verse": 9,
               "text": "Heare this, I pray you, yee heads of the house of Iacob, and princes of the house of Israel, that abhorre iudgement and peruert all equitie."
            },
            {
               "verse": 10,
               "text": "They build vp Zion with blood, and Ierusalem with iniquitie."
            },
            {
               "verse": 11,
               "text": "The heads thereof iudge for reward, and the priests thereof teach for hyre, and the Prophets thereof diuine for money: yet will they leane vpon the Lord, and say; Is not the Lord among vs? none euill can come vpon vs."
            },
            {
               "verse": 12,
               "text": "Therefore shall Zion for your sake be plowed as a field, and Ierusalem shal become heapes, and the mountaine of the house, as the high places of the forrest."
            }
         ]
      },
      {
         "chapter": 4,
         "verses": [
            {
               "verse": 1,
               "text": "But in the last dayes it shal come to passe, that the mountaine of the house of the Lord shall be established in the top of the mountaines, and it shalbe exalted aboue the hilles, and people shall flow vnto it."
            },
            {
               "verse": 2,
               "text": "And many nations shall come, and say; Come, and let vs goe vp to the mountaine of the Lord, and to the house of the God of Iacob, and he will teach vs of his wayes, and wee will walke in his pathes: for the Law shall goe foorth of Zion, and the word of the Lord from Ierusalem."
            },
            {
               "verse": 3,
               "text": "¶ And he shall iudge among many people, and rebuke strong nations afarre off, and they shall beate their swords into plowshares, and their speares into pruning hookes: nation shall not lift vp a sword against nation, neither shall they learne warre any more."
            },
            {
               "verse": 4,
               "text": "But they shall sit euery man vnder his Uine, and vnder his figgetree, and none shal make them afraid: for the mouth of the Lord of hostes hath spoken it."
            },
            {
               "verse": 5,
               "text": "For all people will walke euery one in the name of his god, and we will walke in the Name of the Lord our God for euer and euer."
            },
            {
               "verse": 6,
               "text": "In that day, saith the Lord, will I assemble her that halteth, and I will gather her that is driuen out, and her that I haue afflicted."
            },
            {
               "verse": 7,
               "text": "And I will make her that halted, a remnant; and her that was cast farre off, a strong nation; and the Lord shall reigne ouer them, in Mount Zion from hencefoorth, euen for euer."
            },
            {
               "verse": 8,
               "text": "¶ And thou, O towre of the flock, the strong hold of the daughter of Zion, vnto thee shall it come, euen the first dominion, the kingdome shall come to the daughter of Ierusalem."
            },
            {
               "verse": 9,
               "text": "Now why doest thou cry out alowd? is there no king in thee? is thy counseller perished? for pangs haue taken thee, as a woman in trauell."
            },
            {
               "verse": 10,
               "text": "Bee in paine and labour to bring forth, O daughter of Zion, like a woman in trauell: for now shalt thou goe foorth out of the citie, and thou shalt dwel in the field, and thou shalt go euen to Babylon: there shalt thou be deliuered: there the Lord shall redeeme thee from the hand of thine enemies."
            },
            {
               "verse": 11,
               "text": "¶ Now also many nations are gathered against thee, that say, Let her be defiled, & let our eye look vpon Zion."
            },
            {
               "verse": 12,
               "text": "But they know not the thoughts of the Lord, neither vnderstand they his counsell: for hee shall gather them as the sheaues into the floore."
            },
            {
               "verse": 13,
               "text": "Arise and thresh, O daughter of Zion: for I will make thine horne yron, & I will make thy hooues brasse, and thou shalt beat in pieces many people: and I will consecrate their gaine vnto the Lord, and their substance vnto the Lord of the whole earth."
            }
         ]
      },
      {
         "chapter": 5,
         "verses": [
            {
               "verse": 1,
               "text": "Now gather thy selfe in troupes, O daughter of troupes: he hath laid siege against vs: they shal smite the Iudge of Israel with a rod vpon the cheeke."
            },
            {
               "verse": 2,
               "text": "But thou Beth-leem Ephratah, though thou bee little among the thousands of Iudah, yet out of thee shall he come foorth vnto mee, that is to be ruler in Israel: whose goings foorth haue bene from of old, from euerlasting."
            },
            {
               "verse": 3,
               "text": "Therefore will hee giue them vp, vntill the time that shee which trauaileth, hath brought forth: then the remnant of his brethren shall returne vnto the children of Israel."
            },
            {
               "verse": 4,
               "text": "¶ And he shall stand and feed in the strength of the Lord, in the Maiestie of the Name of the Lord his God, and they shall abide: for now shall he be great vnto the ends of the earth."
            },
            {
               "verse": 5,
               "text": "And this man shall bee the peace when the Assyrian shall come into our land: and when hee shall tread in our palaces, then shall we raise against him seuen Shepheards, and eight principall men."
            },
            {
               "verse": 6,
               "text": "And they shall waste the land of Assyria with the sword, and the land of Nimrod in the entrances thereof: thus shall hee deliuer vs from the Assyrian, when he commeth into our land, and when hee treadeth within our borders."
            },
            {
               "verse": 7,
               "text": "And the remnant of Iacob shall be in the midst of many people, as a dew from the Lord, as the showres vpon the grasse that tarieth not for man, nor waiteth for the sonnes of men."
            },
            {
               "verse": 8,
               "text": "¶ And the remnant of Iacob shal be among the Gentiles in the middest of many people, as a Lyon among the beasts of the forrest, as a yong Lyon among the flockes of sheepe: who if he goe through, both treadeth downe, and teareth in pieces, and none can deliuer."
            },
            {
               "verse": 9,
               "text": "Thine hand shall be lift vp vpon thine aduersaries, and all thine enemies shalbe cut off."
            },
            {
               "verse": 10,
               "text": "And it shall come to passe in that day, sayth the Lord, that I will cut off thy horses out of the midst of thee, and I will destroy thy charets."
            },
            {
               "verse": 11,
               "text": "And I will cut off the cities of thy land, and throw downe all thy strong holdes."
            },
            {
               "verse": 12,
               "text": "And I will cut off witchcrafts out of thine hand, and thou shalt haue no more Southsayers."
            },
            {
               "verse": 13,
               "text": "Thy grauen images also will I cut off, and thy standing images out of the midst of thee: & thou shalt no more worship the worke of thine hands."
            },
            {
               "verse": 14,
               "text": "And I will plucke vp thy groues out of the middest of thee: so will I destroy thy cities."
            },
            {
               "verse": 15,
               "text": "And I will execute vengeance in anger, and furie vpon the heathen, such as they haue not heard."
            }
         ]
      },
      {
         "chapter": 6,
         "verses": [
            {
               "verse": 1,
               "text": "Heare yee now what the Lord saith, Arise, contend thou before the mountaines, and let the hilles heare thy voice."
            },
            {
               "verse": 2,
               "text": "Heare yee, O mountaines, the Lords controuersie, and ye strong foundations of the earth: for the Lord hath a controuersie with his people, and he will pleade with Israel."
            },
            {
               "verse": 3,
               "text": "O my people, what haue I done vnto thee, and wherein haue I wearied thee? testifie against me."
            },
            {
               "verse": 4,
               "text": "For I brought thee vp out of the land of Egypt, and redeemed thee out of the house of seruants, and I sent before thee Moses, Aaron and Miriam."
            },
            {
               "verse": 5,
               "text": "O my people, remember now what Balak king of Moab consulted, and what Balaam the sonne of Beor answered him from Shittim vnto Gilgal, that yee may know the righteousnesse of the Lord."
            },
            {
               "verse": 6,
               "text": "¶ Wherewith shall I come before the Lord, and bow my selfe before the high God? shall I come before him with burnt offerings, with calues of a yeere olde?"
            },
            {
               "verse": 7,
               "text": "Will the Lord be pleased with thousands of rammes, or with tenne thousands of riuers of oyle? shall I giue my first borne for my transgression, the fruit of my body for the sinne of my soule?"
            },
            {
               "verse": 8,
               "text": "Hee hath shewed thee, O man, what is good; and what doeth the Lord require of thee, but to do iustly, and to loue mercy, and to walke humbly with thy God?"
            },
            {
               "verse": 9,
               "text": "The Lords voice cryeth vnto the citie, and the man of wisedome shall see thy Name: heare ye the rodde, and who hath appointed it."
            },
            {
               "verse": 10,
               "text": "¶ Are there yet the treasures of wickednesse in the house of the wicked, and the scant measure that is abominable."
            },
            {
               "verse": 11,
               "text": "Shall I count them pure with the wicked balances, and with the bag of deceitfull weights?"
            },
            {
               "verse": 12,
               "text": "For the rich men thereof are full of violence, and the inhabitants thereof haue spoken lies, and their tongue is deceitfull in their mouth."
            },
            {
               "verse": 13,
               "text": "Therefore also will I make thee sicke in smiting thee, in making thee desolate, because of thy sinnes."
            },
            {
               "verse": 14,
               "text": "Thou shalt eate, but not be satisfied, and thy casting downe shall be in the midst of thee, and thou shalt take holde, but shalt not deliuer: & that which thou deliuerest, will I giue vp to the sword."
            },
            {
               "verse": 15,
               "text": "Thou shalt sow, but thou shalt not reape: thou shalt tread the oliues, but thou shalt not anoint thee with oile; & sweet wine, but shalt not drinke wine."
            },
            {
               "verse": 16,
               "text": "¶ For the statutes of Omri are kept, and all the workes of the house of Ahab, and ye walke in their counsels, that I should make thee a desolation, and the inhabitants thereof an hissing: therefore yee shall beare the reproch of my people."
            }
         ]
      },
      {
         "chapter": 7,
         "verses": [
            {
               "verse": 1,
               "text": "Woe is mee, for I am as when they haue gathered the summer fruits, as the grape gleanings of the vintage: there is no cluster to eate: my soule desired the first ripe fruit."
            },
            {
               "verse": 2,
               "text": "The good man is perished out of the earth, and there is none vpright among men: they all lie in waite for blood: they hunt euery man his brother with a net."
            },
            {
               "verse": 3,
               "text": "¶ That they may doe euill with both hands earnestly, the prince asketh, and the iudge asketh for a reward: and the great man, he vttereth his mischieuous desire: so they wrap it vp."
            },
            {
               "verse": 4,
               "text": "The best of them is as a brier: the most vpright is sharper then a thorne hedge: the day of thy watchmen, and thy visitation commeth; now shall be their perplexitie."
            },
            {
               "verse": 5,
               "text": "¶ Trust yee not in a friend, put ye not confidence in a guide: keepe the doores of thy mouth from her that lyeth in thy bosome."
            },
            {
               "verse": 6,
               "text": "For the sonne dishonoureth the father: the daughter riseth vp against her mother: the daughter in law against her mother in law; a mans enemies are the men of his owne house."
            },
            {
               "verse": 7,
               "text": "Therefore I will looke vnto you the Lord: I will waite for the God of my saluation: my God will heare me."
            },
            {
               "verse": 8,
               "text": "¶ Reioyce not against mee, O mine enemie: When I fall, I shall arise; when I sit in darknes, the Lord shall be a light vnto me."
            },
            {
               "verse": 9,
               "text": "I will beare the indignation of the Lord, because I haue sinned against him, vntill he plead my cause, and execute iudgement for me: he will bring me forth to the light, and I shall behold his righteousnesse."
            },
            {
               "verse": 10,
               "text": "Then she that is mine enemie shall see it, and shame shall couer her which said vnto mee; Where is the Lord thy God? mine eyes shall behold her: now shall she bee troden downe, as the myre of the streets."
            },
            {
               "verse": 11,
               "text": "In the day that thy walles are to be built, in that day shall the decree bee farre remoued."
            },
            {
               "verse": 12,
               "text": "In that day also he shal come euen to thee from Assyria, and from the fortified cities, and from the fortresse euen to the riuer, and from Sea to Sea, and from mountaine to mountaine;"
            },
            {
               "verse": 13,
               "text": "Notwithstanding the land shall be desolate because of them that dwell therein, for the fruite of their doings."
            },
            {
               "verse": 14,
               "text": "¶ Feede thy people with thy rod, the flocke of thine heritage, which dwell solitarily in the wood, in the midst of Carmel: let them feede in Bashan and Gilead, as in the dayes of old."
            },
            {
               "verse": 15,
               "text": "According to the dayes of thy comming out of the land of Egypt will I shew vnto him meruailous things."
            },
            {
               "verse": 16,
               "text": "¶ The nations shall see, and be confounded at all their might: they shall lay their hand vpon their mouth: their eares shall be deafe."
            },
            {
               "verse": 17,
               "text": "They shall licke the dust like a serpent, they shall moue out of their holes like wormes of the earth: they shall be afraid of the Lord our God, and shall feare because of thee."
            },
            {
               "verse": 18,
               "text": "Who is a God like vnto thee, that pardoneth iniquitie, and passeth by the transgression of the remnant of his heritage? hee retaineth not his anger for euer, because he delighteth in mercy."
            },
            {
               "verse": 19,
               "text": "He wil turne againe, he will haue compassion vpon vs: he will subdue our iniquities, and thou wilt cast all their sinnes into the depths of the Sea."
            },
            {
               "verse": 20,
               "text": "Thou wilt performe the trueth to Iacob, and the mercy to Abraham, which thou hast sworne vnto our fathers from the dayes of old."
            }
         ]
      }
   ]
}