{
   "book": "Nahum",
   "chapter-count": "3",
   "chapters": [
      {
         "chapter": 1,
         "verses": [
            {
               "verse": 1,
               "text": "The burden of Nineueh. The book of the vision of Nahum the Elkoshite."
            },
            {
               "verse": 2,
               "text": "God is ielous, and the Lord reuengeth: the Lord reuengeth, and is furious, the Lord wil take vengeance on his aduersaries, and he reserueth wrath for his enemies."
            },
            {
               "verse": 3,
               "text": "The Lord is slow to anger, and great in power, and will not at all acquit the wicked: the Lord hath his way in the whirlewind, and in the storme, and the clouds are the dust of his feete."
            },
            {
               "verse": 4,
               "text": "He rebuketh the sea, and maketh it drie, and drieth vp all the riuers: Bashan languisheth, and Carmel, and the floure of Lebanon languisheth."
            },
            {
               "verse": 5,
               "text": "The mountaines quake at him, and the hilles melt, and the earth is burnt at his presence, yea the world and all that dwell therein."
            },
            {
               "verse": 6,
               "text": "Who can stand before his indignation? and who can abide in the fiercenesse of his anger? his furie is powred out like fire, and the rocks are throwen downe by him."
            },
            {
               "verse": 7,
               "text": "The Lord is good, a strong hold in the day of trouble, & he knoweth them that trust in him."
            },
            {
               "verse": 8,
               "text": "But with an ouer-running flood he will make an vtter ende of the place thereof, and darkenesse shall pursue his enemies."
            },
            {
               "verse": 9,
               "text": "What doe ye imagine against the Lord ? he will make an vtter ende: affliction shall not rise vp the second time."
            },
            {
               "verse": 10,
               "text": "For while they be folden together as thornes, and while they are drunken as drunkards, they shall be deuoured as stubble fully drie."
            },
            {
               "verse": 11,
               "text": "There is one come out of thee, that imagineth euill against the Lord: a wicked counseller."
            },
            {
               "verse": 12,
               "text": "Thus saith the Lord, Though they be quiet, and likewise many, yet thus shall they be cut downe, when he shall passe through: though I haue afflicted thee, I will afflict thee no more."
            },
            {
               "verse": 13,
               "text": "For now will I breake his yoke from off thee, and will burst thy bonds in sunder."
            },
            {
               "verse": 14,
               "text": "And the Lord hath giuen a commandement concerning thee, that no more of thy name be sowen: out of the house of thy gods will I cut off the grauen image, and the molten image, I wil make thy graue, for thou art vile."
            },
            {
               "verse": 15,
               "text": "Behold vpon the mountaines the feete of him that bringeth good tidings, that publisheth peace. O Iudah keepe thy solemne feasts, performe thy vowes: for the wicked shall no more passe through thee, he is vtterly cut off."
            }
         ]
      },
      {
         "chapter": 2,
         "verses": [
            {
               "verse": 1,
               "text": "He that dasheth in pieces is come up before thy face: keep the munition, watch the way: make thy loines strong: fortifie thy power mightily."
            },
            {
               "verse": 2,
               "text": "For the Lord hath turned away the excellencie of Iacob, as the excellencie of Israel: for the emptiers haue emptied them out, and marred their vine branches."
            },
            {
               "verse": 3,
               "text": "The shield of his mightie men is made red, the valiant men are in scarlet: the charets shall bee with flaming torches in the day of his preparation, and the firre trees shall bee terribly shaken."
            },
            {
               "verse": 4,
               "text": "The charets shall rage in the streets, they shall iustle one against another in the broad wayes: they shall seeme like torches, they shall runne like the lightnings."
            },
            {
               "verse": 5,
               "text": "Hee shall recount his worthies: they shall stumble in their walke: they shall make haste to the wal thereof, and the defence shall bee prepared."
            },
            {
               "verse": 6,
               "text": "The gates of the riuers shall bee opened, and the palace shall bee dissolued."
            },
            {
               "verse": 7,
               "text": "And Huzzab shall be led away captiue, she shall be brought vp, and her maids shall leade her as with the voyce of doues, tabring vpon their breasts."
            },
            {
               "verse": 8,
               "text": "But Nineueh is of olde like a poole of water: yet they shall flee away. Stand, stand shall they cry: but none shal looke backe."
            },
            {
               "verse": 9,
               "text": "Take ye the spoyle of siluer, take the spoile of golde: for there is none end of the store, and glory out of all the pleasant furniture."
            },
            {
               "verse": 10,
               "text": "Shee is emptie, and voide, and waste, and the heart melteth, and the knees smite together, and much paine is in all loynes, and the faces of them all gather blacknesse."
            },
            {
               "verse": 11,
               "text": "Where is the dwelling of the Lions, and the feeding place of the yong Lions? where the Lion, euen the olde Lion walked, and the Lions whelpe, and none made them afraid."
            },
            {
               "verse": 12,
               "text": "The Lion did teare in pieces enough for his whelpes, and strangled for his Lionesses, and filled his holes with pray, and his dens with rauine."
            },
            {
               "verse": 13,
               "text": "Behold, I am against thee, saith the Lord of hosts, and I will burne her charets in the smoke, and the sword shall deuoure thy yong Lions, and I wil cut off thy pray from the earth, and the voice of thy messengers shall no more be heard."
            }
         ]
      },
      {
         "chapter": 3,
         "verses": [
            {
               "verse": 1,
               "text": "Woe to the bloody City, it is all full of lyes and robberie, the pray departeth not."
            },
            {
               "verse": 2,
               "text": "The noise of a whip, and the noise of the rattling of the wheeles, and of the praunsing horses, and of the iumping charets."
            },
            {
               "verse": 3,
               "text": "The horseman lifteth vp both the bright sword, & the glittering speare, and there is a multitude of slaine, and a great number of carkeises: and there is none ende of their corpses: they stumble vpon their corpses,"
            },
            {
               "verse": 4,
               "text": "Because of the multitude of the whoredomes of the wel-fauoured harlot, the mistresse of witchcrafts, that selleth nations through her whoredomes, and families through her witchcrafts."
            },
            {
               "verse": 5,
               "text": "Behold, I am against thee, saith the Lord of hostes, and I will discouer thy skirtes vpon thy face, and I will shew the nations thy nakednesse, and the kingdomes thy shame."
            },
            {
               "verse": 6,
               "text": "And I will cast abominable filth vpon thee, and make thee vile, and will set thee as a gazing stocke."
            },
            {
               "verse": 7,
               "text": "And it shall come to passe, that all they that looke vpon thee, shall flee from thee, and say; Nineueh is layde waste, who will bemoane her? whence shall I seeke comforters for thee?"
            },
            {
               "verse": 8,
               "text": "Art thou better then populous No, that was scituate among the riuers that had the waters round about it, whose rampart was the sea, and her wall was from the sea?"
            },
            {
               "verse": 9,
               "text": "Ethiopia and Egypt were her strength, and it was infinit, Put and Lubim were thy helpers."
            },
            {
               "verse": 10,
               "text": "Yet was she caried away, she went into captiuitie: her yong children also were dashed in pieces at the top of all the streetes: and they cast lots for her honourable men, and all her great men were bound in chaines."
            },
            {
               "verse": 11,
               "text": "Thou also shalt be drunken: thou shalt bee hid, thou also shalt seeke strength because of the enemie."
            },
            {
               "verse": 12,
               "text": "All thy strong holds shall be like fig trees with the first ripe figs: if they bee shaken, they shall euen fall into the mouth of the eater."
            },
            {
               "verse": 13,
               "text": "Beholde, thy people in the midst of thee are women: the gates of thy land shall be set wide open vnto thine enemies, the fire shall deuoure thy barres."
            },
            {
               "verse": 14,
               "text": "Draw thee waters for the siege: fortifie thy strong holdes, goe into clay, and tread the morter: make strong the bricke-kill."
            },
            {
               "verse": 15,
               "text": "There shall the fire deuoure thee: the sword shall cut thee off: it shall eate thee vp like the cankerworme: make thy selfe many as the cankerworme, make thy selfe many as the locusts."
            },
            {
               "verse": 16,
               "text": "Thou hast multiplied thy merchants aboue the starres of heauen; the cankerworme spoileth & flieth away."
            },
            {
               "verse": 17,
               "text": "The crowned are as the locusts, and thy captains as the great grashoppers which campe in the hedges in the cold day: but when the Sunne ariseth, they flee away, and their place is not knowen where they are."
            },
            {
               "verse": 18,
               "text": "Thy shepheards slumber, O king of Assyria: thy nobles shall dwell in the dust: thy people is scattered vpon the mountaines, & no man gathereth them."
            },
            {
               "verse": 19,
               "text": "There is no healing of thy bruise: thy wound is grieuous: all that heare the bruit of thee, shall clap the hands ouer thee; for vpon whom hath not thy wickednesse passed continually?"
            }
         ]
      }
   ]
}