{
   "book": "Philippians",
   "chapter-count": "4",
   "chapters": [
      {
         "chapter": 1,
         "verses": [
            {
               "verse": 1,
               "text": "Paul and Timotheus the seruants of Iesus Christ, to all the Saints in Christ Iesus, which are at Philippi, with the Bishops and Deacons:"
            },
            {
               "verse": 2,
               "text": "Grace be vnto you, and peace, from God our Father, and from the Lord Iesus Christ."
            },
            {
               "verse": 3,
               "text": "I thanke my God vpon euery remembrance of you,"
            },
            {
               "verse": 4,
               "text": "Alwayes in euery prayer of mine for you all making request, with ioy"
            },
            {
               "verse": 5,
               "text": "For your felowship in the Gospel from the first day vntill now;"
            },
            {
               "verse": 6,
               "text": "Being confident of this very thing, that he which hath begun a good work in you, will performe it vntil the day of Iesus Christ:"
            },
            {
               "verse": 7,
               "text": "Euen as it is meete for mee to thinke this of you all, because I haue you in my heart, in as much as both in my bonds, and in the defence and confirmation of the Gospel, ye all are partakers of my grace."
            },
            {
               "verse": 8,
               "text": "For God is my record, how greatly I long after you all, in the bowels of Iesus Christ."
            },
            {
               "verse": 9,
               "text": "And this I pray, that your loue may abound yet more & more in knowledge, and in all iudgment."
            },
            {
               "verse": 10,
               "text": "That ye may approue things that are excellent, that ye may be sincere, and without offence till the day of Christ."
            },
            {
               "verse": 11,
               "text": "Being filled with the fruites of righteousnesse, which are by Iesus Christ vnto the glory and praise of God."
            },
            {
               "verse": 12,
               "text": "But I would yee should vnderstand brethren, that the things which happened vnto mee, haue fallen out rather vnto the furtherance of the Gospel."
            },
            {
               "verse": 13,
               "text": "So that my bonds in Christ, are manifest in all the palace, and in all other places."
            },
            {
               "verse": 14,
               "text": "And many of the brethren in the Lord, waxing confident, by my bonds, are much more bold to speake the word without feare."
            },
            {
               "verse": 15,
               "text": "Some in deed preach Christ, euen of enuie and strife, and some also of good will."
            },
            {
               "verse": 16,
               "text": "The one preach Christ of contention, not syncerely, supposing to adde affliction to my bonds:"
            },
            {
               "verse": 17,
               "text": "But the other of loue, knowing that I am set for the defence of the Gospel."
            },
            {
               "verse": 18,
               "text": "What then? Notwithstanding euery way, whether in pretence, or in trueth: Christ is preached, and I therein doe reioyce, yea, and will reioyce."
            },
            {
               "verse": 19,
               "text": "For I know that this shall turne to my saluation through your prayer, and the supplie of the spirit of Iesus Christ,"
            },
            {
               "verse": 20,
               "text": "According to my earnest expectation, and my hope, that in nothing I shalbe ashamed: but that with all boldnes, as alwayes, so now also Christ shal be magnified in my body, whether it be by life or by death."
            },
            {
               "verse": 21,
               "text": "For to me to liue is Christ, and to die is gaine."
            },
            {
               "verse": 22,
               "text": "But if I liue in the flesh, this is the fruit of my labour: yet what I shal chuse, I wote not."
            },
            {
               "verse": 23,
               "text": "For I am in a strait betwixt two, hauing a desire to depart, & to bee with Christ, which is farre better."
            },
            {
               "verse": 24,
               "text": "Neuertheles, to abide in the flesh, is more needfull for you."
            },
            {
               "verse": 25,
               "text": "And hauing this confidence, I know that I shall abide and continue with you all, for your furtherance and ioy of faith,"
            },
            {
               "verse": 26,
               "text": "That your reioycing may bee more abundant in Iesus Christ for me, by my comming to you againe."
            },
            {
               "verse": 27,
               "text": "Onely let your conuersation bee as it becommeth the Gospel of Christ, that whether I come and see you, or else be absent, I may heare of your affaires, that yee stand fast in one spirit, with one minde, striuing together for the faith of the Gospel,"
            },
            {
               "verse": 28,
               "text": "And in nothing terrified by your aduersaries, which is to them an euident token of perdition: but to you of saluation, and that of God."
            },
            {
               "verse": 29,
               "text": "For vnto you it is giuen in the behalfe of Christ, not onely to beleeue on him, but also to suffer for his sake,"
            },
            {
               "verse": 30,
               "text": "Hauing the same conflict which ye saw in me, and now heare to be in me."
            }
         ]
      },
      {
         "chapter": 2,
         "verses": [
            {
               "verse": 1,
               "text": "If there bee therefore any consolation in Christ, if any comfort of loue, if any fellowship of the Spirit, if any bowels, & mercies;"
            },
            {
               "verse": 2,
               "text": "Fulfill ye my ioy, that yee be like minded, hauing the same loue, being of one accord, of one minde."
            },
            {
               "verse": 3,
               "text": "Let nothing bee done through strife, or vaine glory, but in lowlinesse of minde let each esteeme other better then themselues."
            },
            {
               "verse": 4,
               "text": "Looke not euery man on his owne things, but euery man also on the things of others."
            },
            {
               "verse": 5,
               "text": "Let this minde bee in you, which was also in Christ Iesus:"
            },
            {
               "verse": 6,
               "text": "Who being in the forme of God, thought it not robbery to bee equall with God:"
            },
            {
               "verse": 7,
               "text": "But made himselfe of no reputation, and tooke vpon him the forme of a seruant, and was made in the likenesse of men."
            },
            {
               "verse": 8,
               "text": "And being found in fashion as a man, he humbled himselfe, and became obedient vnto death, euen the death of the Crosse."
            },
            {
               "verse": 9,
               "text": "Wherefore God also hath highly exalted him, and giuen him a Name which is aboue euery name:"
            },
            {
               "verse": 10,
               "text": "That at the Name of Iesus euery knee should bow, of things in heauen, and things in earth, and things vnder the earth:"
            },
            {
               "verse": 11,
               "text": "And that euery tongue should confesse, that Iesus Christ is Lord, to the glory of God the Father."
            },
            {
               "verse": 12,
               "text": "Wherefore, my beloued, as yee haue alwayes obeyed, not as in my presence onely, but now much more in my absence; worke out your owne saluation with feare, and trembling."
            },
            {
               "verse": 13,
               "text": "For it is God which worketh in you, both to will, and to doe, of his good pleasure."
            },
            {
               "verse": 14,
               "text": "Doe all things without murmurings, and disputings:"
            },
            {
               "verse": 15,
               "text": "That yee may bee blamelesse and harmelesse, the sonnes of God, without rebuke, in the middes of a crooked and peruerse nation, among whom ye shine as lights in the world:"
            },
            {
               "verse": 16,
               "text": "Holding foorth the word of life, that I may reioyce in the day of Christ, that I haue not runne in vaine, neither laboured in vaine."
            },
            {
               "verse": 17,
               "text": "Yea, and if I bee offered vpon the sacrifice and seruice of your faith, I ioy, and reioyce with you all."
            },
            {
               "verse": 18,
               "text": "For the same cause also doe ye ioy, and reioyce with me."
            },
            {
               "verse": 19,
               "text": "But I trust in the Lord Iesus, to send Timotheus shortly vnto you, that I also may bee of good comfort, when I know your state."
            },
            {
               "verse": 20,
               "text": "For I haue no man like minded, who will naturally care for your state."
            },
            {
               "verse": 21,
               "text": "For all seeke their owne, not the things which are Iesus Christs."
            },
            {
               "verse": 22,
               "text": "But ye know the proofe of him, That as a sonne with the father, hee hath serued with me, in the Gospel."
            },
            {
               "verse": 23,
               "text": "Him therefore I hope to send presently, so soone as I shall see how it wil goe with me."
            },
            {
               "verse": 24,
               "text": "But I trust in the Lord, that I also my selfe shall come shortly."
            },
            {
               "verse": 25,
               "text": "Yet I supposed it necessary, to send to you Epaphroditus my brother and companion in labour, and fellow souldiour, but your messenger, and hee that ministred to my wants."
            },
            {
               "verse": 26,
               "text": "For hee longed after you all, and was full of heauinesse, because that yee had heard that he had bene sicke."
            },
            {
               "verse": 27,
               "text": "For indeed he was sicke nigh vnto death, but God had mercy on him: and not on him onely, but on mee also, lest I should haue sorow vpon sorow."
            },
            {
               "verse": 28,
               "text": "I sent him therefore the more carefully, that when ye see him againe, ye may reioyce, and that I may bee the lesse sorrowfull."
            },
            {
               "verse": 29,
               "text": "Receiue him therfore in the Lord with all gladnesse, and hold such in reputation:"
            },
            {
               "verse": 30,
               "text": "Because for the worke of Christ he was nigh vnto death, not regarding his life, to supply your lacke of seruice toward me."
            }
         ]
      },
      {
         "chapter": 3,
         "verses": [
            {
               "verse": 1,
               "text": "Finally, my brethren, reioyce in the Lorde. To write the same things to you, to me indeed is not grieuous: but for you it is safe."
            },
            {
               "verse": 2,
               "text": "Beware of dogs, beware of euill workers: beware of the concision."
            },
            {
               "verse": 3,
               "text": "For we are the circumcision, which worship God in the spirit, and reioyce in Christ Iesus, and haue no confidence in the flesh."
            },
            {
               "verse": 4,
               "text": "Though I might also haue confidence in the flesh. If any other man thinketh that hee hath whereof hee might trust in the flesh, I more:"
            },
            {
               "verse": 5,
               "text": "Circumcised the eight day, of the stocke of Israel, of the tribe of Beniamin, an Hebrew of the Hebrewes, as touching the Law, a Pharise:"
            },
            {
               "verse": 6,
               "text": "Concerning zeale, persecuting the Church: touching the righteousnesse which is in the Law, blamelesse."
            },
            {
               "verse": 7,
               "text": "But what things were gaine to me, those I counted losse for Christ."
            },
            {
               "verse": 8,
               "text": "Yea doubtlesse, and I count all things but losse, for the excellencie of the knowledge of Christ Iesus my Lord: for whom I haue suffered the losse of all things, and doe count them but doung, that I may win Christ,"
            },
            {
               "verse": 9,
               "text": "And be found in him, not hauing mine owne righteousnesse, which is of the Law, but that which is through the faith of Christ, the righteousnesse which is of God by faith:"
            },
            {
               "verse": 10,
               "text": "That I may know him, and the power of his resurrection, and the fellowship of his sufferings, being made conformable vnto his death,"
            },
            {
               "verse": 11,
               "text": "If by any meanes I might attaine vnto the resurrection of the dead."
            },
            {
               "verse": 12,
               "text": "Not as though I had already attained, either were already perfect: but I follow after, if that I may apprehend that for which also I am apprehended of Christ Iesus."
            },
            {
               "verse": 13,
               "text": "Brethren, I count not my selfe to haue apprehended: but this one thing I doe, forgetting those things which are behinde, and reaching forth vnto those things which are before,"
            },
            {
               "verse": 14,
               "text": "I presse toward the marke, for the price of the high calling of God in Christ Iesus."
            },
            {
               "verse": 15,
               "text": "Let vs therefore, as many as bee perfect, bee thus minded: and if in any thing ye be otherwise minded, God shal reueale euen this vnto you."
            },
            {
               "verse": 16,
               "text": "Neuerthelesse, whereto wee haue alreadie attained, let vs walke by the same rule, let vs minde the same thing."
            },
            {
               "verse": 17,
               "text": "Brethren, be followers together of me, and marke them which walke so, as ye haue vs for an ensample."
            },
            {
               "verse": 18,
               "text": "(For many walke, of whome I haue told you often, and now tell you euen weeping, that they are the enemies of the crosse of Christ:"
            },
            {
               "verse": 19,
               "text": "Whose end is destruction, whose God is their belly, and whose glorie is in their shame, who minde earthly things.)"
            },
            {
               "verse": 20,
               "text": "For our conuersation is in heauen, from whence also we looke for the Sauiour, the Lord Iesus Christ:"
            },
            {
               "verse": 21,
               "text": "Who shall change our vile bodie, that it may bee fashioned like vnto his glorious body, according to the working whereby he is able euen to subdue all things vnto himselfe."
            }
         ]
      },
      {
         "chapter": 4,
         "verses": [
            {
               "verse": 1,
               "text": "Therefore, my brethren, dearely beloued and longed for, my ioy and crowne, so stand fast in the Lord, my dearely beloued."
            },
            {
               "verse": 2,
               "text": "I beseech Euodias, and beseech Syntiche, that they be of the same mind in the Lord."
            },
            {
               "verse": 3,
               "text": "And I entreat thee also, true yokefellow, helpe those women which laboured with me in the Gospel, with Clement also, and with other my fellow labourers, whose names are in the booke of life."
            },
            {
               "verse": 4,
               "text": "Reioyce in the Lord alway: and againe I say, Reioyce."
            },
            {
               "verse": 5,
               "text": "Let your moderation be knowen vnto all men. The Lord is at hand."
            },
            {
               "verse": 6,
               "text": "Bee carefull for nothing: but in euery thing by prayer and supplication with thankesgiuing, let your request be made knowen vnto God."
            },
            {
               "verse": 7,
               "text": "And the peace of God which passeth all vnderstanding, shall keepe your hearts & minds through Christ Iesus."
            },
            {
               "verse": 8,
               "text": "Finally, brethren, whatsoeuer things are true, whatsoeuer things are honest, whatsoeuer things are iust, whatsoeuer things are pure, whatsoeuer things are louely, whatsoeuer things are of good report: if there bee any vertue, and if there bee any praise, thinke on these things:"
            },
            {
               "verse": 9,
               "text": "Those things which ye haue both learned and receiued, and heard, and seene in mee, doe: and the God of peace shall be with you."
            },
            {
               "verse": 10,
               "text": "But I reioyced in the Lorde greatly, that now at the last your care of me hath flourished againe, wherein yee were also carefull, but ye lacked opportunitie."
            },
            {
               "verse": 11,
               "text": "Not that I speake in respect of want: for I haue learned in whatsoeuer state I am, therewith to bee content."
            },
            {
               "verse": 12,
               "text": "I know both how to bee abased, and I knowe how to abound: euerie where, and in all things I am instructed, both to bee full, and to bee hungrie, both to abound, and to suffer need."
            },
            {
               "verse": 13,
               "text": "I can do all things through Christ, which strengtheneth me."
            },
            {
               "verse": 14,
               "text": "Notwithstanding, yee haue well done, that ye did communicate with my affliction."
            },
            {
               "verse": 15,
               "text": "Now ye Philippians know also, that in the beginning of the Gospel, when I departed from Macedonia, no Church communicated with mee, as concerning giuing and receiuing, but ye onely."
            },
            {
               "verse": 16,
               "text": "For euen in Thessalonica, ye sent once, and againe vnto my necessitie."
            },
            {
               "verse": 17,
               "text": "Not because I desire a gift: but I desire fruit that may abound to your account."
            },
            {
               "verse": 18,
               "text": "But I haue all, and abound. I am full, hauing receiued of Epaphroditus the things which were sent from you, an odour of a sweet smell, a sacrifice acceptable, well pleasing to God."
            },
            {
               "verse": 19,
               "text": "But my God shall supply all your need, according to his riches in glory, by Christ Iesus."
            },
            {
               "verse": 20,
               "text": "Now vnto God and our Father be glory for euer and euer. Amen."
            },
            {
               "verse": 21,
               "text": "Salute euery Saint in Christ Iesus: the brethren which are with me, greet you."
            },
            {
               "verse": 22,
               "text": "All the Saints salute you, chiefly they that are of Cesars houshold."
            },
            {
               "verse": 23,
               "text": "The grace of our Lord Iesus Christ be with you all. Amen. It was written to the Philippians from Rome, by Epaphroditus."
            }
         ]
      }
   ]
}