{
   "book": "Philemon",
   "chapter-count": "1",
   "chapters": [
      {
         "chapter": 1,
         "verses": [
            {
               "verse": 1,
               "text": "Paul a prisoner of Iesus Christ, & Timothie our brother vnto Philemon our dearely beloued, and fellow labourer,"
            },
            {
               "verse": 2,
               "text": "And to our beloued Apphia, and Archippus our fellow Souldier, and to the Church in thy house."
            },
            {
               "verse": 3,
               "text": "Grace to you, and peace from God our Father, and the Lord Iesus Christ."
            },
            {
               "verse": 4,
               "text": "I thanke my God, making mention of thee alwayes in my prayers,"
            },
            {
               "verse": 5,
               "text": "Hearing of thy loue, and faith, which thou hast toward the Lord Iesus, and toward all Saints:"
            },
            {
               "verse": 6,
               "text": "That the communication of thy faith may become effectuall by the acknowledging of euery good thing, which is in you in Christ Iesus."
            },
            {
               "verse": 7,
               "text": "For wee haue great ioy and consolation in thy loue, because the bowels of the Saints are refreshed by thee, brother."
            },
            {
               "verse": 8,
               "text": "Wherefore, though I might bee much bolde in Christ to enioyne thee that which is conuenient;"
            },
            {
               "verse": 9,
               "text": "Yet for loues sake I rather beseech thee, being such a one as Paul the aged, and now also a prisoner of Iesus Christ."
            },
            {
               "verse": 10,
               "text": "I beseech thee for my sonne Onesimus, whome I haue begotten in my bonds,"
            },
            {
               "verse": 11,
               "text": "Which in time past was to thee vnprofitable: but now profitable to thee and to me:"
            },
            {
               "verse": 12,
               "text": "Whom I haue sent againe: thou therfore receiue him, that is mine owne bowels."
            },
            {
               "verse": 13,
               "text": "Whome I would haue reteined with mee, that in thy stead hee might haue ministred vnto me in the bonds of the Gospel."
            },
            {
               "verse": 14,
               "text": "But without thy minde would I doe nothing, that thy benefite should not bee as it were of necessitie, but willingly."
            },
            {
               "verse": 15,
               "text": "For perhaps hee therefore departed for a season, that thou shouldest receiue him for euer:"
            },
            {
               "verse": 16,
               "text": "Not now as a seruant, but aboue a seruant, a brother beloued, specially to mee, but how much more vnto thee, both in the flesh, and in the Lord?"
            },
            {
               "verse": 17,
               "text": "If thou count mee therefore a partner, receiue him as my selfe."
            },
            {
               "verse": 18,
               "text": "If hee hath wronged thee, or oweth thee ought, put that on mine account."
            },
            {
               "verse": 19,
               "text": "I Paul haue written it with mine own hand, I will repay it: albeit I doe not say to thee how thou owest vnto me, euen thine owne selfe besides:"
            },
            {
               "verse": 20,
               "text": "Yea, brother, let mee haue ioy of thee in the Lord: refresh my bowles in the Lord."
            },
            {
               "verse": 21,
               "text": "Hauing confidence in thy obedience, I wrote vnto thee, knowing that thou wilt also doe more then I say."
            },
            {
               "verse": 22,
               "text": "But withall prepare mee also a lodging: for I trust that through your prayers I shall be giuen vnto you."
            },
            {
               "verse": 23,
               "text": "There salute thee Epaphras, my fellow prisoner in Christ Iesus:"
            },
            {
               "verse": 24,
               "text": "Marcus, Aristarchus, Demas, Lucas, my fellow labourers."
            },
            {
               "verse": 25,
               "text": "The grace of our Lord Iesus Christ be with your spirit. Amen.Written from Rome to Philemon, by Onesimus a seruant."
            }
         ]
      }
   ]
}