{
   "book": "Prayer of Azariah",
   "chapter-count": "1",
   "chapters": [
      {
         "chapter": 1,
         "verses": [
            {
               "verse": 1,
               "text": "Then Azarias stood vp & prayed on this manner, and opening his mouth in the midst of the fire, said,"
            },
            {
               "verse": 2,
               "text": "Blessed art thou, O Lord God of our fathers: thy Name is worthy to be praised, and glorified for euermore."
            },
            {
               "verse": 3,
               "text": "For thou art righteous in all the things that thou hast done to vs: yea, true are all thy workes: thy wayes are right, and all thy iudgements trueth."
            },
            {
               "verse": 4,
               "text": "In all the things that thou hast brought vpon vs, and vpon the holy citie of our fathers, euen Ierusalem, thou hast executed true iudgement: for according to trueth and iudgement, didst thou bring all these things vpon vs, because of our sinnes."
            },
            {
               "verse": 5,
               "text": "For wee haue sinned and committed iniquitie, departing from thee."
            },
            {
               "verse": 6,
               "text": "In all things haue we trespassed, and not obeyed thy Commandements, nor kept them, neither done as thou hast commanded vs, that it might goe well with vs."
            },
            {
               "verse": 7,
               "text": "Wherefore all that thou hast brought vpon vs, and euery thing that thou hast done to vs, thou hast done in true iudgement."
            },
            {
               "verse": 8,
               "text": "And thou didst deliuer vs into the hands of lawlesse enemies, most hatefull forsakers  and to an vniust King, and the most wicked in all the world."
            },
            {
               "verse": 9,
               "text": "And now wee can not open our mouthes, we are become a shame, and reproch to thy seruants, and to them that worship thee."
            },
            {
               "verse": 10,
               "text": "Yet deliuer vs not vp wholy for thy Names sake, neither disanull thou thy Couenant:"
            },
            {
               "verse": 11,
               "text": "And cause not thy mercy to depart from vs: for thy beloued Abrahams sake: for thy seruant Isaacs sake, and for thy holy Israels sake."
            },
            {
               "verse": 12,
               "text": "To whom thou hast spoken and promised, That thou wouldest multiply their seed as the starres of heauen, and as the sand that lyeth vpon the sea shore."
            },
            {
               "verse": 13,
               "text": "For we, O Lord, are become lesse then any nation, and bee kept vnder this day in all the world, because of our sinnes."
            },
            {
               "verse": 14,
               "text": "Neither is there at this time, Prince, or Prophet, or leader, or burnt offering, or sacrifice, or oblation, or incense, or place to sacrifice before thee, and to finde mercie."
            },
            {
               "verse": 15,
               "text": "Neuerthelesse in a contrite heart, and an humble spirit, let vs be accepted."
            },
            {
               "verse": 16,
               "text": "Like as in the burnt offering of rammes and bullockes, and like as in ten thousands of fat lambes: so let our sacrifice bee in thy sight this day, and  that wee may wholy goe after thee: for they shall not bee confounded that put their trust in thee."
            },
            {
               "verse": 17,
               "text": "And now wee follow thee, with all our heart, wee feare thee, and seeke thy face."
            },
            {
               "verse": 18,
               "text": "Put vs not to shame: but deale with vs after thy louing kindenesse, and according to the multitude of thy mercies."
            },
            {
               "verse": 19,
               "text": "Deliuer vs also according to thy marueilous workes, and giue glory to thy Name, O Lord, and let all them that doe thy seruants hurt be ashamed."
            },
            {
               "verse": 20,
               "text": "And let them be confounded in all their power and might, and let their strength be broken."
            },
            {
               "verse": 21,
               "text": "And let them know that thou art Lord, the onely God, and glorious ouer the whole world."
            },
            {
               "verse": 22,
               "text": "And the kings seruants that put them in, ceased not to make the ouen hote with rosin, pitch, towe, and small wood."
            },
            {
               "verse": 23,
               "text": "So that the flame streamed forth aboue the fornace, fourtie and nine cubites:"
            },
            {
               "verse": 24,
               "text": "And it passed through, and burnt those Caldeans it found about the fornace."
            },
            {
               "verse": 25,
               "text": "But the Angel of the Lord came downe into the ouen, together with Azarias and his fellowes, and smote the flame of the fire out of the ouen:"
            },
            {
               "verse": 26,
               "text": "And made the mids of the fornace, as it had bene a moist whistling wind, so that the fire touched them not at all, neither hurt nor troubled them."
            },
            {
               "verse": 27,
               "text": "Then the three, as out of one mouth, praised, glorified, and blessed God in the fornace, saying;"
            },
            {
               "verse": 28,
               "text": "Blessed art thou, O Lord God of our fathers: and to be praised and exalted aboue all for euer."
            },
            {
               "verse": 29,
               "text": "And blessed is thy glorious and holy Name: and to be praised and exalted aboue all for euer."
            },
            {
               "verse": 30,
               "text": "Blessed art thou in the Temple of thine holy glory: and to be praised and glorified aboue all for euer."
            },
            {
               "verse": 31,
               "text": "Blessed art thou that beholdest the depths, and sittest vpon the Cherubims, and to be praised and exalted aboue all for euer."
            },
            {
               "verse": 32,
               "text": "Blessed art thou on the glorious Throne of thy kingdome: and to bee praised and glorified aboue all for euer."
            },
            {
               "verse": 33,
               "text": "Blessed art thou in the firmament of heauen: and aboue all to be praised and glorified for euer."
            },
            {
               "verse": 34,
               "text": "O all yee workes of the Lorde, blesse ye the Lord: praise and exalt him aboue all for euer."
            },
            {
               "verse": 35,
               "text": "O ye heauens, blesse ye the Lord: praise and exalt him aboue all for euer."
            },
            {
               "verse": 36,
               "text": "O yee Angels of the Lord, blesse ye the Lord: praise and exalt him aboue all for euer."
            },
            {
               "verse": 37,
               "text": "O all ye waters that be aboue the heauen, blesse yee the Lord: praise and exalt him aboue all for euer."
            },
            {
               "verse": 38,
               "text": "O all yee powers of the Lord, blesse ye the Lord: praise and exalt him aboue all for euer."
            },
            {
               "verse": 39,
               "text": "O yee Sunne and Moone, blesse ye the Lord: praise and exalt him aboue all for euer."
            },
            {
               "verse": 40,
               "text": "O ye starres of heauen, blesse ye the Lord: praise and exalt him aboue all for euer."
            },
            {
               "verse": 41,
               "text": "O euery showre and dew, blesse ye the Lord: praise and exalt him aboue all for euer."
            },
            {
               "verse": 42,
               "text": "O all ye windes, blesse yee the Lord: praise and exalt him aboue all for euer."
            },
            {
               "verse": 43,
               "text": "O yee fire and heate, blesse ye the Lord: praise and exalt him aboue all for euer."
            },
            {
               "verse": 44,
               "text": "O yee Winter and Summer, blesse ye the Lord: praise and exalt him aboue all for euer."
            },
            {
               "verse": 45,
               "text": "O ye dewes and stormes of snow, blesse ye the Lord: praise and exalt him aboue all for euer."
            },
            {
               "verse": 46,
               "text": "O ye nights and dayes, blesse ye the Lord: praise and exalt him aboue all for euer."
            },
            {
               "verse": 47,
               "text": "O ye light and darkenesse, blesse ye the Lord: praise and exalt him aboue all for euer."
            },
            {
               "verse": 48,
               "text": "O yee yce and colde, blesse ye the Lord: praise and exalt him aboue all for euer."
            },
            {
               "verse": 49,
               "text": "O ye frost and snow, blesse ye the Lord: praise and exalt him aboue all for euer."
            },
            {
               "verse": 50,
               "text": "O ye lightnings and clouds, blesse ye the Lord: praise and exalt him aboue all for euer."
            },
            {
               "verse": 51,
               "text": "O let the earth blesse the Lord: praise and exalt him aboue all for euer."
            },
            {
               "verse": 52,
               "text": "O ye mountaines and little hils, blesse ye the Lord: praise and exalt him aboue all for euer."
            },
            {
               "verse": 53,
               "text": "O all ye things that grow on the earth, blesse ye the Lord: praise and exalt him aboue all for euer."
            },
            {
               "verse": 54,
               "text": "O yee fountaines, blesse yee the Lord: praise and exalt him aboue all for euer."
            },
            {
               "verse": 55,
               "text": "O ye seas and riuers, blesse ye the Lord: praise and exalt him aboue all for euer."
            },
            {
               "verse": 56,
               "text": "O ye whales and all that mooue in the waters, blesse ye the Lord: praise and exalt him aboue all for euer."
            },
            {
               "verse": 57,
               "text": "O all ye foules of the aire, blesse ye the Lord: praise and exalt him aboue all for euer."
            },
            {
               "verse": 58,
               "text": "O all ye beasts and cattell, blesse ye the Lord: praise and exalt him aboue all for euer."
            },
            {
               "verse": 59,
               "text": "O ye children of men, blesse yee the Lord: praise and exalt him aboue all for euer."
            },
            {
               "verse": 60,
               "text": "O Israel blesse ye the Lord: praise and exalt him aboue all for euer."
            },
            {
               "verse": 61,
               "text": "O ye priests of the Lord, blesse ye the Lord: praise and exalt him aboue all for euer."
            },
            {
               "verse": 62,
               "text": "O ye seruants of the Lord, blesse ye the Lord: praise and exalt him aboue all for euer."
            },
            {
               "verse": 63,
               "text": "O ye spirits and soules of the righteous, blesse ye the Lord, praise and exalt him aboue all for euer."
            },
            {
               "verse": 64,
               "text": "O ye holy and humble men of heart, blesse ye the Lord: praise and exalt him aboue all for euer."
            },
            {
               "verse": 65,
               "text": "O Ananias, Azarias, and Misael, blesse ye the Lord, praise and exalt him aboue all for euer: for hee hath deliuered vs from hell, and saued vs from the hand of death, and deliuered vs out of the mids of the furnace,  burning flame: euen out of the mids of the fire hath he deliuered vs."
            },
            {
               "verse": 66,
               "text": "O giue thanks vnto the Lord, because he is gracious: for his mercie endureth for euer."
            },
            {
               "verse": 67,
               "text": "O all ye that worship the Lord, blesse the God of gods, praise him, and giue him thankes: for his mercie endureth for euer."
            }
         ]
      }
   ]
}