{
   "book": "Song of Solomon",
   "chapter-count": "8",
   "chapters": [
      {
         "chapter": 1,
         "verses": [
            {
               "verse": 1,
               "text": "The song of songs, which is Solomons."
            },
            {
               "verse": 2,
               "text": "Let him kisse mee with the kisses of his mouth: for thy Loue is better then wine."
            },
            {
               "verse": 3,
               "text": "Because of the sauour of thy good ointments, thy name is as ointment powred forth, therefore doe the virgins loue thee."
            },
            {
               "verse": 4,
               "text": "Draw me, we will runne after thee: the king hath brought me into his chambers: we will be glad and reioyce in thee, we wil remember thy loue more then wine: the vpright loue thee."
            },
            {
               "verse": 5,
               "text": "I am blacke, but comely, (O ye daughters of Ierusalem) as the tents of Kedar, as the curtaines of Solomon."
            },
            {
               "verse": 6,
               "text": "Looke not vpon me because I am blacke, because the Sunne hath looked vpon me: my mothers children were angry with me, they made me the keeper of the vineyards, but mine owne vineyard haue I not kept."
            },
            {
               "verse": 7,
               "text": "Tell me, (O thou whom my soule loueth) where thou feedest, where thou makest thy flocke to rest at noone: for why should I be as one that turneth aside by the flockes of thy companions?"
            },
            {
               "verse": 8,
               "text": "¶ If thou know not (O thou fairest among women) goe thy way forth by the footsteps of the flocke, and feede thy kiddes beside the shepheards tents."
            },
            {
               "verse": 9,
               "text": "I haue compared thee, O my loue, to a company of horses in Pharaohs chariots."
            },
            {
               "verse": 10,
               "text": "Thy cheekes are comely with rowes of iewels, thy necke with chaines of golde."
            },
            {
               "verse": 11,
               "text": "Wee will make thee borders of golde, with studdes of siluer."
            },
            {
               "verse": 12,
               "text": "¶ While the king sitteth at his table, my spikenard sendeth foorth the smell thereof."
            },
            {
               "verse": 13,
               "text": "A bundle of myrrhe is my welbeloued vnto me; he shall lie all night betwixt my breasts."
            },
            {
               "verse": 14,
               "text": "My beloued is vnto me, as a cluster of Camphire in the vineyards of Engedi."
            },
            {
               "verse": 15,
               "text": "Behold, thou art faire, my loue: behold, thou art faire, thou hast doues eyes."
            },
            {
               "verse": 16,
               "text": "Behold, thou art faire, my beloued; yea pleasant: also our bedde is greene."
            },
            {
               "verse": 17,
               "text": "The beames of our house are Cedar, and our rafters of firre."
            }
         ]
      },
      {
         "chapter": 2,
         "verses": [
            {
               "verse": 1,
               "text": "I Am the rose of Sharon, and the lillie of the valleys."
            },
            {
               "verse": 2,
               "text": "As the lillie among thornes, so is my loue among the daughters."
            },
            {
               "verse": 3,
               "text": "As the apple tree among the trees of the wood, so is my beloued among the sonnes. I sate downe vnder his shadow with great delight, and his fruit was sweete to my taste."
            },
            {
               "verse": 4,
               "text": "Hee brought me to the banketting house, and his banner ouer mee, was loue."
            },
            {
               "verse": 5,
               "text": "Stay me with flagons, comfort me with apples, for I am sicke of loue."
            },
            {
               "verse": 6,
               "text": "His left hand is vnder my head, and his right hand doeth imbrace me."
            },
            {
               "verse": 7,
               "text": "I charge you, O ye daughters of Ierusalem, by the Roes, and by the hindes of the field, that ye stirre not vp, nor awake my loue, till she please."
            },
            {
               "verse": 8,
               "text": "¶ The voice of my beloued! behold! hee commeth leaping vpon the mountaines, skipping vpon the hils."
            },
            {
               "verse": 9,
               "text": "My beloued is like a Roe, or a yong Hart: behold, he standeth behind our wall, he looketh foorth at the windowe, shewing himselfe through the lattesse."
            },
            {
               "verse": 10,
               "text": "My beloued spake, and said vnto me, Rise vp, my Loue, my faire one, and come away."
            },
            {
               "verse": 11,
               "text": "For loe, the winter is past, the raine is ouer, and gone."
            },
            {
               "verse": 12,
               "text": "The flowers appeare on the earth, the time of the singing of birds is come, and the voice of the turtle is heard in our land."
            },
            {
               "verse": 13,
               "text": "The fig tree putteth foorth her greene figs, and the vines with the tender grape giue a good smell. Arise, my loue, my faire one, and come away."
            },
            {
               "verse": 14,
               "text": "¶ O my doue! that art in the clefts of the rocke, in the secret places of the staires: let me see thy countenance, let me heare thy voice, for sweet is thy voice, and thy countenance is comely."
            },
            {
               "verse": 15,
               "text": "Take vs the foxes, the litle foxes, that spoile the vines: for our vines haue tender grapes."
            },
            {
               "verse": 16,
               "text": "¶ My beloued is mine, and I am his: he feedeth among the lillies."
            },
            {
               "verse": 17,
               "text": "Untill the day breake, and the shadowes flee away: turne my beloued and be thou like a Roe, or a yong Hart, vpon the mountaines of Bether."
            }
         ]
      },
      {
         "chapter": 3,
         "verses": [
            {
               "verse": 1,
               "text": "By night on my bed I sought him whome my soule loueth. I sought him, but I found him not."
            },
            {
               "verse": 2,
               "text": "I will rise now, and goe about the citie in the streets, and in the broad wayes I will seeke him whom my soule loueth: I sought him, but I found him not."
            },
            {
               "verse": 3,
               "text": "The watchmen that goe about the citie, found me: to whom I said, Saw ye him whom my soule loueth?"
            },
            {
               "verse": 4,
               "text": "It was but a litle that I passed from them, but I found him whome my soule loueth: I helde him, and would not let him goe, vntill I had brought him into my mothers house, and into the chamber of her that conceiued me."
            },
            {
               "verse": 5,
               "text": "I charge you, O ye daughters of Ierusalem, by the Roes and by the Hindes of the field, that ye stirre not vp, nor awake my loue, till he please."
            },
            {
               "verse": 6,
               "text": "¶ Who is this that commeth out of the wildernes like pillars of smoke, perfumed with myrrhe and frankincense, with all powders of the merchant?"
            },
            {
               "verse": 7,
               "text": "Behold his bed, which is Solomons: threescore valiant men are about it, of the valiant of Israel:"
            },
            {
               "verse": 8,
               "text": "They all hold swords, being expert in warre: Euery man hath his sword vpon his thigh, because of feare in the night."
            },
            {
               "verse": 9,
               "text": "King Solomon made himselfe a charet of the wood of Lebanon."
            },
            {
               "verse": 10,
               "text": "He made the pillars thereof of siluer, the bottome thereof of gold, the couering of it, of purple; the midst thereof being paued with loue, for the daughters of Ierusalem."
            },
            {
               "verse": 11,
               "text": "Goe foorth, O yee daughters of Zion, and behold king Solomon with the Crowne wherewith his mother crowned him in the day of his espousals, and in the day of the gladnesse of his heart."
            }
         ]
      },
      {
         "chapter": 4,
         "verses": [
            {
               "verse": 1,
               "text": "Behold, thou art faire, my loue, behold thou art faire, thou hast doues eyes within thy lockes: thy haire is as a flocke of goats, that appeare from mount Gilead."
            },
            {
               "verse": 2,
               "text": "Thy teeth are like a flocke of sheepe that are euen shorne, which came vp from the washing: whereof euery one beare twinnes, and none is barren among them."
            },
            {
               "verse": 3,
               "text": "Thy lips are like a threed of scarlet, and thy speach is comely: thy temples are like a piece of a pomegranate within thy lockes."
            },
            {
               "verse": 4,
               "text": "Thy necke is like the tower of Dauid builded for an armorie, whereon there hang a thousand bucklers, all shields of mightie men."
            },
            {
               "verse": 5,
               "text": "Thy two breasts, are like two yong Roes, that are twinnes, which feed among the lillies."
            },
            {
               "verse": 6,
               "text": "Untill the day breake, and the shadowes flee away, I will get mee to the mountaines of myrrhe, and to the hill of frankincense."
            },
            {
               "verse": 7,
               "text": "Thou art all faire, my loue, there is no spot in thee."
            },
            {
               "verse": 8,
               "text": "¶ Come with me from Lebanon (my spouse,) with me from Lebanon: looke from the top of Amana, from the top of Shenir and Hermon, from the Lions dennes, from the mountaines of the Leopards."
            },
            {
               "verse": 9,
               "text": "Thou hast rauished my heart, my sister, my spouse; thou hast rauished my heart, with one of thine eyes, with one chaine of thy necke."
            },
            {
               "verse": 10,
               "text": "How faire is thy loue, my sister, my spouse! how much better is thy loue then wine! and the smell of thine oyntments then all spices!"
            },
            {
               "verse": 11,
               "text": "Thy lips, O my spouse! drop as the hony combe: hony and milke are vnder thy tongue, and the smell of thy garments is like the smell of Lebanon."
            },
            {
               "verse": 12,
               "text": "A garden inclosed is my sister, my spouse: a spring shut vp, a fountaine sealed."
            },
            {
               "verse": 13,
               "text": "Thy plants are an orchard of pomegranates, with pleasant fruits, Camphire, with Spikenaed,"
            },
            {
               "verse": 14,
               "text": "Spikenard and Saffron, Calamus and Cynamom, with all trees of Frankincense, Mirrhe and Aloes, with all the chiefe spices."
            },
            {
               "verse": 15,
               "text": "A fountaine of gardens, a well of liuing waters, and streames from Lebanon."
            },
            {
               "verse": 16,
               "text": "¶ Awake, O Northwinde, and come thou South, blow vpon my garden, that the spices thereof may flow out: let my beloued come into his garden, and eate his pleasant fruits."
            }
         ]
      },
      {
         "chapter": 5,
         "verses": [
            {
               "verse": 1,
               "text": "I am come into my garden, my sister, my spouse, I haue gathered my Myrrhe with my spice, I haue eaten my honie combe with my hony, I haue drunke my wine with my milke: eate, O friends, drinke, yea drinke abundantly, O beloued!"
            },
            {
               "verse": 2,
               "text": "¶ I sleepe, but my heart waketh: it is the voyce of my beloued that knocketh, saying, Open to me, my sister, my loue, my doue, my vndefiled: for my head is filled with dewe, and my lockes with the drops of the night."
            },
            {
               "verse": 3,
               "text": "I haue put off my coate, how shall I put it on? I haue washed my feete, how shall I defile them?"
            },
            {
               "verse": 4,
               "text": "My beloued put in his hand by the hole of the dore, and my bowels were moued for him."
            },
            {
               "verse": 5,
               "text": "I rose vp to open to my beloued, and my hands dropped with myrrhe, and my fingers with sweete smelling myrrhe, vpon the handles of the locke."
            },
            {
               "verse": 6,
               "text": "I opened to my beloued, but my beloued had with drawen himselfe, and was gone: my soule failed when hee spake: I sought him, but I could not find him: I called him, but he gaue me no answere."
            },
            {
               "verse": 7,
               "text": "The watchmen that went about the citie, found me, they smote me, they wounded me, the keepers of the walles tooke away my vaile from me."
            },
            {
               "verse": 8,
               "text": "I charge you, O daughters of Ierusalem, if ye find my beloued, that yee tell him, that I am sicke of loue."
            },
            {
               "verse": 9,
               "text": "¶ What is thy beloued more then another beloued, O thou fairest among women? what is thy beloued more then another beloued, that thou doest so charge vs?"
            },
            {
               "verse": 10,
               "text": "My beloued is white and ruddy, the chiefest among tenne thousand."
            },
            {
               "verse": 11,
               "text": "His head is as the most fine gold, his locks are bushy, and blacke as a Rauen."
            },
            {
               "verse": 12,
               "text": "His eyes are as the eyes of doues by the riuers of water, washed with milk, and fitly set."
            },
            {
               "verse": 13,
               "text": "His cheekes are as a bed of spices, as sweete flowers: his lippes like lillies, dropping sweete smelling myrrhe."
            },
            {
               "verse": 14,
               "text": "His hands are as gold rings set with the Berill: His belly is as bright iuorie, ouerlayd with Saphires."
            },
            {
               "verse": 15,
               "text": "His legges are as pillars of marble, set vpon sockets of fine gold: his countenance is as Lebanon, excellent as the Cedars."
            },
            {
               "verse": 16,
               "text": "His mouth is most sweete, yea he is altogether louely. This is my beloued, and this is my friend, O daughters of Ierusalem."
            }
         ]
      },
      {
         "chapter": 6,
         "verses": [
            {
               "verse": 1,
               "text": "Whither is thy beloued gone? O thou fairest among women, whither is thy beloued turned aside? that we may seeke him with thee."
            },
            {
               "verse": 2,
               "text": "My beloued is gone downe into his garden, to the beds of spices, to feede in the gardens, and to gather lillies."
            },
            {
               "verse": 3,
               "text": "I am my beloueds, & my beloued is mine: he feedeth among the lillies."
            },
            {
               "verse": 4,
               "text": "¶ Thou art beautifull, O my loue, as Tirzah, comely as Ierusalem, terrible as an armie with banners."
            },
            {
               "verse": 5,
               "text": "Turne away thine eyes from me, for they haue ouercome me: thy haire is a flocke of goates, that appeare from Gilead."
            },
            {
               "verse": 6,
               "text": "Thy teeth are as a flocke of sheepe which goe vp from the washing, wherof euery one beareth twinnes, and there is not one barren among them."
            },
            {
               "verse": 7,
               "text": "As a piece of a pomegranat are thy temples within thy lockes."
            },
            {
               "verse": 8,
               "text": "There are threescore Queenes, and fourescore concubines, and virgins without number."
            },
            {
               "verse": 9,
               "text": "My doue, my vndefiled is but one; she is the only one of her mother, she is the choice one of her that bare her: The daughters sawe her, and blessed her; yea the Queenes and the concubins, and they praysed her."
            },
            {
               "verse": 10,
               "text": "¶ Who is she that looketh forth as the morning, faire as the moone, cleare as the sunne, and terrible as an armie with banners?"
            },
            {
               "verse": 11,
               "text": "I went downe into the garden of nuts to see the fruits of the valley, and to see whether the vine flourished, and the pomegranats budded."
            },
            {
               "verse": 12,
               "text": "Or euer I was aware, my soule made me like the chariots of Amminadib."
            },
            {
               "verse": 13,
               "text": "Returne, returne, O Shulamite; returne, returne, that we may looke vpon thee: what will yee see in the Shulamite? as it were the company of two armies."
            }
         ]
      },
      {
         "chapter": 7,
         "verses": [
            {
               "verse": 1,
               "text": "Howe beautifull are thy feete with shooes, O princes daughter! the ioynts of thy thighs are like iewels, the worke of the hands of a cunning workman."
            },
            {
               "verse": 2,
               "text": "Thy nauell is like a round goblet, which wanteth not licour: thy belly is like an heape of wheate, set about with lillies."
            },
            {
               "verse": 3,
               "text": "Thy two breasts are like two yong Roes that are twinnes."
            },
            {
               "verse": 4,
               "text": "Thy necke is as a towre of yuory: thine eyes like the fish pooles in Heshbon, by the gate of Bathrabbim: thy nose is as the towre of Lebanon, which looketh toward Damascus."
            },
            {
               "verse": 5,
               "text": "Thine head vpon thee is like Carmel, and the haire of thine head like purple, the king is held in the galleries."
            },
            {
               "verse": 6,
               "text": "How faire, and how pleasant art thou, O Loue, for delights!"
            },
            {
               "verse": 7,
               "text": "This thy stature is like to a palme tree, and thy breasts to clusters of grapes."
            },
            {
               "verse": 8,
               "text": "I said, I will goe vp to the palme tree, I will take hold of the boughes thereof: now also thy breasts shall be as clusters of the vine, and the smell of thy nose, like apples."
            },
            {
               "verse": 9,
               "text": "And the roofe of thy mouth like the best wine, for my beloued, that goeth downe sweetely, causing the lippes of those that are asleepe, to speake."
            },
            {
               "verse": 10,
               "text": "¶ I am my beloueds, and his desire is towards me."
            },
            {
               "verse": 11,
               "text": "Come, my beloued, let vs goe forth into the field: let vs lodge in the villages."
            },
            {
               "verse": 12,
               "text": "Let vs get vp earely to the vineyards, let vs see if the vine flourish, whether the tender grape appeare, and the pomegranates bud forth: there will I giue thee my loues."
            },
            {
               "verse": 13,
               "text": "The mandrakes giue a smell, and at our gates are all maner of pleasant fruits, new and olde, which I haue laid vp for thee, O my beloued."
            }
         ]
      },
      {
         "chapter": 8,
         "verses": [
            {
               "verse": 1,
               "text": "O that thou wert as my brother that sucked the brests of my mother, when I should find thee without, I would kisse thee, yet I should not be despised."
            },
            {
               "verse": 2,
               "text": "I would leade thee, and bring thee into my mothers house, who would instruct me: I would cause thee to drinke of spiced wine, of the iuice of my pomegranate."
            },
            {
               "verse": 3,
               "text": "His left hand should be vnder my head, and his right hand should embrace me."
            },
            {
               "verse": 4,
               "text": "I charge you, O daughters of Ierusalem, that ye stirre not vp, nor awake my loue vntill he please."
            },
            {
               "verse": 5,
               "text": "(Who is this that commeth vp from the wildernesse, leaning vpon her beloued?) I raised thee vp vnder the apple tree: there thy mother brought thee forth, there she brought thee forth, that bare thee."
            },
            {
               "verse": 6,
               "text": "¶ Set mee as a seale vpon thine heart, as a seale vpon thine arme: for loue is strong as death, iealousie is cruel as the graue: the coales thereof are coales of fire, which hath a most vehement flame."
            },
            {
               "verse": 7,
               "text": "Many waters cannot quench loue, neither can the floods drowne it: if a man would giue all the substance of his house for loue, it would vtterly be contemned."
            },
            {
               "verse": 8,
               "text": "¶ We haue a litle sister, and shee hath no breasts: what shall we doe for our sister, in the day when she shall bee spoken for?"
            },
            {
               "verse": 9,
               "text": "If she be a wall, we will build vpon her a palace of siluer: and if she bee a dore, we will inclose her with boards of Cedar."
            },
            {
               "verse": 10,
               "text": "I am a wall, and my breasts like towers: then was I in his eyes as one that found fauour."
            },
            {
               "verse": 11,
               "text": "Solomon had a vineyard at Baalhamon, hee let out the vineyard vnto keepers: euery one for the fruit thereof was to bring a thousand pieces of siluer."
            },
            {
               "verse": 12,
               "text": "My vineyard which is mine, is before me: thou (O Solomon) must haue a thousand, and those that keepe the fruit thereof, two hundred."
            },
            {
               "verse": 13,
               "text": "Thou that dwellest in the gardens, the companions hearken to thy voice: cause me to heare it."
            },
            {
               "verse": 14,
               "text": "¶ Make haste, my beloued, and be thou like to a Roe, or to a yong Hart vpon the mountaines of spices."
            }
         ]
      }
   ]
}