{
   "book": "Titus",
   "chapter-count": "3",
   "chapters": [
      {
         "chapter": 1,
         "verses": [
            {
               "verse": 1,
               "text": "Paul a seruant of God, and an Apostle of Iesus Christ, according to the Faith of Gods Elect, and the acknowledging of the trueth which is after godlinesse,"
            },
            {
               "verse": 2,
               "text": "In hope of eternall life, which God that cannot lie, promised before the world began:"
            },
            {
               "verse": 3,
               "text": "But hath in due times manifested his word through preaching, which is committed vnto mee according to the commandement of God our Sauiour:"
            },
            {
               "verse": 4,
               "text": "To Titus mine owne Sonne after the common faith, Grace, mercie, and peace from God the Father, and the Lord Iesus Christ our Sauiour."
            },
            {
               "verse": 5,
               "text": "For this cause left I thee in Crete, that thou shouldest set in order the things that are wanting, and ordaine Elders in euery citie, as I had appointed thee."
            },
            {
               "verse": 6,
               "text": "If any be blamelesse, the husband of one wife, hauing faithfull children, not accused of riot, or vnruly."
            },
            {
               "verse": 7,
               "text": "For a Bishop must be blameles, as the steward of God: not selfewilled, not soone angry, not giuen to wine, no striker, not giuen to filthie lucre,"
            },
            {
               "verse": 8,
               "text": "But a louer of hospitality, a louer of good men, sober, iust, holy, temperate,"
            },
            {
               "verse": 9,
               "text": "Holding fast the faithfull word, as hee hath beene taught, that he may bee able by sound doctrine, both to exhort and to conuince the gainsayers."
            },
            {
               "verse": 10,
               "text": "For there are many vnruly and vaine talkers and deceiuers, specially they of the circumcision:"
            },
            {
               "verse": 11,
               "text": "Whose mouthes must be stopped, who subuert whole houses, teaching things which they ought not, for filthie lucres sake."
            },
            {
               "verse": 12,
               "text": "One of themselues, euen a Prophet of their owne, said: The Cretians are alway lyers, euill beasts, slow bellies."
            },
            {
               "verse": 13,
               "text": "This witnesse is true: wherefore rebuke them sharpely that they may be sound in the faith;"
            },
            {
               "verse": 14,
               "text": "Not giuing heede to Iewish fables, and commandements of men that turne from the trueth."
            },
            {
               "verse": 15,
               "text": "Unto the pure all things are pure, but vnto them that are defiled, and vnbeleeuing, is nothing pure: but euen their mind and conscience is defiled."
            },
            {
               "verse": 16,
               "text": "They professe that they know God; but in workes they deny him, being abominable, and disobedient, and vnto euery good worke reprobate."
            }
         ]
      },
      {
         "chapter": 2,
         "verses": [
            {
               "verse": 1,
               "text": "But speake thou the things which become sound doctrine:"
            },
            {
               "verse": 2,
               "text": "That the aged men be sober, graue, temperate, sound in faith, in charitie, in patience."
            },
            {
               "verse": 3,
               "text": "The aged women likewise that they be in behauiour as becommeth holinesse, not false accusers, not giuen to much wine, teachers of good things,"
            },
            {
               "verse": 4,
               "text": "That they may teach the young women to bee sober, to loue their husbands, to loue their children,"
            },
            {
               "verse": 5,
               "text": "To be discreet, chaste, keepers at home, good, obedient to their own husbands, that the word of God bee not blasphemed."
            },
            {
               "verse": 6,
               "text": "Yong men likewise exhort, to bee sober minded."
            },
            {
               "verse": 7,
               "text": "In all things shewing thy selfe a patterne of good workes: in doctrine shewing vncorruptnesse, grauity, sinceritie,"
            },
            {
               "verse": 8,
               "text": "Sound speech that cannot be condemned, that hee that is of the contrarie part, may bee ashamed, hauing no euill thing to say of you."
            },
            {
               "verse": 9,
               "text": "Exhort seruants to be obedient vnto their own masters, and to please them well in all things, not answering againe:"
            },
            {
               "verse": 10,
               "text": "Not purloyning, but shewing all good fidelitie, that they may adorne the doctrine of God our Sauiour in all things."
            },
            {
               "verse": 11,
               "text": "For the grace of God that bringeth saluati&#333;, hath appeared to all men,"
            },
            {
               "verse": 12,
               "text": "Teaching vs that denying vngodlinesse and worldly lusts we should liue soberly, righteously and godly in this present world,"
            },
            {
               "verse": 13,
               "text": "Looking for that blessed hope, and the glorious appearing of the great God, and our Sauiour Iesus Christ,"
            },
            {
               "verse": 14,
               "text": "Who gaue himselfe for vs, that he might redeeme vs from all iniquitie, and purifie vnto himselfe a peculiar people, zealous of good workes."
            },
            {
               "verse": 15,
               "text": "These things speake and exhort, and rebuke with all authoritie. Let no man despise thee."
            }
         ]
      },
      {
         "chapter": 3,
         "verses": [
            {
               "verse": 1,
               "text": "Put them in minde to bee subiect to Principalities & Powers, to obey magistrates, to be ready to euery good worke,"
            },
            {
               "verse": 2,
               "text": "To speake euill of no man, to bee no brawlers, but gentle, shewing all meekenesse vnto all men."
            },
            {
               "verse": 3,
               "text": "For we our selues also were sometimes foolish, disobedient, deceiued, seruing diuers lusts and pleasures, liuing in malice and enuy, hatefull, and hating one another."
            },
            {
               "verse": 4,
               "text": "But after that the kindnesse and loue of God our Sauiour toward man appeared,"
            },
            {
               "verse": 5,
               "text": "Not by workes of righteousnesse which wee haue done, but according to his mercy he saued vs, by the washing of regeneration, and renewing of the holy Ghost,"
            },
            {
               "verse": 6,
               "text": "Which hee shed on vs abundantly, through Iesus Christ our Sauiour:"
            },
            {
               "verse": 7,
               "text": "That being iustified by his grace, we should bee made heires according to the hope of eternall life."
            },
            {
               "verse": 8,
               "text": "This is a faithfull saying, and these things I will that thou affirme constantly, that they which haue beleeued in God, might be carefull to maintaine good works: these things are good and profitable vnto men."
            },
            {
               "verse": 9,
               "text": "But auoyd foolish questions, and genealogies, and contentions, and striuings about the lawe; for they are vnprofitable and vaine."
            },
            {
               "verse": 10,
               "text": "A man that is an heretike, after the first and second admonition, reiect:"
            },
            {
               "verse": 11,
               "text": "Knowing that hee that is such, is subuerted, and sinneth, being condemned of himselfe."
            },
            {
               "verse": 12,
               "text": "When I shall send Artemas vnto thee, or Tychicus, be diligent to come vnto mee to Nicopolis: for I haue determined there to winter."
            },
            {
               "verse": 13,
               "text": "Bring Zenas the Lawyer, and Apollos, on their iourney diligently, that nothing be wanting vnto them."
            },
            {
               "verse": 14,
               "text": "And let ours also learne to maintaine good workes for necessarie vses, that they be not vnfruitfull."
            },
            {
               "verse": 15,
               "text": "All that are with mee salute thee. Greete them that loue vs in the faith. Grace be with you all. Amen."
            }
         ]
      }
   ]
}