{
   "book": "Wisdom of Solomon",
   "chapter-count": "19",
   "chapters": [
      {
         "chapter": 1,
         "verses": [
            {
               "verse": 1,
               "text": "Loue righteousnesse, yee that be iudges of the earth: thinke of the Lord with a good (heart) and in simplicitie of heart seeke him."
            },
            {
               "verse": 2,
               "text": "For hee will bee found of them that tempt him not: and sheweth himselfe vnto such as doe not distrust him."
            },
            {
               "verse": 3,
               "text": "For froward thoughts separate from God: and his power when it is tryed, reprooueth the vnwise."
            },
            {
               "verse": 4,
               "text": "For into a malitious soule wisedome shall not enter: nor dwell in the body that is subiect vnto sinne."
            },
            {
               "verse": 5,
               "text": "For the holy spirit of discipline will flie deceit, & remoue from thoughts that are without vnderstanding: and will not abide when vnrighteousnesse commeth in."
            },
            {
               "verse": 6,
               "text": "For wisedome is a louing spirit: and will not acquite a blasphemour of his words: for God is witnesse of his reines, and a true beholder of his heart, and a hearer of his tongue."
            },
            {
               "verse": 7,
               "text": "For the spirit of the Lord filleth the world: and that which containeth all things hath knowledge of the voice."
            },
            {
               "verse": 8,
               "text": "Therefore he that speaketh vnrighteous things, cannot be hid: neither shal vengeance, when it punisheth. passe by him."
            },
            {
               "verse": 9,
               "text": "For inquisition shall be made into the counsels of the vngodly: and the sound of his words, shall come vnto the Lord, for the manifestation of his wicked deedes."
            },
            {
               "verse": 10,
               "text": "For the eare of iealousie heareth al things: and the noise of murmurings is not hid."
            },
            {
               "verse": 11,
               "text": "Therefore beware of murmuring, which is vnprofitable, and refraine your tongue from backbiting: for there is no word so secret that shall goe for nought: and the mouth that belieth, slayeth the soule."
            },
            {
               "verse": 12,
               "text": "Seeke not death in the errour of your life: and pull not vpon your selues destruction, with the workes of your hands."
            },
            {
               "verse": 13,
               "text": "For God made not death: neither hath he pleasure in the destruction of the liuing."
            },
            {
               "verse": 14,
               "text": "For he created all things, that they might haue their being: and the generations of the world were healthfull: and there is no poyson of destruction in them: nor the kingdome of death vpon the earth."
            },
            {
               "verse": 15,
               "text": "For righteousnesse is immortall."
            },
            {
               "verse": 16,
               "text": "But vngodly men with their workes, and words called it to them: for when they thought to haue it their friend, they consumed to nought, and made a couenant with it, because they are worthy to take part with it."
            }
         ]
      },
      {
         "chapter": 2,
         "verses": [
            {
               "verse": 1,
               "text": "For the vngodly said, reasoning with themselues, but not aright: Our life is short and tedious, and in the death of a man there is no remedie: neither was there any man knowen to haue returned from the graue."
            },
            {
               "verse": 2,
               "text": "For wee are borne at all aduenture: & we shalbe heereafter as though we had neuer bene: for the breath in our nostrils is as smoke, and a litle sparke in the mouing of our heart."
            },
            {
               "verse": 3,
               "text": "Which being extinguished, our body shall be turned into ashes, and our spirit shall vanish as the soft aire:"
            },
            {
               "verse": 4,
               "text": "And our name shalbe forgotten in time, and no man shall haue our works in remembrance, and our life shall passe away as the trace of a cloud: and shall be dispersed as a mist that is driuen away with the beames of the Sunne, and ouercome with the heat thereof."
            },
            {
               "verse": 5,
               "text": "For our time is a very shadow that passeth away: and after our end there is no returning: for it is fast sealed, so that no man commeth againe."
            },
            {
               "verse": 6,
               "text": "Come on therefore, let vs enioy the good things that are present: and let vs speedily vse the creatures like as in youth."
            },
            {
               "verse": 7,
               "text": "Let vs fill our selues with costly wine, and ointments: and let no flower of the Spring passe by vs."
            },
            {
               "verse": 8,
               "text": "Let vs crowne our selues with Rose buds, before they be withered."
            },
            {
               "verse": 9,
               "text": "Let none of vs goe without his part of our voluptuousnesse: let vs leaue tokens of our ioyfulnesse in euery place: for this is our portion, and our lot is this."
            },
            {
               "verse": 10,
               "text": "Let vs oppresse the poore righteous man, let vs not spare the widow, nor reuerence the ancient gray haires of the aged."
            },
            {
               "verse": 11,
               "text": "Let our strength bee the Lawe of iustice: for that which is feeble is found to be nothing worth."
            },
            {
               "verse": 12,
               "text": "Therefore let vs lye in wait for the righteous: because he is not for our turne, and he is cleane contrary to our doings: he vpbraideth vs with our offending the Law, and obiecteth to our infamy the transgressings of our education."
            },
            {
               "verse": 13,
               "text": "Hee professeth to haue the knowledge of God: and hee calleth himselfe the childe of the Lord."
            },
            {
               "verse": 14,
               "text": "Hee was made to reprooue our thoughts."
            },
            {
               "verse": 15,
               "text": "Hee is grieuous vnto vs euen to beholde: for his life is not like other mens, his waies are of another fashion."
            },
            {
               "verse": 16,
               "text": "We are esteemed of him as counterfeits: he abstaineth from our wayes as from filthinesse: he pronounceth the end of the iust to be blessed, and maketh his boast that God is his father."
            },
            {
               "verse": 17,
               "text": "Let vs see if his wordes be true: and let vs proue what shall happen in the end of him."
            },
            {
               "verse": 18,
               "text": "For if the iust man be the sonne of God, he will helpe him, and deliuer him from the hand of his enemies."
            },
            {
               "verse": 19,
               "text": "Let vs examine him with despitefulnesse and torrture, that we may know his meekenesse, and prooue his patience."
            },
            {
               "verse": 20,
               "text": "Let vs condemne him with a shamefull death: for by his owne saying, he shall be respected."
            },
            {
               "verse": 21,
               "text": "Such things they did imagine, and were deceiued: for their owne wickednesse hath blinded them."
            },
            {
               "verse": 22,
               "text": "As for the mysteries of God, they knew them not: neither hoped they for the wages of righteousnesse: nor discerned a reward for blamelesse soules."
            },
            {
               "verse": 23,
               "text": "For God created man to bee immortall, and made him to be an image of his owne eternitie."
            },
            {
               "verse": 24,
               "text": "Neuerthelesse through enuie of the deuill came death into the world: and they that doe holde of his side doe finde it."
            }
         ]
      },
      {
         "chapter": 3,
         "verses": [
            {
               "verse": 1,
               "text": "But the soules of the righteous are in the hand of God, and there shall no torment touch them."
            },
            {
               "verse": 2,
               "text": "In the sight of the vnwise they seemed to die: and their departure is taken for misery,"
            },
            {
               "verse": 3,
               "text": "And their going from vs to be vtter destruction: but they are in peace."
            },
            {
               "verse": 4,
               "text": "For though they bee punished in the sight of men: yet is their hope full of immortalitie."
            },
            {
               "verse": 5,
               "text": "And hauing bene a little chastised, they shalbe greatly rewarded: for God proued them, and found them worthy for himselfe."
            },
            {
               "verse": 6,
               "text": "As gold in the furnace hath hee tried them, and receiued them as a burnt offering."
            },
            {
               "verse": 7,
               "text": "And in the time of their visitation, they shall shine and runne to and fro, like sparkes among the stubble."
            },
            {
               "verse": 8,
               "text": "They shall iudge the nations, and haue dominion ouer the people, and their Lord shall raigne for euer."
            },
            {
               "verse": 9,
               "text": "They that put their trust in him, shall vnderstand the trueth: and such as be faithfull in loue, shall abide with him: for grace & mercy is to his saints, and he hath care for his elect."
            },
            {
               "verse": 10,
               "text": "But the vngodly shalbe punished according to their owne imaginations, which haue neglected the righteous, and forsaken the Lord."
            },
            {
               "verse": 11,
               "text": "For who so despiseth wisedome, and nurture, he is miserable, and their hope is vaine, their labours vnfruitfull, and their works vnprofitable."
            },
            {
               "verse": 12,
               "text": "Their wiues are foolish, and their children wicked."
            },
            {
               "verse": 13,
               "text": "Their of-spring is cursed: wherefore blessed is the barren that is vndefiled, which hath not knowen the sinfull bed: she shall haue fruit in the visitation of soules."
            },
            {
               "verse": 14,
               "text": "And blessed is the Eunuch which with his hands hath wrought no iniquitie: nor imagined wicked things against God: for vnto him shall be giuen the speciall gift of faith, and an inheritance in the Temple of the Lord more acceptable to his minde."
            },
            {
               "verse": 15,
               "text": "For glorious is the fruit of good labours: and the root of wisedom shall neuer fall away."
            },
            {
               "verse": 16,
               "text": "As for the children of adulterers, they shall not come to their perfection, and the seed of an vnrighteous bed shal be rooted out."
            },
            {
               "verse": 17,
               "text": "For though they liue long, yet shall they bee nothing regarded: and their last age shall be without honour."
            },
            {
               "verse": 18,
               "text": "Or if they die quickly, they haue no hope, neither comfort in the day of triall."
            },
            {
               "verse": 19,
               "text": "For horrible is the end of the vnrighteous generation."
            }
         ]
      },
      {
         "chapter": 4,
         "verses": [
            {
               "verse": 1,
               "text": "Better it is to haue no children, and to haue vertue: for the memoriall thereof is immortal: because it is knowen with God and with men."
            },
            {
               "verse": 2,
               "text": "When it is present, men take example at it, and when it is gone they desire it: it weareth a crown, and triumpheth for euer, hauing gotten the victorie, striuing for vndefiled rewards."
            },
            {
               "verse": 3,
               "text": "But the multiplying brood of the vngodly shall not thriue, nor take deepe rooting from bastard slips, nor lay any fast foundation."
            },
            {
               "verse": 4,
               "text": "For though they flourish in branches for a time: yet standing not fast, they shall be shaken with the winde: and through the force of windes they shall be rooted out."
            },
            {
               "verse": 5,
               "text": "The vnperfect branches shall bee broken off, their fruit vnprofitable, not ripe to eate: yea meet for nothing."
            },
            {
               "verse": 6,
               "text": "For children begotten of vnlawfull beds, are witnesses of wickednes against their parents in their triall."
            },
            {
               "verse": 7,
               "text": "But though the righteous be preuented with death: yet shal he be in rest."
            },
            {
               "verse": 8,
               "text": "For honourable age is not that which standeth in length of time, nor that is measured by number of yeeres."
            },
            {
               "verse": 9,
               "text": "But wisedome is the gray haire vnto men, & an vnspotted life is old age."
            },
            {
               "verse": 10,
               "text": "He pleased God, and was beloued of him: so that liuing amongst sinners, he was translated."
            },
            {
               "verse": 11,
               "text": "Yea, speedily was he taken away, lest that wickednes should alter his vnderstanding, or deceit beguile his soule."
            },
            {
               "verse": 12,
               "text": "For the bewitching of naughtines doth obscure things that are honest: and the wandring of concupiscence, doth vndermine the simple mind."
            },
            {
               "verse": 13,
               "text": "He being made perfect in a short time, fulfilled a long time."
            },
            {
               "verse": 14,
               "text": "For his soule pleased the Lord: therefore hasted he to take him away, from among the wicked."
            },
            {
               "verse": 15,
               "text": "This the people saw, and vnderstood it not: neither laid they vp this in their mindes, That his grace and mercie is with his Saints, and that he hath respect vnto his chosen."
            },
            {
               "verse": 16,
               "text": "Thus the righteous that is dead, shall condemne the vngodly, which are liuing, and youth that is soone perfected, the many yeeres and old age of the vnrighteous."
            },
            {
               "verse": 17,
               "text": "For they shall see the end of the wise, & shall not vnderstand what God in his counsell hath decreed of him, and to what end the Lord hath set him in safetie."
            },
            {
               "verse": 18,
               "text": "They shal see him and despise him, but God shall laugh them to scorne, and they shal hereafter be a vile carkeis, and a reproch among the dead for euermore."
            },
            {
               "verse": 19,
               "text": "For he shall rend them, and cast them downe headlong, that they shalbe speechles: and he shal shake them from the foundation: and they shall bee vtterly laid waste, and be in sorow: and their memoriall shall perish."
            },
            {
               "verse": 20,
               "text": "And when they cast vp the accounts of their sinnes, they shall come with feare: and their owne iniquities shall conuince them to their face."
            }
         ]
      },
      {
         "chapter": 5,
         "verses": [
            {
               "verse": 1,
               "text": "Then shal the righteous man stand in great boldnesse, before the face of such as haue afflicted him, and made no account of his labours."
            },
            {
               "verse": 2,
               "text": "When they see it, they shalbe troubled with terrible feare, & shall be amazed at the strangenesse of his saluation, so farre beyond all that they looked for."
            },
            {
               "verse": 3,
               "text": "And they repenting, and groning for anguish of spirit, shall say within themselues, This was he whom wee had sometimes in derision, and a prouerbe of reproch."
            },
            {
               "verse": 4,
               "text": "We fooles accounted his life madnes, and his end to be without honour."
            },
            {
               "verse": 5,
               "text": "How is hee numbred among the children of God, and his lot is among the Saints?"
            },
            {
               "verse": 6,
               "text": "Therefore haue wee erred from the way of trueth, and the light of righteousnesse hath not shined vnto vs, and the Sunne of righteousnesse rose not vpon vs."
            },
            {
               "verse": 7,
               "text": "We wearied ourselues in the way of wickednesse, and destruction: yea, we haue gone through deserts, where there lay no way: but as for the way of the Lord, we haue not knowen it."
            },
            {
               "verse": 8,
               "text": "What hath pride profited vs? or what good hath riches with our vaunting brought vs?"
            },
            {
               "verse": 9,
               "text": "All those things are passed away like a shadow, and as a Poste that hasted by."
            },
            {
               "verse": 10,
               "text": "And as a ship that passeth ouer the waues of the water, which when it is gone by, the trace thereof cannot bee found: neither the path way of the keele in the waues."
            },
            {
               "verse": 11,
               "text": "Or as when a bird hath flowen thorow the aire, there is no token of her way to be found, but the light aire being beaten with the stroke of her wings, and parted with the violent noise and motion of them, is passed thorow, and therin afterwards no signe where she went, is to be found."
            },
            {
               "verse": 12,
               "text": "Or like as when an arrow is shot at a marke, it parteth the aire, which immediatly commeth together againe: so that a man cannot know where it went thorow:"
            },
            {
               "verse": 13,
               "text": "Euen so we in like maner, assoone as we were borne, began to draw to our end, and had no signe of vertue to shew: but were consumed in our owne wickednesse."
            },
            {
               "verse": 14,
               "text": "For the hope of the vngodly is like dust that is blowen away with &thorn; wind, like a thinne froth that is driuen away with &thorn; storme: like as the smoke which is dispersed here and there with a tempest, and passeth away as the remembrance of a guest that tarieth but a day."
            },
            {
               "verse": 15,
               "text": "But &thorn; righteous liue for euermore, their reward also is with the Lord, and the care of them is with the most High."
            },
            {
               "verse": 16,
               "text": "Therfore shall they receiue a glorious kingdome, & a beautiful crowne from the Lords hande: for with his right hand shall he couer them, and with his arme shall he protect them."
            },
            {
               "verse": 17,
               "text": "He shall take to him his ielousie for c&#333;plete armour, & make the creature his weapon for the reuenge of his enemies."
            },
            {
               "verse": 18,
               "text": "He shal put on righteousnesse as a brestplate, and true iudgement in stead of an helmet."
            },
            {
               "verse": 19,
               "text": "He shall take holinesse for an inuincible shield."
            },
            {
               "verse": 20,
               "text": "His seuere wrath shall he sharpen for a sword, and the world shall fight with him against the vnwise."
            },
            {
               "verse": 21,
               "text": "Then shal the right-aiming thunder bolts goe abroad, and from the cloudes, as from a well-drawen bow, shall they flie to the marke."
            },
            {
               "verse": 22,
               "text": "And hailestones full of wrath shal be cast as out of a stonebow, and the water of the Sea shall rage against them, & the floods shall cruelly drowne them."
            },
            {
               "verse": 23,
               "text": "Yea a mightie wind shall stand vp against them, & like a storme shall blow them away: thus iniquity shal lay wast the whole earth, and ill dealing shall ouerthrow the thrones of the mightie."
            }
         ]
      },
      {
         "chapter": 6,
         "verses": [
            {
               "verse": 1,
               "text": "Heare therefore, O yee kings, and vnderstand, learne yee that be iudges of the ends of the earth."
            },
            {
               "verse": 2,
               "text": "Giue eare you that rule the people, and glory in the multitude of nations."
            },
            {
               "verse": 3,
               "text": "For power is giuen you of the Lord, & soueraigntie from the Highest, who shall try your workes; and search out your counsels."
            },
            {
               "verse": 4,
               "text": "Because being Ministers of his kingdome, you haue not iudged aright, nor kept the law, nor walked after the counsell of God,"
            },
            {
               "verse": 5,
               "text": "Horribly and speedily shall he come vpon you: for a sharpe iudgement shall be to them that be in high places."
            },
            {
               "verse": 6,
               "text": "For mercy will soone pardon the meanest: but mighty men shall be mightily tormented."
            },
            {
               "verse": 7,
               "text": "For he which is Lord ouer all, shall feare no mans person: neither shall he stand in awe of any mans greatnesse: for he hath made the small and great, and careth for all alike."
            },
            {
               "verse": 8,
               "text": "But a sore triall shall come vpon the mighty."
            },
            {
               "verse": 9,
               "text": "Unto you therefore, O kings, doe I speake, that yee may learne wisedome, and not fall away."
            },
            {
               "verse": 10,
               "text": "For they that keepe holinesse holily, shall be iudged holy: and they that haue learned such things, shall find what to answere."
            },
            {
               "verse": 11,
               "text": "Wherefore set your affection vpon my words, desire them, and yee shall be instructed."
            },
            {
               "verse": 12,
               "text": "Wisedome is glorious and neuer fadeth away: yea she is easily seene of them that loue her, and found of such as seeke her."
            },
            {
               "verse": 13,
               "text": "She preuenteth them that desire her, in making herselfe first knowen vnto them."
            },
            {
               "verse": 14,
               "text": "Whoso seeketh her earely, shall haue no great trauaile: for he shall find her sitting at his doores."
            },
            {
               "verse": 15,
               "text": "To thinke therefore vpon her is perfection of wisedome: and who so watcheth for her, shall quickly be without care."
            },
            {
               "verse": 16,
               "text": "For she goeth about seeking such as are worthy of her, sheweth herselfe fauourably vnto them in the wayes, and meeteth them in euery thought."
            },
            {
               "verse": 17,
               "text": "For the very true beginning of her, is the desire of discipline, and the care of discipline is loue:"
            },
            {
               "verse": 18,
               "text": "And loue is the keeping of her lawes; and the giuing heed vnto her lawes, is the assurance of incorruption."
            },
            {
               "verse": 19,
               "text": "And incorruption maketh vs neere vnto God."
            },
            {
               "verse": 20,
               "text": "Therefore the desire of wisedome bringeth to a kingdome."
            },
            {
               "verse": 21,
               "text": "If your delight be then in thrones and scepters, O ye kings of the people, honour wisedome that yee may raigne for euermore."
            },
            {
               "verse": 22,
               "text": "As for wisedome what she is, and how she came vp, I will tell you, and will not hide mysteries from you: but will seeke her out from the beginning of her natiuity, & bring the knowledge of her into light, and will not passe ouer the trueth."
            },
            {
               "verse": 23,
               "text": "Neither will I goe with consuming enuy: for such a man shall haue no fellowship with wisedome."
            },
            {
               "verse": 24,
               "text": "But the multitude of the wise is the welfare of the world: and a wise king is the vpholding of the people."
            },
            {
               "verse": 25,
               "text": "Receiue therefore instruction thorough my words, and it shall doe you good."
            }
         ]
      },
      {
         "chapter": 7,
         "verses": [
            {
               "verse": 1,
               "text": "I my selfe also am a mortall man, like to all, and the ofspring of him that was first made of the earth,"
            },
            {
               "verse": 2,
               "text": "And in my mothers wombe was fashioned to be flesh in the time of tenne moneths being compacted in blood, of the seed of man, and the pleasure that came with sleepe."
            },
            {
               "verse": 3,
               "text": "And when I was borne, I drew in the common aire, and fell vpon the earth which is of like nature, and the first voice which I vttered, was crying as all others doe."
            },
            {
               "verse": 4,
               "text": "I was nursed in swadling clothes, and that with cares."
            },
            {
               "verse": 5,
               "text": "For there is no king that had any other beginning of birth."
            },
            {
               "verse": 6,
               "text": "For all men haue one entrance vnto life, and the like going out."
            },
            {
               "verse": 7,
               "text": "Wherefore I prayed, and vnderstanding was giuen mee: I called vpon God, and the spirit of wisedome came to me."
            },
            {
               "verse": 8,
               "text": "I preferred her before scepters, and thrones, and esteemed riches nothing in comparison of her."
            },
            {
               "verse": 9,
               "text": "Neither compared I vnto her any precious stone, because all gold in respect of her is as a little sand, and siluer shalbe counted as clay before her."
            },
            {
               "verse": 10,
               "text": "I loued her aboue health and beautie, and chose to haue her in stead of light: for the light that commeth from her neuer goeth out."
            },
            {
               "verse": 11,
               "text": "All good things together came to me with her, and innumerable riches in her hands."
            },
            {
               "verse": 12,
               "text": "And I reioyced in them all, because wisedome goeth before them: and I knew not that shee was the mother of them."
            },
            {
               "verse": 13,
               "text": "I learned diligently, and doe communicate her liberally: I doe not hide her riches."
            },
            {
               "verse": 14,
               "text": "For shee is a treasure vnto men that neuer faileth: which they that vse, become the friends of God: being commended for the gifts that come from learning."
            },
            {
               "verse": 15,
               "text": "God hath granted me to speake as I would, and to conceiue as is meet for the things that are giuen mee: because it is hee that leadeth vnto wisedome, and directeth the wise."
            },
            {
               "verse": 16,
               "text": "For in his hand are both we and our wordes: all wisedome also and knowledge of workemanship."
            },
            {
               "verse": 17,
               "text": "For hee hath giuen mee certaine knowledge of the things that are, namely to know how the world was made, & the operation of the elements:"
            },
            {
               "verse": 18,
               "text": "The beginning, ending, and midst of the times: the alterations of the turning of the Sunne, and the change of seasons:"
            },
            {
               "verse": 19,
               "text": "The circuits of yeres, and the positions of starres:"
            },
            {
               "verse": 20,
               "text": "The natures of liuing creatures, and the furies of wilde beasts: the violence of windes, and the reasonings of men: the diuersities of plants, and the vertues of rootes:"
            },
            {
               "verse": 21,
               "text": "And all such things as are either secret or manifest: them I know."
            },
            {
               "verse": 22,
               "text": "For wisedome which is the worker of all things, taught mee: for in her is an vnderstanding spirit holy, one onely, manifold, subtile, liuely, cleare, vndefiled, plaine, not subiect to hurt, louing the thing that is good, quicke, which c&#257;not be letted, ready to do good:"
            },
            {
               "verse": 23,
               "text": "Kinde to man, stedfast, sure, free from care, hauing all power, ouerseeing all things, and going through all vnderstanding, pure, and most subtile spirits."
            },
            {
               "verse": 24,
               "text": "For wisedome is more moouing then any motion: she passeth and goeth through all things by reason of her purenesse."
            },
            {
               "verse": 25,
               "text": "For she is the breath of the power of God, and a pure influence flowing from the glory of the Almighty: therefore can no vndefiled thing fall into her."
            },
            {
               "verse": 26,
               "text": "For shee is the brightnesse of the euerlasting light: the vnspotted mirrour of the power of God, and the Image of his goodnesse."
            },
            {
               "verse": 27,
               "text": "And being but one she can doe all things: and remayning in her selfe, she maketh all things new: and in all ages entring into holy soules, she maketh them friends of God, & Prophets."
            },
            {
               "verse": 28,
               "text": "For God loueth none but him, that dwelleth with wisedome."
            },
            {
               "verse": 29,
               "text": "For she is more beautiful then the Sunne, and aboue all the order of starres, being compared with the light, she is found before it."
            },
            {
               "verse": 30,
               "text": "For after this commeth night: but vice shall not preuaile against wisdome."
            }
         ]
      },
      {
         "chapter": 8,
         "verses": [
            {
               "verse": 1,
               "text": "Wisdome reacheth from one ende to another mightily: and sweetly doeth she order all things."
            },
            {
               "verse": 2,
               "text": "I loued her and sought her out, from my youth I dedesired to make her my spouse, and I was a louer of her beautie."
            },
            {
               "verse": 3,
               "text": "In that she is conuersant with God, she magnifieth her nobilitie: yea, the Lord of all things himselfe loued her."
            },
            {
               "verse": 4,
               "text": "For she is priuy to the mysteries of the knowledge of God, and a louer of his workes."
            },
            {
               "verse": 5,
               "text": "If riches be a possession to be desired in this life: what is richer then wisedome that worketh all things?"
            },
            {
               "verse": 6,
               "text": "And if prudence worke; who of all that are, is a more cunning workeman then she?"
            },
            {
               "verse": 7,
               "text": "And if a man loue righteousnesse, her labours are vertues: for she teacheth temperance and prudence: iustice and fortitude, which are such things as men can haue nothing more profitable in their life."
            },
            {
               "verse": 8,
               "text": "If a man desire much experience: she knoweth things of old, and coniectureth aright what is to come: shee knoweth the subtilties of speaches, and can expound darke sentences: she foreseeth signes and wonders, and the euents of seasons and times."
            },
            {
               "verse": 9,
               "text": "Therefore I purposed to take her to me to liue with mee, knowing that shee would be a counsellour of good things, and a comfort in cares & griefe."
            },
            {
               "verse": 10,
               "text": "For her sake I shall haue estimation among the multitude, and honour with the Elders, though I be yong."
            },
            {
               "verse": 11,
               "text": "I shall be found of a quicke conceit in iudgement, and shall be admired in the sight of great men."
            },
            {
               "verse": 12,
               "text": "When I hold my tongue they shal bide my leisure, and when I speake they shall giue good eare vnto me: if I talke much, they shall lay their handes vpon their mouth."
            },
            {
               "verse": 13,
               "text": "Moreouer, by the meanes of her, I shall obtaine immortalitie, and leaue behind me an euerlasting memoriall to them that come after me."
            },
            {
               "verse": 14,
               "text": "I shall set the people in order, and the nations shalbe subiect vnto me."
            },
            {
               "verse": 15,
               "text": "Horrible tyrants shall be afraide when they doe but heare of me, I shall be found good among the multitude, and valiant in warre."
            },
            {
               "verse": 16,
               "text": "After I am come into mine house, I will repose my selfe with her: for her conuersation hath no bitternes, and to liue with her, hath no sorrow, but mirth and ioy."
            },
            {
               "verse": 17,
               "text": "Now when I considered these things in my selfe, and pondered them in mine heart, how that to be allyed vnto wisedome, is immortalitie,"
            },
            {
               "verse": 18,
               "text": "And great pleasure it is to haue her friendship, and in the workes of her hands are infinite riches, and in the exercise of conference with her, prudence: and in talking with her a good report: I went about seeking how to take her to me."
            },
            {
               "verse": 19,
               "text": "For I was a wittie child, and had a good spirit."
            },
            {
               "verse": 20,
               "text": "Yea rather being good, I came into a body vndefiled."
            },
            {
               "verse": 21,
               "text": "Neuerthelesse when I perceiued that I could not otherwise obtaine her, except God gaue her me (and that was a point of wisdome also to know whose gift she was) I prayed vnto the Lord, and besought him, and with my whole heart I said:"
            }
         ]
      },
      {
         "chapter": 9,
         "verses": [
            {
               "verse": 1,
               "text": "O God of my fathers, and Lord of mercy, who hast made all things with thy word,"
            },
            {
               "verse": 2,
               "text": "And ordained man through thy wisedome, that he should haue dominion ouer the creatures, which thou hast made,"
            },
            {
               "verse": 3,
               "text": "And order the world according to equitie and righteousnesse, and execute iudgement with an vpright heart:"
            },
            {
               "verse": 4,
               "text": "Giue me wisedome that sitteth by thy Throne, and reiect me not from among thy children:"
            },
            {
               "verse": 5,
               "text": "For I thy seruant and sonne of thine handmaide, am a feeble person, and of a short time, and too young for the vnderstanding of iudgement and lawes."
            },
            {
               "verse": 6,
               "text": "For though a man be neuer so perfect among the children of men, yet if thy wisedome be not with him, hee shall be nothing regarded."
            },
            {
               "verse": 7,
               "text": "Thou hast chosen me to be a king of thy people, and a Iudge of thy sons and daughters:"
            },
            {
               "verse": 8,
               "text": "Thou hast commaunded me to build a Temple vpon thy holy mount, and an Altar in the city wherein thou dwellest, a resemblance of the holy Tabernacle which thou hast prepared from the beginning:"
            },
            {
               "verse": 9,
               "text": "And wisedome was with thee: which knoweth thy workes, and was present when thou madest the world, and knew what was acceptable in thy sight, and right in thy Commaundements."
            },
            {
               "verse": 10,
               "text": "O send her out of thy holy heauens, and from the Throne of thy glory, that being present shee may labour with mee, that I may know what is pleasing vnto thee."
            },
            {
               "verse": 11,
               "text": "For she knoweth and vnderstandeth all things, and shee shall leade me soberly in my doings, and preserue me in her power."
            },
            {
               "verse": 12,
               "text": "So shall my workes be acceptable, and then shall I iudge thy people righteously, and be worthy to sit in my fathers seate."
            },
            {
               "verse": 13,
               "text": "For what man is hee that can know the counsell of God? or who can thinke what the will of the Lord is?"
            },
            {
               "verse": 14,
               "text": "For the thoughts of mortall men are miserable, and our deuices are but vncertaine."
            },
            {
               "verse": 15,
               "text": "For the corruptible body presseth downe the soule, and the earthy tabernacle weigheth downe the minde that museth vpon many things."
            },
            {
               "verse": 16,
               "text": "And hardly doe we gesse aright at things that are vpon earth, and with labour doe wee find the things that are before vs: but the things that are in heauen, who hath searched out?"
            },
            {
               "verse": 17,
               "text": "And thy counsell who hath knowen, except thou giue wisedome, and send thy holy spirit from aboue?"
            },
            {
               "verse": 18,
               "text": "For so the wayes of them which liued on the earth were reformed, and men were taught the things that are pleasing vnto thee, and were saued through wisedome."
            }
         ]
      },
      {
         "chapter": 10,
         "verses": [
            {
               "verse": 1,
               "text": "She preserued the first formed father of the world that was created alone, and brought him out of his fall,"
            },
            {
               "verse": 2,
               "text": "And gaue him power to rule all things."
            },
            {
               "verse": 3,
               "text": "But when the vnrighteous went away from her in his anger, he perished also in the fury wherwith he murdered his brother."
            },
            {
               "verse": 4,
               "text": "For whose cause the earth being drowned with the flood, Wisedome againe preserued it, & directed the course of the righteous, in a piece of wood, of small value."
            },
            {
               "verse": 5,
               "text": "Moreouer, the nations in their wicked conspiracie being confounded, she found out the righteous, and preserued him blamelesse vnto God, and kept him strong against his tender compassion towards his sonne."
            },
            {
               "verse": 6,
               "text": "When the vngodly perished, shee deliuered the righteous man, who fled from the fire which fell downe vpon the fiue cities."
            },
            {
               "verse": 7,
               "text": "Of whose wickednesse euen to this day the waste land that smoketh, is a testimonie, and plants bearing fruite that neuer come to ripenesse: and a standing pillar of salt is a monument of an vnbeleeuing soule."
            },
            {
               "verse": 8,
               "text": "For regarding not wisedome, they gate not only this hurt, that they knew not the things which were good: but also left behind them to the world a memoriall of their foolishnes: so that in the things wherein they offended, they could not so much as be hid."
            },
            {
               "verse": 9,
               "text": "But Wisedome deliuered from paine those that attended vpon her."
            },
            {
               "verse": 10,
               "text": "When the righteous fled from his brothers wrath, she guided him in right paths: shewed him the kingdome of God: and gaue him knowledge of holy things, made him rich in his trauailes, and multiplied the fruit of his labours."
            },
            {
               "verse": 11,
               "text": "In the couetousnesse of such as oppressed him, she stood by him, and made him rich."
            },
            {
               "verse": 12,
               "text": "She defended him from his enemies, and kept him safe from those that lay in wait, and in a sore conflict she gaue him the victory, that he might knowe that godlinesse is stronger then all."
            },
            {
               "verse": 13,
               "text": "When the righteous was solde, she forsooke him not, but deliuered him from sinne: she went downe with him into the pit,"
            },
            {
               "verse": 14,
               "text": "And left him not in bonds till she brought him the scepter of the kingdom and power against those that oppressed him: as for them that had accused him, she shewed them to be liers, and gaue them perpetuall glory."
            },
            {
               "verse": 15,
               "text": "She deliuered the righteous people, and blamelesse seed from the nation that oppressed them."
            },
            {
               "verse": 16,
               "text": "She entred into the soule of the seruant of the Lord, and withstood dreadfull kings in wonders and signes,"
            },
            {
               "verse": 17,
               "text": "Rendred to the righteous a reward of their labours, guided them in a marueilous way, and was vnto them for a couer by day, and a light of starres in the night season:"
            },
            {
               "verse": 18,
               "text": "Brought them through the red sea, and led them thorow much water."
            },
            {
               "verse": 19,
               "text": "But she drowned their enemies, and cast them vp out of the bottome of the deepe."
            },
            {
               "verse": 20,
               "text": "Therefore the righteous spoiled the vngodly, & praised thy holy Name, O Lord, and magnified with one accord thine hand that fought for them."
            },
            {
               "verse": 21,
               "text": "For wisedome opened the mouth of the dumbe, and made the tongues of them that cannot speake, eloquent."
            }
         ]
      },
      {
         "chapter": 11,
         "verses": [
            {
               "verse": 1,
               "text": "She prospered their works in the hand of the holy Prophet."
            },
            {
               "verse": 2,
               "text": "They went thorough the wildernesse that was not inhabited, and pitched tents in places where there lay no way."
            },
            {
               "verse": 3,
               "text": "They stood against their enemies, and were auenged of their aduersaries."
            },
            {
               "verse": 4,
               "text": "When they were thirsty they called vpon thee, and water was giuen them out of the flinty rocke, and their thirst was quenched out of the hard stone."
            },
            {
               "verse": 5,
               "text": "For by what things their enemies were punished, by the same they in their neede were benefited."
            },
            {
               "verse": 6,
               "text": "For in stead of a fountaine of a perpetuall running riuer, troubled with foule blood,"
            },
            {
               "verse": 7,
               "text": "For a manifest reproofe of that commandement, whereby the infants were slaine, thou gauest vnto them abundance of water by a meanes which they hoped not for,"
            },
            {
               "verse": 8,
               "text": "Declaring by that thirst then, how thou hadst punished their aduersaries."
            },
            {
               "verse": 9,
               "text": "For when they were tryed, albeit but in mercy chastised, they knew how the vngodly were iudged in wrath and tormented thirsting in another maner then the Iust."
            },
            {
               "verse": 10,
               "text": "For these thou didst admonish, and trie as a father: but the other as a seuere king thou didst condemne and punish."
            },
            {
               "verse": 11,
               "text": "Whether they were absent, or present, they were vexed alike."
            },
            {
               "verse": 12,
               "text": "For a double griefe came vpon them, and a groaning for the remembrance of things past."
            },
            {
               "verse": 13,
               "text": "For when they heard by their owne punishments the other to be benefited, they had some feeling of the Lord."
            },
            {
               "verse": 14,
               "text": "For whom they reiected with scorne when hee was long before throwen out at the casting forth of the infants, him in the end, when they saw what came to passe, they admired."
            },
            {
               "verse": 15,
               "text": "But for the foolish deuises of their wickednesse, wherewith being deceiued, they worshipped serpents voyd of reason, and vile beasts: thou didst send a multitude of vnreasonable beasts vpon them for vengeance,"
            },
            {
               "verse": 16,
               "text": "That they might knowe that wherewithall a man sinneth, by the same also shall he be punished."
            },
            {
               "verse": 17,
               "text": "For thy Almighty hand that made the world of matter without forme, wanted not meanes to send among them a multitude of Beares, or fierce Lyons,"
            },
            {
               "verse": 18,
               "text": "Or vnknowen wild beasts full of rage newly created, breathing out either a fiery vapour, or filthy sents of scattered smoake, or shooting horrible sparkles out of their eyes:"
            },
            {
               "verse": 19,
               "text": "Whereof not onely the harme might dispatch them at once: but also the terrible sight vtterly destroy them."
            },
            {
               "verse": 20,
               "text": "Yea and without these might they haue fallen downe with one blast, being persecuted of vengeance, and scattered abroad thorough the breath of thy power, but thou hast ordered all things in measure, and number, and weight."
            },
            {
               "verse": 21,
               "text": "For thou canst shew thy great strength at all times when thou wilt, and who may withstand the power of thine arme?"
            },
            {
               "verse": 22,
               "text": "For the whole world before thee is as a litle graine of the ballance, yea as a drop of the morning dew that falleth downe vpon the earth."
            },
            {
               "verse": 23,
               "text": "But thou hast mercy vpon all: for thou canst doe all things, and winkest at the sinnes of men: because they should amend."
            },
            {
               "verse": 24,
               "text": "For thou louest all the things that are, and abhorrest nothing which thou hast made: for neuer wouldest thou haue made any thing, if thou hadst hated it."
            },
            {
               "verse": 25,
               "text": "And how could any thing haue endured if it had not beene thy will? or beene preserued, if not called by thee?"
            },
            {
               "verse": 26,
               "text": "But thou sparest all: for they are thine, O Lord, thou louer of soules."
            }
         ]
      },
      {
         "chapter": 12,
         "verses": [
            {
               "verse": 1,
               "text": "For thine vncorruptible spirit is in all things."
            },
            {
               "verse": 2,
               "text": "Therefore chastnest thou them by little, and little, that offend, and warnest them by putting them in remembrance, wherin they haue offended, that leauing their wickednesse they may beleeue on thee O Lord."
            },
            {
               "verse": 3,
               "text": "For it was thy will to destroy by the handes of our fathers, both those old inhabitants of thy holy land,"
            },
            {
               "verse": 4,
               "text": "Whom thou hatedst for doing most odious workes of witchcrafts, and wicked sacrifices;"
            },
            {
               "verse": 5,
               "text": "And also those mercilesse murderers of children, & deuourers of mans flesh, and the feasts of blood;"
            },
            {
               "verse": 6,
               "text": "With their Priests out of the midst of their idolatrous crew, and the parents that killed with their owne hands, soules destitute of helpe:"
            },
            {
               "verse": 7,
               "text": "That the land which thou esteemedst aboue all other, might receiue a worthy colonie of Gods children."
            },
            {
               "verse": 8,
               "text": "Neuerthelesse, euen those thou sparedst as men, and didst send waspes forerunners of thine hoste, to destroy them by little and little."
            },
            {
               "verse": 9,
               "text": "Not that thou wast vnable to bring the vngodly vnder the hand of the righteous in battell, or to destroy them at once with cruel beastes, or with one rough word:"
            },
            {
               "verse": 10,
               "text": "But executing thy iudgements vpon them by little and little, thou gauest them place of repentance, not being ignorant that they were a naughtie generation, and that their malice, was bred in them, and that their cogitation would neuer be changed."
            },
            {
               "verse": 11,
               "text": "For it was a cursed seed, from the beginning, neither didst thou for feare of any man giue them pardon for those things wherein they sinned."
            },
            {
               "verse": 12,
               "text": "For who shall say, What hast thou done? or who shall withstand thy iudgement, or who shall accuse thee for the nations that perish whom thou hast made? or who shall come to stand against thee, to be reuenged for the vnrighteous men?"
            },
            {
               "verse": 13,
               "text": "For neither is there any God but thou, that careth for all, to whom thou mightest shew that thy iudgement is not vnright."
            },
            {
               "verse": 14,
               "text": "Neither shall king or tyrant bee able to set his face against thee, for any whom thou hast punished."
            },
            {
               "verse": 15,
               "text": "For so much then as thou art righteous thy selfe, thou orderest all things righteously: thinking it not agreeable with thy power to condemne him &thorn; hath not deserued to be punished."
            },
            {
               "verse": 16,
               "text": "For thy power is the beginning of righteousnesse, and because thou art the Lord of all, it maketh thee to be gracious vnto all."
            },
            {
               "verse": 17,
               "text": "For when men will not beleeue, that thou art of a full power, thou shewest thy strength, and among them that know it, thou makest their boldnesse manifest."
            },
            {
               "verse": 18,
               "text": "But thou, mastering thy power, iudgest with equitie, and orderest vs with great fauour: for thou mayest vse power when thou wilt."
            },
            {
               "verse": 19,
               "text": "But by such workes hast thou taught thy people, that the iust man should be mercifull, and hast made thy children to be of a good hope, that thou giuest repentance for sinnes."
            },
            {
               "verse": 20,
               "text": "For if thou didst punish the enemies of thy children, and the condemned to death with such deliberation, giuing them time and place, wherby they might be deliuered from their malice."
            },
            {
               "verse": 21,
               "text": "With how great circumspection diddest thou iudge thine owne sonnes, vnto whose fathers thou hast sworne, and made couenants of good promises?"
            },
            {
               "verse": 22,
               "text": "Therefore whereas thou doest chasten vs, thou scourgest our enemies a thousand times more, to the intent that when wee iudge, wee should carefully thinke of thy goodnesse, and when we our selues are iudged, wee should looke for mercy."
            },
            {
               "verse": 23,
               "text": "Wherefore, whereas men haue liued dissolutely and vnrighteously, thou hast tormented them with their owne abominations."
            },
            {
               "verse": 24,
               "text": "For they went astray very farre in the wayes of errour, & held them for gods (which euen amongst the beasts of their enemies were despised) being deceiued as children of no vnderstanding."
            },
            {
               "verse": 25,
               "text": "Therefore vnto them, as to children without the vse of reason, thou didst send a iudgement to mocke them."
            },
            {
               "verse": 26,
               "text": "But they that would not bee refourmed by that correction wherein he dallied with them, shall feele a iudgement worthy of God."
            },
            {
               "verse": 27,
               "text": "For looke, for what things they grudged when they were punished, (that is) for them whom they thought to be gods,  being punished in them; when they saw it, they acknowledged him to be the true God, whome before they denyed to know: and therefore came extreme damnation vpon them."
            }
         ]
      },
      {
         "chapter": 13,
         "verses": [
            {
               "verse": 1,
               "text": "Surely vaine are all men by nature, who are ignorant of God, and could not out of the good things that are seene, know him that is: neither by considering the workes, did they acknowledge the worke-master;"
            },
            {
               "verse": 2,
               "text": "But deemed either fire, or wind, or the swift aire, or the circle of the stars, or the violent water, or the lights of heauen to be the gods which gouerne the world:"
            },
            {
               "verse": 3,
               "text": "With whose beautie, if they being delighted, tooke them to be gods: let them know how much better the Lord of them is; for the first Author of beautie hath created them."
            },
            {
               "verse": 4,
               "text": "But if they were astonished at their power and vertue, let them vnderstand by them, how much mightier he is that made them."
            },
            {
               "verse": 5,
               "text": "For by the greatnesse and beautie of the creatures, proportionably the Maker of them is seene."
            },
            {
               "verse": 6,
               "text": "But yet for this they are the lesse to bee blamed: for they peraduenture erre seeking God, and desirous to finde him."
            },
            {
               "verse": 7,
               "text": "For being conuersant in his workes, they search him diligently, and beleeue their sight: because the things are beautifull that are seene."
            },
            {
               "verse": 8,
               "text": "Howbeit, neither are they to bee pardoned."
            },
            {
               "verse": 9,
               "text": "For if they were able to know so much, that they could aime at the world; how did they not sooner finde out the Lord thereof?"
            },
            {
               "verse": 10,
               "text": "But miserable are they, and in dead things is their hope, who called them gods which are the workes of mens hands, golde and siluer, to shewe arte in, and resemblances of beasts, or a stone good for nothing, the worke of an ancient hand."
            },
            {
               "verse": 11,
               "text": "Now a carpenter that felleth timber, after hee hath sawen downe a tree meet for the purpose, and taken off all the barke skilfully round about, and hath wrought it handsomely, & made a vessell thereof fit for the seruice of mans life:"
            },
            {
               "verse": 12,
               "text": "And after spending the refuse of his worke to dresse his meat, hath filled himselfe:"
            },
            {
               "verse": 13,
               "text": "And taking the very refuse among those which serued to no vse (being a crooked piece of wood, and ful of knots) hath carued it diligently when hee had nothing else to doe, and formed it by the skill of his vnderstanding, and fashioned it to the image of a man:"
            },
            {
               "verse": 14,
               "text": "Or made it like some vile beast, laying it ouer with vermilion, and with paint, colouring it red, and couering euery spot therein:"
            },
            {
               "verse": 15,
               "text": "And when he had made a conuenient roume for it, set it in a wall, and made it fast with yron:"
            },
            {
               "verse": 16,
               "text": "For he prouided for it, that it might not fall: knowing that it was vnable to helpe it selfe, (for it is an image and hath neede of helpe:)"
            },
            {
               "verse": 17,
               "text": "Then maketh hee prayer for his goods, for his wife and children, and is not ashamed to speake to that which hath no life."
            },
            {
               "verse": 18,
               "text": "For health, hee calleth vpon that which is weake: for life, prayeth to that which is dead: for aide, humbly beseecheth that which hath least meanes to helpe: and for a good iourney, hee asketh of that which cannot set a foot forward:"
            },
            {
               "verse": 19,
               "text": "And for gaining and getting, and for good successe of his hands, asketh abilitie to doe, of him that is most vnable to doe any thing."
            }
         ]
      },
      {
         "chapter": 14,
         "verses": [
            {
               "verse": 1,
               "text": "Againe, one preparing himselfe to saile, and about to passe through the raging waues, calleth vpon a piece of wood more rotten then the vesell that carieth him."
            },
            {
               "verse": 2,
               "text": "For verely desire of gaine deuised that, and the workeman built it by his skill:"
            },
            {
               "verse": 3,
               "text": "But thy prouidence, O Father, gouerneth it: for thou hast made a way in the Sea, and a safe path in the waues:"
            },
            {
               "verse": 4,
               "text": "Shewing that thou canst saue from all danger: yea though a man went to Sea without arte."
            },
            {
               "verse": 5,
               "text": "Neuerthelesse thou wouldest not that the works of thy wisedome should be idle, and therefore doe men commit their liues to a small piece of wood, and passing the rough sea in a weake vessell, are saued."
            },
            {
               "verse": 6,
               "text": "For in the old time also when the proud gyants perished, the hope of the world gouerned by thy hand, escaped in a weake vessell, and left to all ages a seed of generation."
            },
            {
               "verse": 7,
               "text": "For blessed is the wood, whereby righteousnesse commeth."
            },
            {
               "verse": 8,
               "text": "But that which is made with hands, is cursed, aswell it, as hee that made it: he, because he made it, and it, because being corruptible it was called God."
            },
            {
               "verse": 9,
               "text": "For the vngodly and his vngodlines are both alike hatefull vnto God."
            },
            {
               "verse": 10,
               "text": "For that which is made, shall bee punished together with him that made it."
            },
            {
               "verse": 11,
               "text": "Therfore euen vpon the idoles of the Gentiles shall there be a visitation: because in the creature of God they are become an abomination and stumbling blocks to the soules of men, and a snare to the feet of the vnwise."
            },
            {
               "verse": 12,
               "text": "For the deuising of idoles was the beginning of spiritual fornication, and the inuention of them the corruption of life."
            },
            {
               "verse": 13,
               "text": "For neither were they from the beginning, neither shall they be for euer."
            },
            {
               "verse": 14,
               "text": "For by the vaine glory of men they entred into the world, and therefore shall they come shortly to an end."
            },
            {
               "verse": 15,
               "text": "For a father afflicted with vntimely mourning, when he hath made an image of his childe soone taken away, now honoured him as a god, which was then a dead man, and deliuered to those that were vnder him, ceremonies and sacrifices."
            },
            {
               "verse": 16,
               "text": "Thus in processe of time an vngodly custome growen strong, was kept as a law, and grauen images were worshipped by the commandements of kings,"
            },
            {
               "verse": 17,
               "text": "Whom men could not honour in presence, because they dwelt farre off, they tooke the counterfeit of his visage from farre, and made an expresse image of a king whom they honoured, to the end that by this their forwardnes, they might flatter him that was absent, as if he were present."
            },
            {
               "verse": 18,
               "text": "Also the singular diligence of the artificer did helpe to set forward the ignorant to more superstition."
            },
            {
               "verse": 19,
               "text": "For he peraduenture willing to please one in authoritie, forced all his skill to make the resemblance of the best fashion."
            },
            {
               "verse": 20,
               "text": "And so the multitude allured by the grace of the worke, tooke him now for a god, which a litle before was but honoured as a man."
            },
            {
               "verse": 21,
               "text": "And this was an occasion to deceiue the world: for men seruing either calamitie or tyrannie, did ascribe vnto stones, and stockes, the incommunicable Name."
            },
            {
               "verse": 22,
               "text": "Moreouer this was not enough for them, that they erred in the knowledge of God, but whereas they liued in the great warre of ignorance, those so great plagues called they peace."
            },
            {
               "verse": 23,
               "text": "For whilest they slew their children in sacrifices, or vsed secret ceremonies, or made reuellings of strange rites"
            },
            {
               "verse": 24,
               "text": "They kept neither liues nor mariages any longer vndefiled: but either one slew another traiterously, or grieued him by adulterie:"
            },
            {
               "verse": 25,
               "text": "So that there reigned in all men without exception, blood, manslaughter, theft, and dissimulation, corruption, vnfaithfulnesse, tumults, periurie,"
            },
            {
               "verse": 26,
               "text": "Disquieting of good men, forgetfulnesse of good turnes, defiling of soules, changing of kinde, disorder in mariages, adulterie, and shameles vncleannesse."
            },
            {
               "verse": 27,
               "text": "For the worshipping of idoles not to be named, is the beginning, the cause, and the end of all euill."
            },
            {
               "verse": 28,
               "text": "For either they are mad when they be merry, or prophesie lies, or liue vniustly, or else lightly forsweare themselues."
            },
            {
               "verse": 29,
               "text": "For insomuch as their trust is in idoles which haue no life, though they sweare falsly, yet they looke not to bee hurt."
            },
            {
               "verse": 30,
               "text": "Howbeit for both causes shal they be iustly punished: both because they thought not well of God, giuing heed vnto idols, and also vniustly swore in deceit, despising holinesse."
            },
            {
               "verse": 31,
               "text": "For it is not the power of them by whom they sweare: but it is the iust vengeance of sinners, that punisheth alwayes the offence of the vngodly."
            }
         ]
      },
      {
         "chapter": 15,
         "verses": [
            {
               "verse": 1,
               "text": "But thou O God, art gracious and true: long suffering, and in mercy ordering all things."
            },
            {
               "verse": 2,
               "text": "For if we sinne we are thine, knowing thy power: but we will not sinne, knowing that we are counted thine."
            },
            {
               "verse": 3,
               "text": "For to know thee is perfect righteousnesse: yea to know thy power is the roote of immortality."
            },
            {
               "verse": 4,
               "text": "For neither did the mischieuous inuention of men deceiue vs: nor an image spotted with diuers colours, the painters fruitlesse labour."
            },
            {
               "verse": 5,
               "text": "The sight wherof entiseth fooles to lust after it, and so they desire the forme of a dead image that hath no breath."
            },
            {
               "verse": 6,
               "text": "Both they that make them, they that desire them, and they that worship them, are louers of euill things, and are worthy to haue such things to trust vpon."
            },
            {
               "verse": 7,
               "text": "For the potter tempering soft earth fashioneth, euery vessell with much labour for our seruice: yea of the same clay hee maketh both the vessels that serue for cleane vses: and likewise also all such as serue to the contrary: but what is the vse of either sort, the potter himselfe is the iudge."
            },
            {
               "verse": 8,
               "text": "And employing his labours lewdly, he maketh a vaine God of the same clay, euen he which a little before was made of earth himselfe, and within a little while after returneth to the same out of the which he was taken: when his life which was lent him shall be demanded."
            },
            {
               "verse": 9,
               "text": "Notwithstanding his care is, not that hee shall haue much labour, nor that his life is short: but striueth to excel goldsmiths, and siluersmiths, and endeuoureth to doe like the workers in brasse, and counteth it his glory to make counterfeit things."
            },
            {
               "verse": 10,
               "text": "His heart is ashes, his hope is more vile then earth, and his life of lesse value then clay:"
            },
            {
               "verse": 11,
               "text": "Forasmuch as hee knew not his maker, and him that inspired into him an actiue soule, and breathed in a liuing spirit."
            },
            {
               "verse": 12,
               "text": "But they counted our life a pastime, & our time here a market for gaine: for, say they, we must be getting euery way, though it be by euil meanes."
            },
            {
               "verse": 13,
               "text": "For this man that of earthly matter maketh brickle vessels, and grauen images, knoweth himselfe to offend aboue all others."
            },
            {
               "verse": 14,
               "text": "And all the enemies of thy people, that hold them in subiection are most foolish and are more miserable then very babes."
            },
            {
               "verse": 15,
               "text": "For they counted all the idoles of the heathen to be gods: which neither haue the vse of eyes to see, nor noses to draw breath, nor eares to heare, nor fingers of hands to handle, and as for their feete they are slow to goe."
            },
            {
               "verse": 16,
               "text": "For man made them, and he that borrowed his owne spirit fashioned them, but no man can make a god like vnto himselfe."
            },
            {
               "verse": 17,
               "text": "For being mortall he worketh a dead thing with wicked hands: for hee himselfe is better then the things which he worshippeth: whereas he liued once, but they neuer."
            },
            {
               "verse": 18,
               "text": "Yea they worshipped those beasts also that are most hatefull: for being compared together, some are worse then others."
            },
            {
               "verse": 19,
               "text": "Neither are they beautifull, so much, as to bee desired in respect of beasts, but they went without the praise of God and his blessing."
            }
         ]
      },
      {
         "chapter": 16,
         "verses": [
            {
               "verse": 1,
               "text": "Therefore by the like were they punished worthily, and by the multitude of beasts tormented."
            },
            {
               "verse": 2,
               "text": "In stead of which punishment, dealing graciously with thine owne people thou preparedst for them meate of a strange taste: euen quailes to stirre vp their appetite:"
            },
            {
               "verse": 3,
               "text": "To the end that they desiring food might for the ougly sight of the beasts sent among them, loath euen that which they must needs desire: but these suffering penury for a short space, might be made partakers of a strange taste."
            },
            {
               "verse": 4,
               "text": "For it was requisite, that vpon them excercising tyranny should come penury which they could not auoyde: but to these it should onely be shewed how their enemies were tormented."
            },
            {
               "verse": 5,
               "text": "For when the horrible fiercenesse of beasts came vpon these, and they perished with the stings of crooked serpents, thy wrath endured not for euer."
            },
            {
               "verse": 6,
               "text": "But they were troubled for a smal season that they might be admonished, hauing a signe of saluation, to put them in remembrance of the commandement of thy Law."
            },
            {
               "verse": 7,
               "text": "For hee that turned himselfe towards it, was not saued by the thing that he saw: but by thee that art the sauiour of all."
            },
            {
               "verse": 8,
               "text": "And in this thou madest thine enemies confesse, that it is thou who deliuerest from all euill:"
            },
            {
               "verse": 9,
               "text": "For them the bitings of grassehoppers and flies killed, neither was there found any remedy for their life: for they were worthy to bee punished by such."
            },
            {
               "verse": 10,
               "text": "But thy sonnes, not the very teeth of venemous dragons ouercame: for thy mercy was euer by them, and healed them."
            },
            {
               "verse": 11,
               "text": "For they were pricked, that they should remember thy words, and were quickly saued, that not falling into deep forgetfulnesse, they might be continually mindefull of thy goodnesse."
            },
            {
               "verse": 12,
               "text": "For it was neither herbe, nor mollifying plaister that restored them to health: but thy word, O Lord, which healeth all things."
            },
            {
               "verse": 13,
               "text": "For thou hast power of life and death: thou leadest to the gates of hell, and bringest vp againe."
            },
            {
               "verse": 14,
               "text": "A man indeed killeth through his malice: and the spirit when it is gone foorth returneth not; neither the soule receiued vp, commeth againe."
            },
            {
               "verse": 15,
               "text": "But it is not possible to escape thine hand."
            },
            {
               "verse": 16,
               "text": "For the vngodly that denied to know thee, were scourged by the strength of thine arme: with strange raines, hailes, and showers were they persecuted, that they could not auoyd, and through fire were they consumed."
            },
            {
               "verse": 17,
               "text": "For, which is most to be wondered at, the fire had more force in the water that quencheth all things: for the world fighteth for the righteous."
            },
            {
               "verse": 18,
               "text": "For sometimes the flame was mitigated, that it might not burne vp the beasts that were sent against the vngodly: but themselues might see and perceiue that they were persecuted with the iudgement of God."
            },
            {
               "verse": 19,
               "text": "And at another time it burneth euen in the midst of water, aboue the power of fire, that it might destroy the fruits of an vniust land."
            },
            {
               "verse": 20,
               "text": "In stead whereof thou feddest thine owne people, with Angels food, and didst send them from heauen bread prepared without their labour, able to content euery mans delight, and agreeing to euery taste."
            },
            {
               "verse": 21,
               "text": "For thy sustenance declared thy sweetnesse vnto thy children, and seruing to the appetite of the eater tempered it selfe to euery mans liking."
            },
            {
               "verse": 22,
               "text": "But snow and yce endured the fire and melted not, that they might know that fire burning the haile, and sparkling in the raine, did destroy the fruits of the enemies."
            },
            {
               "verse": 23,
               "text": "But this againe did euen forget his owne strength, that the righteous might be nourished."
            },
            {
               "verse": 24,
               "text": "For the creature that serueth thee who art the maker, encreaseth his strength against the vnrighteous for their punishment, and abateth his strength for the benefit of such as put their trust in thee."
            },
            {
               "verse": 25,
               "text": "Therefore euen then was it altered into all fashions, and was obedient to thy grace that nourisheth all things, according to the desire of them that had need:"
            },
            {
               "verse": 26,
               "text": "That thy children, O Lord, whom thou louest, might know that it is not the growing of fruits that nourisheth man: but that it is thy word which preserueth them that put their trust in thee."
            },
            {
               "verse": 27,
               "text": "For that which was not destroied of the fire, being warmed with a litle Sunne beame, soone melted away,"
            },
            {
               "verse": 28,
               "text": "That it might bee knowen, that wee must preuent the Sunne, to giue thee thanks, and at the day-spring pray vnto thee."
            },
            {
               "verse": 29,
               "text": "For the hope of the vnfaithfull, shal melt away as the Winters hoarefrost, and shall runne away as vnprofitable water."
            }
         ]
      },
      {
         "chapter": 17,
         "verses": [
            {
               "verse": 1,
               "text": "For great are thy Iudgements, and cannot be expressed: therefore vnnourtured soules haue erred."
            },
            {
               "verse": 2,
               "text": "For when vnrighteous men thought to oppresse the holy nation: they being shut vp in their houses, the prisoners of darkenesse, and fettered with the bondes of a long night, lay  exiled from the eternall prouidence."
            },
            {
               "verse": 3,
               "text": "For while they supposed to lie hid in their secret sinnes, they were scattered vnder a darke vaile of forgetfulnesse, being horribly astonished, and troubled with (strange) apparitions."
            },
            {
               "verse": 4,
               "text": "For neither might the corner that helde them keepe them from feare: but noises (as of waters) falling downe, sounded about them, and sadde visions appeared vnto them with heauie countenances."
            },
            {
               "verse": 5,
               "text": "No power of the fire might giue them light: neither could the bright flames of the starres endure to lighten that horrible night."
            },
            {
               "verse": 6,
               "text": "Onely there appeared vnto them a fire kindled of it selfe, very dreadfull: for being much terrified, they thought the things which they saw to be worse then the sight they saw not."
            },
            {
               "verse": 7,
               "text": "As for the illusions of arte Magicke, they were put downe, and their vaunting in wisedome was reprooued with disgrace."
            },
            {
               "verse": 8,
               "text": "For they that promised to driue away terrours, and troubles from a sicke soule, were sicke themselues of feare worthy to be laughed at."
            },
            {
               "verse": 9,
               "text": "For though no terrible thing did feare them: yet being skared with beasts that passed by, and hissing of serpents,"
            },
            {
               "verse": 10,
               "text": "They died for feare, denying that they saw the ayre, which could of no side be auoided."
            },
            {
               "verse": 11,
               "text": "For wickednesse condemned by her owne witnesse, is very timorous, and being pressed with conscience, alwayes forecasteth grieuous things."
            },
            {
               "verse": 12,
               "text": "For feare is nothing else, but a betraying of the succours which reason offereth."
            },
            {
               "verse": 13,
               "text": "And the expectation from within being lesse, counteth the ignorance more then the cause which bringeth the torment."
            },
            {
               "verse": 14,
               "text": "But they sleeping the same sleepe that night which was indeed intolerable, and which came vpon them out of the bottomes of ineuitable hell:"
            },
            {
               "verse": 15,
               "text": "Were partly vexed with monstrous apparitions, and partly fainted, their heart failing them: for a suddaine feare and not looked for, came vpon them."
            },
            {
               "verse": 16,
               "text": "So then, whosoeuer there fell downe, was straitly kept, shut vp in a prison without yron barres."
            },
            {
               "verse": 17,
               "text": "For whether hee were husbandman, or shepheard, or a labourer in the field, he was ouertaken, and endured that necessitie, which could not be auoided: for they were all bound with one chaine of darkenesse."
            },
            {
               "verse": 18,
               "text": "Whether it were a whistling winde, or a melodious noise of birdes among the spreading branches, or a pleasing fall of water running violently:"
            },
            {
               "verse": 19,
               "text": "Or a terrible sound of stones cast downe, or a running that could not be seene of skipping beasts, or a roaring voice of most sauage wilde beasts, or a rebounding Eccho from the hollow mountaines: these things made them to swoone for feare."
            },
            {
               "verse": 20,
               "text": "For the whole world shined with cleare light, and none were hindered in their labour."
            },
            {
               "verse": 21,
               "text": "Ouer them onely was spread an heauie night, an image of that darkenesse which should afterwards receiue them: but yet were they vnto themselues more grieuous then the darkenesse."
            }
         ]
      },
      {
         "chapter": 18,
         "verses": [
            {
               "verse": 1,
               "text": "Neuerthelesse, thy Saints had a very great light, whose voice they hearing and not seeing their shape, because they also had not suffered the same things, they counted them happy."
            },
            {
               "verse": 2,
               "text": "But for that they did not hurt them now, of whom they had beene wronged before, they thanked them, and besought them pardon, for that they had beene enemies."
            },
            {
               "verse": 3,
               "text": "In stead whereof thou gauest them a burning pillar of fire, both to be a guide of the vnknowen iourney, and an harmelesse Sunne to entertaine them honourably."
            },
            {
               "verse": 4,
               "text": "For they were worthy to be depriued of light, and imprisoned in darknesse, who had kept thy sonnes shut vp, by whom the vncorrupt light of the law was to be giuen vnto the world."
            },
            {
               "verse": 5,
               "text": "And when they had determined to slay the babes of the Saints, one child being cast forth, and saued: to reproue them, thou tookest away the multitude of their children, and destroyedst them altogether in a mightie water."
            },
            {
               "verse": 6,
               "text": "Of that night were our fathers certified afore, that assuredly knowing vnto what oathes they had giuen credence, they might afterwards bee of good cheere."
            },
            {
               "verse": 7,
               "text": "So of thy people was accepted both the saluation of the righteous, and destruction of the enemies."
            },
            {
               "verse": 8,
               "text": "For wherewith thou didst punish our aduersaries, by the same thou didst glorifie vs whom thou hadst called."
            },
            {
               "verse": 9,
               "text": "For the righteous children of good men did sacrifice secretly, and with one consent made a holy lawe, that the Saints should bee alike partakers of the same good and euill, the fathers now singing out the songs of praise."
            },
            {
               "verse": 10,
               "text": "But on the other side there sounded an ill-according crie of the enemies, and a lamentable noise was caried abroad for children that were bewailed."
            },
            {
               "verse": 11,
               "text": "The master and the seruaunt were punished after one maner, and like as the king, so suffered the common person."
            },
            {
               "verse": 12,
               "text": "So they altogether had innumerable dead with one kind of death, neither were the liuing sufficient to burie them: for in one moment the noblest ofspring of them was destroyed."
            },
            {
               "verse": 13,
               "text": "For whereas they would not beleeue any thing by reason of the enchantments, vpon the destruction of the first borne, they acknowledged this people to be the sonnes of God."
            },
            {
               "verse": 14,
               "text": "For while all things were in quiet silence, and that night was in the midst of her swift course,"
            },
            {
               "verse": 15,
               "text": "Thine almighty word leapt downe from heauen, out of thy royall throne, as a fierce man of warre into the midst of a land of destruction,"
            },
            {
               "verse": 16,
               "text": "And brought thine vnfained commandement as a sharpe sword, and standing vp filled all things with death, and it touched the heauen, but it stood vpon the earth."
            },
            {
               "verse": 17,
               "text": "Then suddenly visions of horrible dreames troubled them sore, and terrours came vpon them vnlooked for."
            },
            {
               "verse": 18,
               "text": "And one throwen here, another there halfe dead, shewed the cause of his death."
            },
            {
               "verse": 19,
               "text": "For the dreames that troubled them, did foreshew this, lest they should perish, and not know why they were afflicted."
            },
            {
               "verse": 20,
               "text": "Yea, the tasting of death touched the righteous also, and there was a destruction of the multitude in the wildernes: but the wrath endured not long."
            },
            {
               "verse": 21,
               "text": "For then the blamelesse man made haste, and stood foorth to defend them, and bringing the shield of his proper ministerie, euen prayer and the propitiation of incense, set himselfe against the wrath, and so brought the calamity to an end, declaring that hee was thy seruant."
            },
            {
               "verse": 22,
               "text": "So hee ouercame the destroyer, not with strength of body, nor force of armes, but with a word subdued he him that punished, alleaging the oathes and couenants made with the fathers."
            },
            {
               "verse": 23,
               "text": "For when the dead were now fallen downe by heaps one vpon another, standing betweene, he staied the wrath, and parted the way to the liuing."
            },
            {
               "verse": 24,
               "text": "For in the long garment was the whole world, & in the foure rowes of the stones was the glory of the fathers grauen, and thy maiestie vpon the diademe of his head."
            },
            {
               "verse": 25,
               "text": "Vnto these the destroyer gaue place, and was afraid of them: for it was enough that they onely tasted of the wrath."
            }
         ]
      },
      {
         "chapter": 19,
         "verses": [
            {
               "verse": 1,
               "text": "As for the vngodly, wrath came vpon them without mercie vnto the end: for he knew before what they would doe;"
            },
            {
               "verse": 2,
               "text": "Howe that hauing giuen them leaue to depart, and sent them hastily away, they would repent and pursue them."
            },
            {
               "verse": 3,
               "text": "For whilest they were yet mourning, and making lamentation at the graues of the dead, they added another foolish deuice, and pursued them as fugitiues, whom they had entreated to be gone."
            },
            {
               "verse": 4,
               "text": "For the destiny, whereof they were worthy, drew them vnto this end, and made them forget the things that had already happened, that they might fulfill the punishment which was wanting to their torments,"
            },
            {
               "verse": 5,
               "text": "And that thy people might passe a wonderfull way: but they might find a strange death."
            },
            {
               "verse": 6,
               "text": "For the whole creature in his proper kind was fashioned againe anew, seruing the peculiar commandements that were giuen vnto them, that thy children might be kept without hurt."
            },
            {
               "verse": 7,
               "text": "As namely, a cloud shadowing the campe, and where water stood before drie land appeared, and out of the red Sea a way without impediment, and out of the violent streame a greene field:"
            },
            {
               "verse": 8,
               "text": "Where-thorough all the people went that were defended with thy hand, seeing thy marueilous strange wonders."
            },
            {
               "verse": 9,
               "text": "For they went at large like horses, and leaped like lambes, praising thee O Lord, who hadst deliuered them."
            },
            {
               "verse": 10,
               "text": "For they were yet mindefull of the things that were done while they soiourned in the strange land, how the ground brought forth flies in stead of cattell, and how the riuer cast vp a multitude of frogs in stead of fishes."
            },
            {
               "verse": 11,
               "text": "But afterwards they saw a new generation of foules, when being led with their appetite they asked delicate meates."
            },
            {
               "verse": 12,
               "text": "For quailes came vp vnto them from the Sea, for their contentment."
            },
            {
               "verse": 13,
               "text": "And punishments came vpon the sinners not without former signes by the force of thunders: for they suffered iustly, according to their owne wickednesse, insomuch as they vsed a more hard and hatefull behauiour towards strangers:"
            },
            {
               "verse": 14,
               "text": "For the Sodomits did not receiue those whom they knew not when they came: but these brought friends into bondage, that had well deserued of them."
            },
            {
               "verse": 15,
               "text": "And not onely so: but peraduenture some respect shall be had of those, because they vsed strangers not friendly."
            },
            {
               "verse": 16,
               "text": "But these very grieuously afflicted them, whom they had receiued with feastings, and were already made partakers of the same lawes with them."
            },
            {
               "verse": 17,
               "text": "Therefore euen with blindnesse were these stricken, as those were at the doores of the righteous man: when being compassed about with horrible great darknesse, euery one sought the passage of his owne doores."
            },
            {
               "verse": 18,
               "text": "For the elements were changed in themselues by a kind of harmonie, like as in a Psaltery notes change the name of the tune, and yet are alwayes sounds, which may well be perceiued by the sight of the things that haue beene done."
            },
            {
               "verse": 19,
               "text": "For earthly things were turned into watry, and the things that before swamme in the water, now went vpon the ground."
            },
            {
               "verse": 20,
               "text": "The fire had power in the water, forgetting his owne vertue: and the water forgat his owne quenching nature."
            },
            {
               "verse": 21,
               "text": "On the other side, the flames wasted not the flesh of the corruptible liuing things, though they walked therin, neither melted they the ycie kind of heauenly meate, that was of nature apt to melt."
            },
            {
               "verse": 22,
               "text": "For in all things, O Lord, thou didst magnifie thy people, and glorifie them, neither didst thou lightly regard them: but didst assist them in euery time and place."
            }
         ]
      }
   ]
}