{
   "book": "Zephaniah",
   "chapter-count": "3",
   "chapters": [
      {
         "chapter": 1,
         "verses": [
            {
               "verse": 1,
               "text": "The worde of the Lord which came vnto Zephaniah the son of Cushi, the son of Gedaliah, the sonne of Amariah, the sonne of Hizkiah, in the dayes of Iosiah, the sonne of Amon king of Iudah."
            },
            {
               "verse": 2,
               "text": "I will vtterly consume all things from off the land, saith the Lord."
            },
            {
               "verse": 3,
               "text": "I will consume man and beast: I will consume the foules of the heauen and the fishes of the sea, and the stumbling blocks with the wicked, and I will cut off man from off the land, saith the Lord."
            },
            {
               "verse": 4,
               "text": "I will also stretch out mine hand vpon Iudah, and vpon all the inhabitants of Ierusalem, and I will cut off the remnant of Baal from this place, and the name of the Chemarims with the priests:"
            },
            {
               "verse": 5,
               "text": "And them that worship the hoste of heauen vpon the house tops, & them that worship, and that sweare by the Lord, and that sweare by Malcham:"
            },
            {
               "verse": 6,
               "text": "And them that are turned backe from the Lord, & those that haue not sought &thorn; Lord, nor enquired for him."
            },
            {
               "verse": 7,
               "text": "Hold thy peace at the presence of the Lord God: for the day of the Lord is at hand: for the Lord hath prepared a sacrifice: he hath bid his ghests."
            },
            {
               "verse": 8,
               "text": "And it shall come to passe in the day of the Lords Sacrifice, that I will punish the princes, and the kings children, and al such as are clothed with strange apparell."
            },
            {
               "verse": 9,
               "text": "In the same day also wil I punish all those that leape on the threshold, which fill their masters houses with violence and deceit."
            },
            {
               "verse": 10,
               "text": "And it shall come to passe in that day, saith the Lord, that there shall be the noise of a cry from the fish gate, and an howling from the second, and a great crashing from the hils."
            },
            {
               "verse": 11,
               "text": "Howle yee inhabitants of Maktesh, for all the merchant people are cut downe: all they that beare siluer are cut off."
            },
            {
               "verse": 12,
               "text": "And it shall come to passe at that time, that I wil search Ierusalem with candles, and punish the men that are setled on their lees, that say in their heart, The Lord will not doe good, neither will he doe euill."
            },
            {
               "verse": 13,
               "text": "Therefore their goods shall become a booty, and their houses a desolation: they shall also build houses, but not inhabite them, and they shall plant Uineyards, but not drinke the wine thereof."
            },
            {
               "verse": 14,
               "text": "The great day of the Lord is neere, it is neere, and hasteth greatly, euen the voice of the day of the Lord: the mighty man shall cry there bitterly."
            },
            {
               "verse": 15,
               "text": "That day is a day of wrath, a day of trouble and distresse, a day of wastenesse and desolation, a day of darknesse and gloominesse, a day of cloudes and thicke darkenesse;"
            },
            {
               "verse": 16,
               "text": "A day of the trumpet and alarme against the fenced cities, and against the high towres."
            },
            {
               "verse": 17,
               "text": "And I will bring distresse vpon men, that they shall walke like blinde men, because they haue sinned against the Lord, and their blood shall bee powred out as dust, and their flesh as the doung."
            },
            {
               "verse": 18,
               "text": "Neither their siluer nor their golde shall be able to deliuer them in the day of the Lords wrath; but the whole land shall bee deuoured by the fire of his iealousie: for hee shall make euen a speedy riddance of all them that dwell in the land."
            }
         ]
      },
      {
         "chapter": 2,
         "verses": [
            {
               "verse": 1,
               "text": "Gather your selues together, yea gather together, O nation not desired."
            },
            {
               "verse": 2,
               "text": "Before the decree bring foorth, before the day passe as the chaffe, before the fierce anger of the Lord come vpon you, before the day of the Lords anger come vpon you."
            },
            {
               "verse": 3,
               "text": "Seeke ye the Lord all ye meeke of the earth, which haue wrought his iudgement, seeke righteousnesse, seeke meeknesse: it may be, ye shall be hid in the day of the Lords anger."
            },
            {
               "verse": 4,
               "text": "¶ For Gaza shall bee forsaken, and Ashkelon a desolation: they shall driue out Ashdod at the noone day, and Ekron shall be rooted vp."
            },
            {
               "verse": 5,
               "text": "Woe vnto the inhabitants of the sea coast: the nation of the Cherethites, the word of the Lord is against you: O Canaan, the land of the Philistines, I will euen destroy thee, that there shal be no inhabitant."
            },
            {
               "verse": 6,
               "text": "And the sea coast shall bee dwellings and cottages for shepheards, and foldes for flockes."
            },
            {
               "verse": 7,
               "text": "And the coast shall bee for the remnant of the house of Iudah, they shall feede thereupon, in the houses of Ashkelon shall they lie downe in the euening: for the Lord their God shall visite them, and turne away their captiuitie."
            },
            {
               "verse": 8,
               "text": "¶ I haue heard the reproach of Moab, and the reuilings of the children of Ammon, whereby they haue reproched my people, and magnified themselues against their border."
            },
            {
               "verse": 9,
               "text": "Therefore, as I liue, saith the Lord of hostes the God of Israel, surely Moab shalbe as Sodom, and the children of Ammon as Gomorrah, euen the breeding of netles, and salt pits, and a perpetuall desolation, the residue of my people shall spoile them, and the remnant of my people shall possesse them."
            },
            {
               "verse": 10,
               "text": "This shall they haue for their pride, because they haue reproched and magnified themselues against the people of the Lord of hostes."
            },
            {
               "verse": 11,
               "text": "The Lord will be terrible vnto them: for he will famish all the gods of the earth, and men shall worship him, euery one from his place, euen all the Iles of the heathen."
            },
            {
               "verse": 12,
               "text": "¶ Ye Ethiopians also, ye shalbe slaine by my sword."
            },
            {
               "verse": 13,
               "text": "And he wil stretch out his hand against the North, and destroy Assyria, and wil make Nineueh a desolation, and dry like a wildernes."
            },
            {
               "verse": 14,
               "text": "And flocks shall lie downe in the midst of her, all the beasts of the nations: both the Cormorant, and the Bitterne, shall lodge in the vpper lintels of it: their voice shal sing in the windowes, desolation shall be in the thresholds: for he shall vncouer the Cedar worke."
            },
            {
               "verse": 15,
               "text": "This is the reioycing citie that dwelt carelessely, that said in her heart, I am, and there is none beside me: how is shee become a desolation, a place for beasts to lie downe in! euery one that passeth by her, shall hisse and wagge his hand."
            }
         ]
      },
      {
         "chapter": 3,
         "verses": [
            {
               "verse": 1,
               "text": "Woe to her that is filthie and polluted, to the oppressing citie."
            },
            {
               "verse": 2,
               "text": "She obeyed not the voice: she receiued not correction: she trusted not in the Lord: she drew not neere to her God."
            },
            {
               "verse": 3,
               "text": "Her princes within her are roaring lyons; her Iudges are euening wolues, they gnaw not the bones till the morrow."
            },
            {
               "verse": 4,
               "text": "Her prophets are light and treacherous persons: her priests haue polluted the Sanctuarie, they haue done violence to the Law."
            },
            {
               "verse": 5,
               "text": "The iust Lord is in the middest thereof: he will not doe iniquitie: euery morning doeth hee bring his iudgement to light, he faileth not: but the vniust knoweth no shame."
            },
            {
               "verse": 6,
               "text": "I haue cut off the nations: their towres are desolate, I made their streetes waste, that none passeth by: their cities are destroied, so that there is no man, that there is none inhabitant."
            },
            {
               "verse": 7,
               "text": "I said, Surely thou wilt feare mee: thou wilt receiue instruction: so their dwelling should not bee cut off, howsoeuer I punished them: but they rose early, & corrupted all their doings."
            },
            {
               "verse": 8,
               "text": "¶ Therefore waite ye vpon mee, sayth the Lord, vntill the day that I rise vp to the pray: for my determination is to gather the nations, that I may assemble the kingdomes to powre vpon them mine indignation, euen all my fierce anger: for all the earth shalbe deuoured with the fire of my iealousie."
            },
            {
               "verse": 9,
               "text": "For then will I turne to the people a pure language, that they may all call vpon the Name of the Lord, to serue him with one consent."
            },
            {
               "verse": 10,
               "text": "From beyond the riuers of Ethiopia, my suppliants, euen the daughter of my dispersed shal bring mine offring."
            },
            {
               "verse": 11,
               "text": "In that day shalt thou not be ashamed for all thy doings, wherein thou hast transgressed against me: for then I will take away out of the midst of thee them that reioyce in thy pride, and thou shalt no more be haughty because of mine holy mountaine."
            },
            {
               "verse": 12,
               "text": "I will also leaue in the middest of thee an afflicted and poore people: and they shall trust in the Name of the Lord."
            },
            {
               "verse": 13,
               "text": "The remnant of Israel shall not doe iniquitie, nor speake lies: neither shall a deceitful tongue be found in their mouth: for they shall feede, and lie downe, and none shall make them afraid."
            },
            {
               "verse": 14,
               "text": "¶ Sing, O daughter of Zion: shout, O Israel: be glad and reioyce with all the heart, O daughter of Ierusalem."
            },
            {
               "verse": 15,
               "text": "The Lord hath taken away thy iudgements, he hath cast out thine enemy: the King of Israel, euen the Lord is in the middest of thee: thou shalt not see euill any more."
            },
            {
               "verse": 16,
               "text": "In that day it shall be said to Ierusalem, Feare thou not: and to Zion, Let not thine hands be slacke."
            },
            {
               "verse": 17,
               "text": "The Lord thy God in the midst of thee is mightie: hee will saue, he will reioyce ouer thee with ioy: hee will rest in his loue, hee will ioy ouer thee with singing."
            },
            {
               "verse": 18,
               "text": "I will gather them that are sorrowfull for the solemne assembly, who are of thee, to whom the reproch of it was a burden."
            },
            {
               "verse": 19,
               "text": "Behold, at that time I will vndoe all that afflict thee, and I will saue her that halteth, and gather her that was driuen out, and I will get them praise and fame in euery land, where they haue beene put to shame."
            },
            {
               "verse": 20,
               "text": "At that time will I bring you againe euen in the time that I gather you: for I will make you a name and a praise among all people of the earth, when I turne backe your captiuitie before your eyes, saith the Lord."
            }
         ]
      }
   ]
}